cell_load,shadow_fading,hw_impairment,traffic_burst,snr,doppler,delay_spread,eps_sinr,eps_sched,eps_queue,sinr_eff,mcs_idx,mod_order,code_rate,bler,se_phy,num_prb,harq_retx,mac_tput,queue_dep,pkt_loss,rtt_ms,goodput,regime
0.42454802688998333,-4.622100812153923,2.153991026651571,1.4422741026508383,5.3806498704654775,133.45800289532124,279.21395794289316,0.2932911686667409,2.0,-0.07503753083264791,-7.970810606331927,0,2.0,0.3,1.0,0.6,77.0,3.0,7.411655894502535,1.464599048218415,1.0,27.130325888317696,0.0,obs
0.5275889398014816,4.07295307514955,0.8328601114191361,1.140155332070086,15.031437472000079,114.14595492664998,296.3793204989646,0.09790919394073055,-2.0,0.14984202756503232,8.361648932626567,3,4.0,0.37,0.08066483451281237,1.48,67.0,0.08769652123748096,21.409131339627137,0.20047272295473464,4.233864830216483e-05,1.9931688578340072,21.408224905944895,obs
0.6371801791482613,3.3362207712678593,-2.5672097395956888,0.4924734896998998,7.721256332391803,64.63826188045059,205.95866490600037,-0.8557696875916116,0.0,-0.02065992605674966,-2.2725203399462224,0,2.0,0.3,1.0,0.6,63.0,3.0,4.771775485761704,4.423913318484842,1.0,31.434783008705224,0.0,obs
0.5172549096186969,0.10276097922797901,-0.3228666848642321,0.654104489001154,26.32432227522231,181.9459613857663,218.97903741538568,0.9502701277170549,5.0,0.07044116685560985,16.649671023541554,7,6.0,0.55,0.04621939760170274,3.3000000000000003,74.0,0.04845436570557586,50.09007511069462,0.0748706456421749,4.563490211162424e-06,1.496537682942316,50.08984652512718,obs
0.6813510959767244,-5.529904477073221,2.673440689057068,1.6821005807334457,2.1040822235122567,23.619265332047412,116.89387581807904,-0.7193875636200997,3.0,-0.24787565179008345,-17.00927707004119,0,2.0,0.3,1.0,0.6,63.0,3.0,6.206268006542586,5.5563900477556345,1.0,33.08202188764456,0.0,obs
0.7639784028085683,0.909508979162517,-0.3206952927749341,1.1493907753741959,5.723115181321161,143.84020023225003,261.43282077116226,0.20974863615485748,3.0,0.056831130896587916,-8.293697458039885,0,2.0,0.3,1.0,0.6,58.0,3.0,4.959184786220717,10.430082878648696,1.0,40.17102964167083,0.0,obs
0.5206275680088928,-0.4885915003349652,-2.7007180376012707,0.7679486457557302,8.408372180169096,146.93537403940738,88.80555050948502,0.19497997209887385,6.0,-0.016135270436911372,-2.275362803580753,0,2.0,0.3,1.0,0.6,75.0,3.0,5.637179811885102,6.914601257508547,1.0,35.05760182910334,0.0,obs
0.2955913181566335,-9.334320231139408,2.8395733281338154,0.9426769453220203,7.172874501423071,183.4886728995425,58.72277531396124,0.13781839116453856,-2.0,-0.04814400228905088,-8.362520274100813,0,2.0,0.3,1.0,0.6,80.0,3.0,7.9387206602616835,0.688310108936368,1.0,26.001178340271082,0.0,obs
0.6521575303842132,-10.3026864592693,1.023588764719189,1.004595846619805,7.870239351072468,106.12321550851395,292.77911732636574,-0.24728844108080375,-3.0,0.018095995742113173,-15.729811889540283,0,2.0,0.3,1.0,0.6,59.0,3.0,5.389288237135257,9.084573511485846,1.0,38.21392510761578,0.0,obs
0.8329942401961031,3.9560736516683863,-0.10501928821920059,1.290288081154035,19.05723773159064,67.71635595275295,263.3174427415437,0.41362632557025114,-2.0,-0.04958252538120278,7.3155374382391605,2,2.0,0.59,0.0546875,1.18,49.0,0.05784177780151367,11.974547373660096,0.20213505559359057,8.944422006607056e-06,1.7567488487300593,11.974440268255048,obs
0.3419370070961287,-18.213218205361823,-0.5571266041231029,0.6246796991361998,10.515314036141879,166.409430622704,111.98418632529601,-0.7801837369715477,-1.0,-0.2123874919888356,-15.77335926898822,0,2.0,0.3,1.0,0.6,79.0,3.0,6.673598682157194,0.9939618061655076,1.0,26.44576262714983,0.0,obs
0.5310276909119414,1.4378736887288197,1.6235278946876033,0.7472814978987342,17.990633929487704,155.30800495731657,212.29609342288327,-0.03291439433696146,-8.0,0.09222479411719374,8.503809592023241,3,4.0,0.37,0.0717797933005202,1.48,61.0,0.0773019658355712,20.262853273765195,0.13000886174559326,2.654659435019635e-05,1.8075195255872507,20.26231536401896,obs
0.8364346205068861,-3.346581404276771,-0.8129751003392888,1.099169227933658,25.146706274803574,102.56154481179672,156.09495650156387,-0.28193733827622924,-1.0,0.024301756134819306,5.410512670502267,1,2.0,0.44,0.03125,0.88,50.0,0.032257080078125,8.821721059247992,0.5916418335103939,9.5367431640625e-07,2.118626580276482,8.821712646199192,obs
0.4582541724849276,9.15772624815937,1.7223846367739823,0.9660074687694749,17.666475903668253,154.73218824859316,117.24461565927714,-0.33864897103351577,-2.0,-0.031394245474785185,17.114759271915414,7,6.0,0.55,0.026695590639452038,3.3000000000000003,71.0,0.027427269933431368,53.221367044137644,0.0,5.078765212829239e-07,1.219418159467451,53.22134001425489,obs
0.7213404387038229,-3.4542774640771303,0.813292928586384,1.2190816529651043,20.057852573445917,57.23574240506586,107.42903690527962,0.21437389372677287,3.0,-0.09661853720724374,3.0863093587684287,0,2.0,0.3,0.02934397924921403,0.6,61.0,0.030230315561728296,7.962442400494391,0.8437883351668602,7.414400262639731e-07,2.4691710120092596,7.962436496820888,obs
0.4055754315736055,4.6163894997632715,0.3670228882310249,0.6531726065317993,11.50308575375529,119.95373442867624,66.72741020964475,0.5387392713598416,1.0,-0.1469857516107135,8.494260186681347,3,4.0,0.37,0.07237663113438864,1.48,77.0,0.07799414392939796,24.088952661451614,0.0,2.7440590811167453e-05,1.6239531514351837,24.088291646358563,obs
0.29247910194748505,-2.7783968886645414,0.21827220800339303,1.1316910318093871,6.1532001581904385,173.71077368363572,178.3158822144766,-0.17162788091843303,-2.0,0.022389270706805763,-3.3784638533332916,0,2.0,0.3,1.0,0.6,81.0,3.0,7.115437453616641,1.5115154696855582,1.0,27.198567955906267,0.0,obs
0.404779276270183,0.7962370744030042,-0.2624520550712672,1.4595609304086898,10.335185623697559,67.00697840021994,150.5811063317271,0.3903405449628887,2.0,0.1613440960225359,3.3356710204951128,0,2.0,0.3,0.01682624392088393,0.6,78.0,0.017114130293352445,9.674196241892895,0.7080199063640273,8.01583411869089e-08,2.1667601788763142,9.674195466425372,obs
0.6127792309545441,5.157855716440358,1.5684601803138987,1.1836926203260516,27.07134886630681,99.29224657399493,168.29033348098497,0.02487033272229924,2.0,0.02031664767410382,20.157087936484317,9,6.0,0.75,0.09498243451668087,4.5,66.0,0.10486099688586582,66.21966407407076,0.024769291840992698,8.1390400880621e-05,1.8749160359465522,66.2142744290656,obs
0.5286550264381275,-3.237890014272061,-1.2980142481527512,1.0493697231152368,18.167095995781565,190.45374656371342,88.14643521943921,-0.4463661046190043,-2.0,-0.1382761606092826,3.833152799290631,0,2.0,0.3,0.0078125,0.6,67.0,0.007874011993408203,7.884795439775969,0.7058013898809523,3.725290298461914e-09,2.0896122994104687,7.884795410402817,obs
0.6926497592046034,6.975884191488828,-2.432887690245314,0.9673305086803164,9.215289105284395,160.65130918448864,283.42488110877684,-0.12897604662053191,-2.0,0.022511672703840257,2.127863447734973,0,2.0,0.3,0.3574400543990318,0.6,57.0,0.53087120084921,5.8430629534246,7.321385915641566,0.2201056146879643,15.89625821136323,4.556971990400607,obs
0.32330718717516144,-6.955885139745382,0.921660184338712,0.7488617269871145,13.7237969462147,177.97260896445778,202.4196230092462,-0.14974294539580746,-7.0,-0.005334296224672793,-0.5774525741935485,0,2.0,0.3,1.0,0.6,74.0,3.0,6.726674467543935,1.3673393057940628,1.0,26.98885717206409,0.0,obs
0.6948418145645816,2.0621498979086534,0.9468574921007216,0.9753674140595865,23.723338973205852,80.12317687363704,272.8921774935009,-0.3483299562527233,-4.0,0.08640436260742304,11.746010925551252,4,4.0,0.48,0.015625,1.92,55.0,0.015872955322265625,23.17070744662843,0.12243487139528814,5.960464477539063e-08,1.3050707282439986,23.170706065546643,obs
0.3863038843541963,6.458478059514969,0.72036172876765,1.5470887018998942,19.379532838350112,199.31852562873897,59.503214828843966,0.21424146432791688,-2.0,0.060673317741172655,18.038507456008233,8,6.0,0.65,0.0625,3.9000000000000004,75.0,0.066650390625,63.00748988748245,0.06713125777154673,1.52587890625e-05,1.6308485908495225,63.0065284694849,obs
0.6463268067013078,4.620262442532344,0.6115925544270582,0.9596058188597986,16.576973858958375,34.75029291334353,198.1697607811672,0.11732309385237963,0.0,-0.29858225341099237,8.835079089194958,3,4.0,0.37,0.05107544972728795,1.48,62.0,0.053817391897761385,19.699828188250528,0.0,6.80532385444188e-06,1.430539135182091,19.699694124539832,obs
0.6313480411353045,13.415114137147873,-0.4808105675063218,0.7347410581596413,25.01423479247987,106.16026372718025,259.35469103392353,-0.795324849134709,-3.0,0.05452422044284569,25.009712788451886,10,6.0,0.85,0.0234375,5.1,60.0,0.023999691009521484,62.490193845091085,0.057644673737605776,3.0174851417541504e-07,1.2758443262399621,62.49017498876794,obs
0.1925744922823252,-5.344075221174624,1.1812240565782879,0.8432267363321729,19.48342887763655,98.45830954776864,119.348610549906,-0.8257629976196789,-2.0,-0.10034794095040839,8.89954158569131,3,4.0,0.37,0.04704654369626593,1.48,86.0,0.04936405272065708,28.099370258941537,0.0,4.899038956063251e-06,1.3949124217652566,28.099232599031996,obs
0.6939274462573918,-9.654044759440115,-0.06833719013181132,1.0720541601704434,18.71097300056848,160.69427720602621,82.68865566671633,0.2123422266028772,-4.0,-0.1421728741448699,-4.260357841550714,0,2.0,0.3,1.0,0.6,55.0,3.0,4.762980112840915,9.533115921393373,1.0,38.86635043111763,0.0,obs
0.470119018872768,-6.960345759465836,-0.7306703412227671,0.8786320724281415,6.933971567479971,182.18046564042734,101.55575256751732,-0.4076432143972673,1.0,-0.01884734103735637,-10.048940389234719,0,2.0,0.3,1.0,0.6,73.0,3.0,6.111699800049412,3.5358455273664777,1.0,30.143048039805784,0.0,obs
0.8764280262368688,4.623097965839059,-0.46783696838309985,1.1830714597031367,4.7661057583226025,147.57217849707166,103.69210622244573,0.151020577550162,1.0,0.04109711090300116,-7.299960798041323,0,2.0,0.3,1.0,0.6,50.0,3.0,4.243194037902982,10.7183170347238,1.0,40.59027932323462,0.0,obs
0.39650959834079696,3.48546053988565,3.030959548163748,1.1985570699919463,27.093695043492374,127.22916604540904,150.7437205293545,0.39046578905459417,1.0,-0.16407346102868245,22.709889161696925,10,6.0,0.85,0.09375,5.1,78.0,0.103363037109375,94.72928888634947,0.0,7.724761962890625e-05,1.826904296875,94.72197127427386,obs
0.8180428135274217,0.7157966175319104,-2.602464123068149,1.3606367750362114,17.57031762260917,88.34869221545823,118.01017275041953,-0.6354764187027796,0.0,0.07045764170575515,2.019405987768283,0,2.0,0.3,0.4608078120015181,0.6,52.0,0.7710013517219714,5.1086198337003745,12.35020453640755,0.5421247625121042,25.131944684914025,2.339110519590934,obs
0.3156536222573811,-7.860699343749909,0.7496821564436983,1.6374423252928696,12.807768637807156,104.51355382976816,103.24399963115765,-0.7057686272880925,-5.0,0.07633388475316,-2.3658478673670054,0,2.0,0.3,1.0,0.6,76.0,3.0,6.851688149313959,2.750493347236849,1.0,29.000717595980873,0.0,obs
0.15889580362574163,5.368071053303425,-2.5186656414355757,1.41195544149004,17.314541343665656,104.31356107884025,205.09832056938723,0.8372158411976476,-2.0,0.004697619629949775,19.500601595245044,8,6.0,0.65,0.022475790285561736,3.9000000000000004,88.0,0.022992305330566738,62.77922064310658,0.010636483282228474,2.551877864576113e-07,1.199409691055048,62.77920462261623,obs
0.719580445940483,-8.572933443553783,-0.16235000748445985,0.7235179631410852,3.6071109878646,8.971852368453645,44.318740351408806,0.1757853914812295,-1.0,-0.08676236302270486,-18.016166317924462,0,2.0,0.3,1.0,0.6,57.0,3.0,4.912896629180916,6.442987254325583,1.0,34.371617824473574,0.0,obs
0.15551094837591006,8.112647076638298,-0.6504412277312815,0.7312546557843587,23.375309121506778,103.09393194139714,121.89822009772709,-0.20962032833663546,-1.0,-0.0979378004189292,27.508105993246136,11,6.0,0.93,0.046875,5.58,89.0,0.049175262451171875,100.15966107055817,0.0,4.827976226806641e-06,1.393402099609375,100.15917750209564,obs
0.22348542645958458,20.002068961979056,-3.1275424450198166,0.9740934753117019,7.632783924672735,171.91430603395435,216.23303080392822,-0.4669702263231318,0.0,0.10259321315802275,21.759173729125447,9,6.0,0.75,0.0390625,4.5,87.0,0.04064798355102539,68.93812552527629,0.10596209830610877,2.3283064365386963e-06,1.4793105568534521,68.93796501619491,obs
0.8282900010025822,2.5651580260008533,0.5835563856506445,0.8553096358838023,22.91819616426662,143.3084321727384,77.4794323058716,-0.2552204244536398,5.0,-0.1511222686495905,9.346459850509694,3,4.0,0.37,0.029088326072558457,1.48,56.0,0.029959069312362155,17.83249735540615,0.0,7.159371846476859e-07,1.2396725544988971,17.8324845884582,obs
0.464758051250646,4.081756949604202,-0.5700570932882938,0.6741329412276507,15.893839524853876,160.16318131437595,89.65052279748635,-0.5952861680566551,3.0,0.10644704608191785,9.955619642378304,3,4.0,0.37,0.0100520825766644,1.48,76.0,0.010154142647084603,22.91264103671655,0.13200353183987087,1.020996354128556e-08,1.2732382783983074,22.912640802779322,obs
0.6096307263729535,-3.4500183822689157,-3.148809513841866,0.8581241218821025,9.190872355079472,81.14457300486158,84.17998886148771,0.4417060870452951,-3.0,-0.01651991591304367,-5.571810335393536,0,2.0,0.3,1.0,0.6,61.0,3.0,4.466146554365911,7.728050284072925,1.0,36.24080041319698,0.0,obs
0.6739276236229873,-12.671493247607714,1.2593521361613782,0.8484228683501165,2.7854586542938318,108.14978119802682,30.25004881747933,-0.3883755768031604,2.0,-0.009583449964285713,-23.086431981596693,0,2.0,0.3,1.0,0.6,62.0,3.0,5.726829616816989,7.647432936895508,1.0,36.12353881730256,0.0,obs
0.683622942576353,-4.219035541211556,2.1525092669834023,0.7923636139180769,23.21166723849175,11.529295954434593,157.91729299452464,0.5467672941081335,2.0,-0.1708087705413325,6.608711262289315,1,2.0,0.44,0.0078125,0.88,62.0,0.007874011993408203,12.675758148116879,0.0,3.725290298461914e-09,1.0629920959472656,12.675758100896,obs
0.45494650639810147,-7.6502666876912455,2.235186513444858,0.8963783523376992,6.587963678201973,79.68459872302199,40.51887314235326,-0.20031445988500562,-3.0,-0.01467166301285866,-10.070693527818138,0,2.0,0.3,1.0,0.6,70.0,3.0,6.762563622364953,1.5732245282105297,1.0,27.288326586488044,0.0,obs
0.09733647038710476,-10.12903203490511,0.5384346609772067,1.5041490896852763,3.34693300663671,97.51112875406558,103.69374917922303,-0.5216750918086573,3.0,0.061358551601137595,-9.957358242522517,0,2.0,0.3,1.0,0.6,97.0,3.0,8.655887876774601,0.8941822624727703,1.0,26.30062874541494,0.0,obs
0.2758610892407972,12.056519593969545,0.06908720786567324,1.0714555830853656,21.6528210014729,54.76573542182092,298.5969246398323,-0.2131507940069007,-1.0,-0.1336410087851981,27.41767491377157,11,6.0,0.93,0.046875,5.58,83.0,0.049175262451171875,96.8807485835254,0.0,4.827976226806641e-06,1.393402099609375,96.8802808455744,obs
0.3426582109703955,1.910037626180411,1.9922349313436953,2.3543384646294157,11.10112378169745,11.091990903176715,277.96697707538095,-1.3120833887507084,-5.0,0.04986358672518455,4.688048739699043,1,2.0,0.44,0.05073514553789904,0.88,75.0,0.05343979558533066,15.119421984389065,0.294702315670807,6.625759105705065e-06,1.8561762783856373,15.11932180674118,obs
0.8093970752951994,2.6578130642978857,2.5235753780101478,1.060845008374612,12.1226841453829,139.62958121189567,88.07046820221024,-0.06038428833700346,1.0,0.008901225367902268,-0.8439467715735304,0,2.0,0.3,1.0,0.6,54.0,3.0,5.284496788689002,9.583027425948766,1.0,38.9389489831982,0.0,obs
0.8048636354134415,-2.163156556373747,1.7003530543134375,0.904401634233375,8.423757269298694,89.84211141552443,113.70065661676183,-0.08505959556507929,1.0,-0.06437556138323068,-9.212640882076064,0,2.0,0.3,1.0,0.6,54.0,3.0,5.091351799363746,8.09784918757297,1.0,36.77868972737887,0.0,obs
0.18679873701584127,-1.2100975771040545,-1.4123064033447017,1.001432697880387,24.338640446119324,86.05724765688566,155.2002372125089,0.4123713732739838,-1.0,0.08546730864913044,19.19001181287593,8,6.0,0.65,0.02732875563507914,3.9000000000000004,88.0,0.0280960272982486,66.70150554680544,0.08917769734612367,5.578011809115324e-07,1.3544812327076232,66.70146834062687,obs
0.43667188660134065,6.7518547756753335,0.30201727982238286,1.0929182668604398,9.730567678769834,53.74741703555924,257.99165759799575,-0.9431524639916897,-0.0,-0.22022567689785563,6.632924557670546,1,2.0,0.44,0.0078125,0.88,74.0,0.007874011993408203,13.86533096790128,0.0,3.725290298461914e-09,1.0629920959472656,13.865330916248896,obs
0.9113551097339426,-0.22635983086650807,0.6592742164371429,1.1627366336621894,7.46500681352662,109.87692780461333,246.7144041761346,0.5809331804317739,-2.0,0.0346680748743709,-9.837082710297594,0,2.0,0.3,1.0,0.6,45.0,3.0,4.039244303696504,10.52836619367562,1.0,40.3139871908009,0.0,obs
0.5086941191855525,3.714857566173129,-2.714425453375844,2.053188407879673,10.04049288474006,90.41522234779264,64.08518787289619,0.410299647498828,2.0,0.16194351580732924,4.258803540314639,0,2.0,0.3,0.005707926338261879,0.6,72.0,0.00574069272799993,7.833990734302773,1.8603514335152795,1.0614840117995072e-09,3.7518912633007697,7.8339907259871175,obs
0.6486668556742421,-1.372030084915111,0.7040409894311612,0.7461507668940213,7.281888954352321,97.42697224067274,63.60118905405508,0.6260217818493313,-0.0,0.14399431391006617,-5.914855595661316,0,2.0,0.3,1.0,0.6,62.0,3.0,5.5772402830840075,6.8780049851286025,1.0,35.004370887459785,0.0,obs
0.6505753965613839,-2.3950702351243303,3.4094877389690836,1.3465991740390097,10.259035740935394,118.26991294509449,142.51770855139205,-0.026360688002068706,1.0,0.03898067205385225,-4.947044997834638,0,2.0,0.3,1.0,0.6,63.0,3.0,6.407741850756433,3.540579283421019,1.0,30.149933503157847,0.0,obs
0.6253755709493063,-9.848399159213034,0.9599042487011871,1.074619792983397,4.156341794572499,6.2333062117483955,264.92575519571847,0.5069484170513777,1.0,-0.030168077613084588,-17.23252848968615,0,2.0,0.3,1.0,0.6,64.0,3.0,5.828298891776771,8.464354724845588,1.0,37.311788690684494,0.0,obs
0.4225386951198505,-13.844243436569897,2.2101196221626345,0.5802801802080826,6.121780757105917,182.0007011899924,268.16294975578563,-0.7356220174534526,-4.0,-0.0635802556547631,-17.563768363098564,0,2.0,0.3,1.0,0.6,71.0,3.0,6.851438970340239,0.8843030814266187,1.0,26.286259027529628,0.0,obs
0.1926230558708774,-1.8309333074648126,0.2743720951930576,1.3060115695522048,12.843374968299845,18.862042404290847,58.98877941536315,0.3565237826022665,-3.0,-0.030292579390564206,7.509536419187362,2,2.0,0.59,0.0546875,1.18,85.0,0.05784177780151367,21.168293215164244,0.029264703286972588,8.944422006607056e-06,1.5053010635567967,21.168103877016566,obs
0.6631141398677639,0.39547684395262883,-0.10982748597573222,1.5513378418632253,24.866138245336785,92.93032572661893,185.06026775069893,-0.38558138104997264,-7.0,0.05438072479179062,11.861432438033944,4,4.0,0.48,0.015625,1.92,54.0,0.015872955322265625,21.601804733455207,0.12183930214783176,5.960464477539063e-08,1.304204445702244,21.60180344588731,obs
0.7028067938702228,-9.002910256961536,0.5719070851214633,0.743092596784512,3.489559414779432,45.437710671679376,72.03230322378049,-0.8257009162114681,2.0,-0.08072438054594162,-19.572846542265296,0,2.0,0.3,1.0,0.6,61.0,3.0,5.452264753663571,6.625686305434273,1.0,34.63736189881349,0.0,obs
0.18796733394418452,-0.24132405524243017,-1.2237399719766489,0.9969100012840109,7.529542375760797,107.13756202712568,215.25491370075136,-0.5620702590821803,-4.0,0.0757423818050381,2.1548339107981938,0,2.0,0.3,0.3435334093820587,0.6,85.0,0.5020907779134682,9.350469564390359,0.4945400167702037,0.013927588224494247,5.736057156791679,9.220240074591864,obs
0.8933134733119081,0.3762679409335142,-1.445662780851583,0.5500862204592242,25.616987564081505,59.644871215441874,277.43697694080475,0.0027655693146352864,0.0,0.21331605180033242,8.812451144628339,3,4.0,0.37,0.05248969626270161,1.48,48.0,0.05538948241914471,13.726009732294397,0.28700334912922143,7.5909518860717284e-06,1.860575276268389,13.725905538814931,obs
0.041932085260499914,-15.092056042415654,1.8994568357540484,0.646576764637616,25.140381528157963,172.70126712220775,152.78770896841027,-0.4121496041088017,1.0,-0.0061883235127395035,7.622567117598061,2,2.0,0.59,0.0546875,1.18,98.0,0.05784177780151367,26.36203443835242,0.01159364742281058,8.944422006607056e-06,1.4795977095725612,26.361798645191453,obs
0.06429479884437699,-6.4058726163565085,2.0585135142997775,1.4377050043652162,19.665721665694473,82.29016762267194,52.4323491668539,0.18803676584789997,2.0,-0.13443948032833053,11.61419342080601,4,4.0,0.48,0.015625,1.92,98.0,0.015872955322265625,43.47704759482926,0.0,5.960464477539063e-08,1.126983642578125,43.47704500339528,obs
0.19673042491623402,2.8508472561482794,-1.4866594733810257,0.8508057671480574,8.252312406476188,129.55733337484529,186.39863289152728,-0.9041187775020086,-4.0,-0.13447447463164128,5.4512561338728185,1,2.0,0.44,0.03125,0.88,84.0,0.032257080078125,14.300122354353876,0.0,9.5367431640625e-07,1.258056640625,14.300108716694465,obs
0.37391779415779514,2.709411105770207,1.4519982068307966,0.6810628967937966,12.915074587450428,53.531546988836396,140.29950093668077,-1.0635487718079308,-0.0,0.07765655517115755,7.015215603330052,2,2.0,0.59,0.056638608577027544,1.18,78.0,0.06002823336241356,20.546633391440416,0.11097637105958173,1.0290827598180563e-05,1.6416460429859727,20.546421949578463,obs
0.5212155232033323,-8.075724414798325,-0.13043996340903136,1.0827319190926619,7.491745855387091,8.784199346333413,248.94266313016928,0.686193717071788,5.0,-0.005974617896044362,-10.061594771041225,0,2.0,0.3,1.0,0.6,74.0,3.0,6.388406130385317,2.8794667832621967,1.0,29.18831532110865,0.0,obs
0.45759761168725943,1.1091363534981447,0.5097128617356459,0.8344612476639862,5.343301237255284,83.81013444458884,121.89300526012468,0.4519000647007172,6.0,0.0876830896064053,-2.231473187160822,0,2.0,0.3,1.0,0.6,79.0,3.0,7.039782131921263,1.252031787411193,1.0,26.821137145325373,0.0,obs
0.5192774386579052,7.156850577523305,0.6903279591525951,0.8495084367287679,11.87995825736118,109.61486546386658,266.2222441275991,-0.5246484179569038,3.0,-0.05336342491593496,7.882208235416922,2,2.0,0.59,0.0546875,1.18,72.0,0.05784177780151367,18.29866368000433,0.0014995151743793442,8.944422006607056e-06,1.4649153353930249,18.29850000903422,obs
0.3676782071960843,5.439510712936288,1.4915257021864776,1.291894890521397,16.971361731829106,94.61169449604131,103.89911006139191,-0.001499821735269757,1.0,0.08306235475398316,14.899723498899803,6,4.0,0.74,0.07406409605969952,2.96,79.0,0.07995586426721567,52.14319969747209,0.09109644214062904,3.0090604107191332e-05,1.7721508299786404,52.14163067709311,obs
0.843041345493028,-0.6670005090975419,0.12407730279478331,0.6686889728386162,11.358249562084936,192.5928009446777,72.5297616899452,0.5097535301006619,-3.0,-0.015829917344972546,-5.062926872781847,0,2.0,0.3,1.0,0.6,48.0,3.0,4.196911018182857,6.019088062523532,1.0,33.75503718185241,0.0,obs
0.35235440467169676,-3.2758341932700468,2.115242992952904,0.7307910440454968,17.881438312115215,142.83363889997554,112.74970187601657,0.20960030414530273,2.0,-0.07325040553239491,7.397178151304968,2,2.0,0.59,0.0546875,1.18,81.0,0.05784177780151367,22.00372651630341,0.0,8.944422006607056e-06,1.4627342224121094,22.00352970568773,obs
0.42716478390527324,-4.405411390341531,0.4641192596398871,1.0548249984964804,9.702623119861942,199.15561112195206,39.42726379214156,0.0741115480917392,-1.0,-0.04009984788023845,-3.2998959724019286,0,2.0,0.3,1.0,0.6,74.0,3.0,6.579567171616631,2.205998675063778,1.0,28.208725345547315,0.0,obs
0.22948346854195367,3.2747384803675996,0.9362764087042988,1.3990779355681238,10.992113721780548,62.53671761122453,105.93641105604516,0.5475770406562985,2.0,-0.11970543554232366,9.916464404048227,3,4.0,0.37,0.011275683774479295,1.48,88.0,0.011404258421274814,28.581883436699467,0.0,1.6164845240140835e-08,1.0912340673701986,28.581882974677743,obs
0.49162909935838645,1.365727812000216,-1.2498938873058698,1.5355848373677998,22.55751338275985,158.8653895233936,208.23176114814828,-0.3653562376006102,-2.0,0.19893595585816115,13.372853912593472,5,4.0,0.6,0.021549562909746023,2.4,69.0,0.022023953836277057,32.495333151170186,0.22541239118472264,2.1565218510932738e-07,1.5040641996861768,32.49532614348059,obs
0.760500929832203,4.405828042715402,3.237988516057251,0.7942284505944458,24.836183003240308,113.3339011715897,68.41640421027994,0.01558922433231435,-1.0,-0.009638181355848707,14.721213844025652,6,4.0,0.74,0.078125,2.96,54.0,0.08470535278320312,38.51146184204017,0.0,3.725290298461914e-05,1.677642822265625,38.510027178288375,obs
0.8843269255918986,0.9231166918480639,0.7047373848074496,1.383638891369021,10.372886119807355,124.29326911745738,60.06854265237875,-0.008924319146195818,1.0,0.0644514088682196,-5.484975256021767,0,2.0,0.3,1.0,0.6,49.0,3.0,4.407967193579351,12.551792403473621,1.0,43.25715258687072,0.0,obs
0.6230198577254884,5.731347652432093,1.0694961380176489,0.7621324964685434,16.859410834977183,197.2413740862539,65.7440286386746,-0.13638102383552128,1.0,-0.05368691328707993,10.162619794888153,4,4.0,0.48,0.09253376619419271,1.92,64.0,0.10188858425770315,26.775489194096792,0.0,7.331637004914793e-05,1.8151086740616251,26.77352611242279,obs
0.5555353745575902,0.6621477307039011,-2.4122787168173123,1.8825316152115084,9.23221938119897,132.52750395146782,50.938952050595915,-0.19490275571037605,2.0,-0.10519278219798232,-1.1464591370066641,0,2.0,0.3,1.0,0.6,69.0,3.0,5.27267754606863,16.884655045085864,1.0,49.55949824739762,0.0,obs
0.40711896189738855,5.492821012921805,-1.2340530346186516,0.6751976581843385,3.386700684393116,180.26929400569898,266.1515611975937,0.03643411891424537,-2.0,-0.02338805109179352,0.09543127671221857,0,2.0,0.3,1.0,0.6,74.0,3.0,6.033575500179851,3.1487762906789185,1.0,29.58003824098752,0.0,obs
0.6304252784417221,6.095759392566473,1.8568255318780957,1.5843885490254532,21.184286715370607,146.52129577025318,284.9110811840626,0.01720374799276377,-4.0,0.11011925333791986,14.520928622131686,6,4.0,0.74,0.078125,2.96,59.0,0.08470535278320312,39.576447571300555,0.1278883747846947,3.725290298461914e-05,1.8636622764979083,39.5749732337387,obs
0.3471668702632309,-5.631686411573694,0.4303366774389071,0.7965913568890689,6.446090564139909,29.84029373632626,42.571510966772294,-0.5242138212672629,5.0,-0.05207317913982837,-6.351856708745875,0,2.0,0.3,1.0,0.6,84.0,3.0,7.456368392897013,0.7738753396987303,1.0,26.125636857743608,0.0,obs
0.6219716795022334,-12.657008328095221,-2.870669602243389,2.0085418872126586,13.068525617419846,141.38762351285095,235.21938101675588,0.40089795495022373,8.0,-0.08705319727294154,-11.716793065523426,0,2.0,0.3,1.0,0.6,71.0,3.0,5.284103094425195,18.040037334821285,1.0,51.2400543051946,0.0,obs
0.5032663998613672,10.804449992101873,1.5574348934757285,1.2273280742770571,14.663182827858076,99.44153979366898,229.0309716136434,-0.48819260388312913,1.0,0.01554642443691435,14.73537269902828,6,4.0,0.74,0.078125,2.96,71.0,0.08470535278320312,46.97352409129155,0.025075087459311675,3.725290298461914e-05,1.7141156767518966,46.97177419115573,obs
0.593552262277861,1.796611114985832,-0.8156742065290852,0.703309343835237,6.796261188656754,184.16560863155678,299.1655446447109,-0.10911672227358694,-4.0,0.04990226007177442,-3.7523459984826704,0,2.0,0.3,1.0,0.6,61.0,3.0,5.084507863745428,6.397269088184782,1.0,34.30511867372332,0.0,obs
0.7969825136557269,-12.00140126847285,2.116975478815068,0.8345115327305113,4.458439117248303,162.33271720213875,123.92507866468841,-0.14764023636002574,-3.0,0.16428481688531832,-23.197192951893452,0,2.0,0.3,1.0,0.6,50.0,3.0,4.80472225919086,7.6957513997781755,1.0,36.19382021785916,0.0,obs
0.20366016146110202,-4.996736480530977,-0.13175351790554948,1.3107626029252164,11.048338381447836,25.306264083408916,107.08742775641238,0.17905180632960793,2.0,0.035375047837249485,1.9819455442433083,0,2.0,0.3,0.49709761666633745,0.6,90.0,0.8670394809557859,9.968794937139709,0.48040202328970516,0.061061395249290995,8.635082426976767,9.36008640932389,obs
0.5525566539135004,5.403120046588799,0.3070600290307949,1.4400051971635934,26.759433596308277,31.1135505124439,152.33217261865335,-1.0595519701086664,4.0,0.0643992678531235,20.42744383957468,9,6.0,0.75,0.08230950155932015,4.5,71.0,0.08964199046600496,67.22123286505077,0.06964877313594335,4.5898647357378586e-05,1.8184432301075937,67.21814750138857,obs
0.46969011000193545,-1.957737817930251,1.7684318678874726,0.9758010070745066,17.99352533969896,18.574145350728088,261.27529783028143,0.4454549074647291,-4.0,0.07192752369203216,7.162686268648667,2,2.0,0.59,0.0546875,1.18,68.0,0.05784177780151367,18.182582284677345,0.13592950151320685,8.944422006607056e-06,1.660449860976774,18.18241965198822,obs
0.5927968550566619,-3.5844299352338895,-1.3462394562819935,1.015590363497794,11.916665938475465,101.1827505752004,226.72028348523267,-0.3384951738060821,-0.0,-0.11530153819326304,-3.8640782776590674,0,2.0,0.3,1.0,0.6,65.0,3.0,5.2680792707948445,9.05040149237432,1.0,38.16422035254446,0.0,obs
0.5979593507548298,9.806173022190766,-1.4892702117509096,1.300438085470136,3.011681340129588,20.75049304543384,157.33842977122575,0.6099816473885271,1.0,-0.09633320704695443,1.9830863886805665,0,2.0,0.3,0.4959924236177435,0.6,66.0,0.8640192522555881,6.813687826774999,2.10107456162514,0.06052017434079504,10.968262471317635,6.401322251594824,obs
0.57906352564571,-7.331010024686673,-0.294747630597161,1.0467146083803074,17.607105316168127,146.11727563206534,96.03196768718576,-0.2390824622580772,3.0,-0.10838962896056503,-1.424239172135409,0,2.0,0.3,1.0,0.6,69.0,3.0,5.907498762054768,6.468093884185439,1.0,34.40813655881519,0.0,obs
0.775730631722991,-5.587073504283837,1.2407591994318332,0.6388515119697099,4.398698664319687,112.70992338283438,226.29425014246019,-0.024421792867005254,-1.0,-0.13321457556916458,-16.402861099686824,0,2.0,0.3,1.0,0.6,54.0,3.0,4.983521572170145,5.632420319957461,1.0,33.192611374483576,0.0,obs
0.84391245903013,1.479705325337873,-1.996315878920236,0.754558504381373,16.106145847235684,167.99757842286277,260.722254371393,0.9568930200342118,-5.0,0.07954598748704036,1.9008545751029953,0,2.0,0.3,0.5756544930210157,0.6,46.0,1.0977918778248001,4.479786648690803,6.889436489528925,0.26307239785786973,19.80333355282229,3.301278433128043,obs
0.4271854528961577,2.733184524377176,-2.5020518998336447,1.0848567357406886,21.550713215065315,59.560178790906676,137.98683238822252,-0.13866910439683422,2.0,0.029005009166375537,15.618487459304706,6,4.0,0.74,0.0546875,2.96,77.0,0.05784177780151367,41.51519259358631,0.039979262328370846,8.944422006607056e-06,1.5208858767079214,41.51482126418407,obs
0.3053744585630063,3.4744012403851205,1.2355813905656885,1.523568773519127,13.013219055664445,106.23245291142244,210.51807037166574,0.6194249423367294,4.0,0.007949606309144954,10.434298406129455,4,4.0,0.48,0.07130887469096595,1.92,86.0,0.07675643276303847,36.398330688381726,0.028439559347509594,2.585677355249061e-05,1.6554180938825036,36.397389544987426,obs
0.14090043309406217,6.378666311982628,-0.9044674688505057,1.750309680485796,9.784698865229634,27.90853875255615,138.0572457176815,0.019522542782280047,-0.0,-0.25927165154022686,12.96860021952665,5,4.0,0.6,0.0234375,2.4,91.0,0.023999691009521484,43.632799145824976,0.0,3.0174851417541504e-07,1.1919975280761719,43.63278597969266,obs
0.8854241665649416,1.390050344770618,-0.5883390193804247,1.3100128057594544,3.2319900792575638,177.49895051680468,159.1932282982009,0.2077094151467448,1.0,0.20554768586186187,-12.393737527342847,0,2.0,0.3,1.0,0.6,49.0,3.0,4.132675686011906,12.028413257840928,1.0,42.4958738295868,0.0,obs
0.25555169721669235,3.4256875725688642,-2.785215602910249,1.1046410481925157,2.6442247542015167,39.12596764651847,171.72580258782668,0.03497929470568725,-2.0,-0.08942720041535557,0.6899045835664007,0,2.0,0.3,0.9979439450749061,0.6,83.0,2.9876805712051686,6.2159291487720925,3.664972100139477,0.9918011097218725,30.232313078935135,0.05096372106739673,obs
0.4269126099708318,-1.8144648152055824,-1.018468971527973,1.2961479355115086,13.180690810783553,24.960639013328976,239.44596978601504,0.42392581315006206,-3.0,0.20518127559389576,3.2397151786089755,0,2.0,0.3,0.01982486397982572,0.6,72.0,0.02022568088340575,8.583979948642293,0.9457233112760233,1.5446883283587454e-07,2.537402990741462,8.58397862268493,obs
0.48318721408188614,0.4388881226569997,-0.011350944946725955,0.7937638582543208,24.966977038277165,44.98486671202075,293.9266157148114,-0.34276580642652565,3.0,-0.14492414806513162,15.306607581615715,6,4.0,0.74,0.05499140468239114,2.96,74.0,0.05818175628101583,45.574552607831336,0.0,9.144906156888233e-06,1.4654540502481266,45.574135832824595,obs
0.3205693289088669,0.7527392603754409,1.3955667864343382,0.9483034228006679,8.34563224862295,162.21514030098137,149.97886391232274,-0.4920242615095927,1.0,-0.0812401158556537,1.612001385338161,0,2.0,0.3,0.847155780175848,0.6,82.0,2.1728094550291273,8.336051933170856,0.525451663814621,0.5150544141953803,19.14676896941792,4.042531588029273,obs
0.47294995674667517,1.5056869507332526,-1.1568452493519583,0.7516479199021683,16.925443150327354,25.633832898513145,122.42505168685359,-0.31928809518851087,2.0,-0.22028493825096299,8.97280255388835,3,4.0,0.37,0.04246773318395092,1.48,74.0,0.0443478324576374,21.52568163862827,0.0,3.2526424109668994e-06,1.3547826596610992,21.525611623283247,obs
0.8587535662752506,5.407778653079325,2.4860641803487447,0.6488348069233226,19.791951311673806,124.81336149344236,130.86957174754565,0.049855188162045525,5.0,0.03621249759426975,8.724825852277034,3,4.0,0.37,0.057966277034658176,1.48,55.0,0.06152113817359181,19.043106021424308,0.07426414460684003,1.1290199924296473e-05,1.60018967936232,19.042891020950147,obs
0.03561790824082482,3.8860197736138176,-1.026834036269701,1.1224847636918167,3.5815765550353973,150.50535361994952,66.15004873129904,-0.11040939277516472,-3.0,-0.11012568208112324,5.760649183077479,1,2.0,0.44,0.03050391951725838,0.88,94.0,0.03146279218797228,16.40192547355901,0.0,8.658099762692828e-07,1.2517023375037781,16.401911272608306,obs
0.3241284728992274,0.3095190203012817,-1.024637702377762,1.0663735585288387,5.9806097708878045,151.46082629415986,110.17345921078514,0.35513743823558824,-2.0,-0.10730001540983543,-0.2828453154230884,0,2.0,0.3,1.0,0.6,79.0,3.0,6.5131295279493715,2.336974968018785,1.0,28.39923631711823,0.0,obs
0.357208211272609,-5.663881894587279,2.3060363278467033,1.2689754063734966,10.613196628908744,42.061872888585576,53.34080158257768,0.65236584991076,1.0,-0.13725142171743973,-1.3280235745613278,0,2.0,0.3,1.0,0.6,80.0,3.0,7.7532705580929235,0.961375676914464,1.0,26.398364620966493,0.0,obs
0.6388478197412629,0.4736988064389668,0.31719022854587575,1.2082568336408588,19.42242252786283,17.016679683634344,145.53145105839673,-0.4879191686175043,-2.0,0.07773550627378631,7.277221181784376,2,2.0,0.59,0.0546875,1.18,60.0,0.05784177780151367,14.973881824106586,0.20655817118806616,8.944422006607056e-06,1.763182471412933,14.973747891388474,obs
0.20635376958500834,-0.19612449427020753,-0.8280370935173649,1.0876881072641884,13.414912917930518,92.51724483558243,75.1864627139832,-0.3669743958069663,3.0,0.07114636515675471,8.341395815622473,3,4.0,0.37,0.08193065432556823,1.48,91.0,0.08919325678547622,26.753899510219185,0.10007807153989189,4.505942995447487e-05,1.8591141583418342,26.752693994758197,obs
0.4047767347983332,1.3522710586923885,-0.23269969677089014,1.212661667617254,21.089071773674377,44.48464232268649,123.52982141309035,-0.718119709156427,-1.0,0.18120338910787856,13.707596893999893,5,4.0,0.6,0.011088844740795356,2.4,75.0,0.011213170730304818,37.29746414810799,0.19666886333315375,1.51197708797568e-08,1.3757691670542984,37.29746358417888,obs
0.32128559505533627,15.445677149982814,2.029610366313089,0.9853229157784037,24.557544504903007,141.35780775771792,244.2659923357337,1.015186495379552,-3.0,-0.06857066210729733,33.886271220789276,11,6.0,0.93,0.015625,5.58,78.0,0.015872955322265625,100.4366260545457,0.0,5.960464477539063e-08,1.126983642578125,100.43662006805629,obs
0.5275111947362828,-3.666409449788648,2.1993042294385226,1.1537641543745645,21.717679191562116,74.55509593280709,96.40046565906673,0.15233474956091342,0.0,0.021881937104680036,7.917042408331769,2,2.0,0.59,0.0546875,1.18,69.0,0.05784177780151367,18.81516181741789,0.09153785488381422,8.944422006607056e-06,1.5958801931522029,18.814993526670474,obs
0.3969240911802861,2.9560231338775167,-1.225189768905384,0.7775993981526088,27.798427390144475,92.62401850146075,195.2115477623586,0.23990116002578887,1.0,-0.12893351974019515,22.752124577477964,10,6.0,0.85,0.0919933737759886,5.1,77.0,0.10123467435371525,76.25713384952336,0.0,7.161865918514643e-05,1.809877394829722,76.25167241584376,obs
0.26734014467773615,7.479234470710087,-0.06365071511866233,1.1366324384953757,21.61338778702289,27.129561954833804,273.3189831971255,-0.6701041925155241,3.0,-0.0335039022735318,22.677082139957893,10,6.0,0.85,0.09375,5.1,87.0,0.103363037109375,91.46238636054485,0.0,7.724761962890625e-05,1.826904296875,91.45532110891293,obs
0.7031019032153489,0.6860133986956802,0.13523524150135963,1.260548165473217,24.156659070193715,115.67230587689738,183.07088049797764,-0.0005849945034373166,1.0,-0.05188453132811776,11.03136741061871,4,4.0,0.48,0.022120071743048586,1.92,60.0,0.02262019261440496,24.27322080861063,0.0,2.394121157989204e-07,1.1809615409152396,24.27321499730748,obs
0.7632566728070849,16.364915834205156,-1.4793601657748963,0.7929584523974536,23.641525320090025,41.17721697822193,82.32400544855142,0.25462399220654264,1.0,0.046444995749542084,25.92708958277027,11,6.0,0.93,0.06428949869037726,5.58,56.0,0.06868835580782978,60.147247788145854,0.050093894073602194,1.7082843299154327e-05,1.6223706923878778,60.14622030213702,obs
0.6196628730812765,-2.646275042120337,-0.08352757897499147,1.0181173288739849,20.986909819281212,137.40220387841273,123.08687237080767,-0.1263788452672125,1.0,0.10170218064181911,5.973615304353104,1,2.0,0.44,0.020521132582463464,0.88,65.0,0.020950891260308326,11.92435944236375,0.3027171140277237,1.77339428697465e-07,1.6079229323046103,11.924357327704659,obs
0.860429069934956,2.2686245562403293,0.00798429067755073,0.8057173776199802,22.846847233053154,18.877920396839272,189.39968593969783,0.5378528124131973,-1.0,0.09910666908315,9.427635608744138,3,4.0,0.37,0.026551583627732078,1.48,49.0,0.027275288731356727,15.173201699379874,0.1821358281600256,4.970060965003853e-07,1.4831271508108912,15.173194158206126,obs
0.3132413128289059,-5.591640214250874,1.7103142184051034,0.8332785743123114,26.301763924552667,195.29944549485805,166.78500773516043,1.1559155628214148,-2.0,-0.08428122722176108,14.880335280479644,6,4.0,0.74,0.0749729187981445,2.96,79.0,0.08101527552096958,52.665759059623944,0.0,3.159495021787251e-05,1.6481222041677568,52.66409508758827,obs
0.6214426454062916,-2.4606731460030518,1.8111375424668013,0.6772688538353596,14.355391841683607,138.48276082423328,70.12735579476401,-0.4735314135469759,1.0,0.09984679046229995,-0.6983688819011113,0,2.0,0.3,1.0,0.6,64.0,3.0,6.06500045318801,3.0891973897509066,1.0,29.493378021455865,0.0,obs
0.3376700754924937,1.7425373727766054,-0.493814097538512,1.5503447045943675,18.59546262172613,40.4372657233256,150.6350130664536,-0.5110436229883484,-1.0,-0.004408513710779707,12.973696918484405,5,4.0,0.6,0.0234375,2.4,79.0,0.023999691009521484,38.69361965724825,0.013848497478457152,3.0174851417541504e-07,1.2121407971357459,38.69360798150601,obs
0.6733094712896462,5.924128436154108,-0.32092971579121754,1.446525065261098,15.38843276089209,7.74845586506188,176.62800762576705,-0.43887803276428833,5.0,-0.032459689589701496,8.113100191213745,3,4.0,0.37,0.09619913085111376,1.48,65.0,0.10634365662538282,19.565725278483054,0.047039603082566536,8.564156462209649e-05,1.919170493850432,19.56404963915724,obs
0.5244646914824659,2.233663838165019,0.9964384530834534,1.204630099256537,24.126961666993896,70.22026398001765,102.17983290354456,0.8030995800082453,4.0,-0.07085114868189184,16.93340360237209,7,6.0,0.55,0.032919432969021445,3.3000000000000003,73.0,0.03403879646562377,52.839651523622884,0.0,1.1743819939846745e-06,1.2723103717249902,52.83958946968757,obs
0.6524566466335914,8.813803945343151,-0.8777826733905172,1.9801819179721856,13.21534967465919,34.79858649018045,195.36028914176,0.5211776585148422,2.0,-0.05599357943615521,9.965718606759465,3,4.0,0.37,0.009736489939753123,1.48,64.0,0.009832212187911025,18.990185134892627,0.06091687947080128,8.986895227991454e-09,1.1672640676426356,18.990184964229822,obs
0.23409652421992125,-0.6647571741487022,0.882960227606104,0.9365460064901897,23.312896049763054,47.59020995831146,48.94322686100666,-0.06776390889682424,1.0,0.17423138461962334,17.85593400970711,8,6.0,0.65,0.07159104916714376,3.9000000000000004,87.0,0.07708325154025959,73.54827720209265,0.17706170019218076,2.6268477866242534e-05,1.8742103035107034,73.54634520080087,obs
0.7254072740504728,-2.3251797088730375,-0.1318597310538221,2.8583179083961987,22.78321895148561,175.18630039538843,120.88389906268954,0.01827983220043714,-0.0,0.030741076649402357,6.231468512908391,1,2.0,0.44,0.0084342634314344,0.88,57.0,0.008506000217572987,10.450817917926019,0.866303072107149,5.060444285831522e-09,2.328125197532801,10.450817865040237,obs
0.8418081598036476,18.927895750955706,-1.4540978666079312,0.924207651502755,27.009038635583355,122.62490870991566,247.1547448499451,-0.4082718130983607,-4.0,0.017461184750120495,29.080576631078895,11,6.0,0.93,0.01758038954277208,5.58,47.0,0.017894893211939752,50.93368914257127,0.023501808799775446,9.552432456150228e-08,1.1773435948588276,50.933684277165014,obs
0.04436692656879741,2.7596635460942154,-1.43525506931947,1.0924267199737514,8.471938180692888,39.4092423406354,100.00689624520196,0.44501357887159204,-1.0,-0.026224685853694675,10.238327624423246,4,4.0,0.48,0.0866190920117636,1.92,96.0,0.09477185064847451,35.425858621683645,0.0,5.629301473442094e-05,1.7581748051877961,35.423864393302274,obs
0.11175269906341977,-5.036370821849833,2.170588044046653,0.8712778852318078,20.450107257033718,113.54858313405252,193.3977495008311,-0.18995091205427686,0.0,0.24459786114380286,12.043811655064482,5,4.0,0.6,0.0930454840163982,2.4,93.0,0.1025084838633056,51.1721531644908,0.2502364041430631,7.495164994097969e-05,2.1840480951145365,51.16831772718009,obs
0.7464113308790192,-4.859846335736482,-0.23463221871494788,1.1376643641906372,21.67990693883464,54.877227417873684,140.70802270178422,-0.13003826972749966,1.0,0.13050104888464248,2.4321421711695823,0,2.0,0.3,0.20054633762806148,0.6,57.0,0.24883091093341306,6.842355150504949,2.003926828286503,0.0016175545709987693,5.9054499467931265,6.8312872676548535,obs
0.3819386677646623,-6.598759401719383,2.4605311408474666,1.3357133612495358,26.34324081292131,195.3591685498274,115.44423845211664,0.3043948857646284,2.0,-0.07210621147987926,11.949819271783792,4,4.0,0.48,0.015625,1.92,79.0,0.015872955322265625,35.68657261026218,0.0,5.960464477539063e-08,1.126983642578125,35.6865704831767,obs
0.4630934707695983,6.555985490997515,-0.7704543910723651,0.9613066789373637,25.57946286944381,11.387659901420575,277.35555573570724,-0.09399746904161059,3.0,-0.027361505470462424,22.86160390541659,10,6.0,0.85,0.08515091577982448,5.1,76.0,0.09301899614870314,77.18347531031857,0.0,5.257233810340711e-05,1.744151969189625,77.17941759455856,obs
0.14754746981641825,-2.550641050252693,0.4368078016972401,1.8505331915330898,16.911672404419658,147.80209232272395,122.68066388170355,-0.1174829967489232,-2.0,-0.021424454337091038,10.471109200461234,4,4.0,0.48,0.06805713766055493,1.92,89.0,0.07300413692691772,36.27134430222282,0.003652924510297882,2.1453330262488635e-05,1.5893464401575934,36.27056616109444,obs
0.49275504939035003,0.8915373295953993,3.5890150845273623,1.0863720413054907,17.057982832463473,155.73442010732833,93.90249340149495,0.005287602764537537,-2.0,0.014587197828259946,8.025761158421036,2,2.0,0.59,0.054548698427354214,1.18,69.0,0.05768657187984596,19.99348157412021,0.07129108268287197,8.853960289822993e-06,1.5651886953047633,19.9933045526283,obs
0.6195946381575509,-0.444560721067881,-1.5860801169949188,1.0982290043138443,6.349571938509964,18.096738971751552,275.511355222873,0.3976777068965383,5.0,-0.07012259926314353,-5.733541740259571,0,2.0,0.3,1.0,0.6,69.0,3.0,5.520366188374006,9.841394164669293,1.0,39.314755148609876,0.0,obs
0.7657846531625672,5.120446855586542,-2.8467217498496646,0.7298720470822886,27.34903026301805,38.514526025113554,231.40497610267002,0.8232465377419166,2.0,0.04388165233616967,18.58214315355209,8,6.0,0.65,0.05355681374805665,3.9000000000000004,57.0,0.0565787647855974,39.701386119550364,0.05201169336167384,8.227330176580061e-06,1.5282834904472138,39.70105948313829,obs
0.9197660364238585,-5.927208650188141,1.92988519693085,1.156007585417341,8.630454030289098,79.93979852527173,214.0859226985133,0.292743116123041,-1.0,0.14520881320393145,-14.644021028941994,0,2.0,0.3,1.0,0.6,45.0,3.0,4.287670657468893,10.578177271595425,1.0,40.386439667775164,0.0,obs
0.12998345202984246,-7.529006003001109,-1.2402136580896104,0.9546329182326911,20.843141679733595,174.29019117316824,43.37443435805647,0.4016571118121335,-0.0,-0.13136281090041632,10.440324018583457,4,4.0,0.48,0.07083812371799708,1.92,92.0,0.07621163201206606,34.400888743002575,0.0,2.518072315227382e-05,1.6096930560965284,34.400022503746946,obs
0.4118006685209452,1.5700811502711598,-0.031059546159350665,0.8100166930058385,22.690670124938126,109.71498799160737,65.42533939325946,-0.09992703105056219,-0.0,-0.11281467370920671,15.923725128899981,7,6.0,0.55,0.06247224184776398,3.3000000000000003,76.0,0.06661883832785316,52.06592210408755,0.0,1.5231699545537047e-05,1.5329507066228252,52.065129051605496,obs
0.55442696209652,4.206714992899279,-0.8788773156773773,0.7641595892794099,13.471603119895907,132.78483575142164,202.35179022860896,-0.3538989315843585,0.0,-0.048315855529730695,6.096744074902329,1,2.0,0.44,0.014749471462968552,0.88,67.0,0.014970227073323324,11.810982667536631,0.10674294890296632,4.732665737083863e-08,1.2750242877181739,11.810982108562301,obs
0.5718676117902511,2.3277261916834853,0.40224417143297414,2.5231950713914912,7.491036720755508,157.68750291408432,86.54686586209026,0.32699311611755755,2.0,-0.043679556010782966,-1.1904875186489523,0,2.0,0.3,1.0,0.6,68.0,3.0,6.027807864166818,11.95161600797857,1.0,42.38416873887792,0.0,obs
0.6256786954718749,-5.666176103681293,-1.4258043107786134,0.9127701369992486,6.912969989711856,166.4839437258164,90.92225612019695,0.08562041230028568,8.0,0.19984658747459308,-11.010020641055146,0,2.0,0.3,1.0,0.6,71.0,3.0,5.729819125371535,8.437597073892803,1.0,37.27286847111681,0.0,obs
0.40813000660001336,4.742393894639757,-0.26991013182495915,0.6036778677034295,24.268896023441386,97.8754859013178,240.36739914277487,-0.7113143243748746,1.0,0.10017092200148388,19.754501884256914,8,6.0,0.65,0.018508598269751264,3.9000000000000004,77.0,0.018857506937039532,62.036454935940554,0.1027742272384894,1.1735297844595038e-07,1.3003498405704825,62.03644765577779,obs
0.3571856803577273,-5.20702648966944,0.6747229898348013,0.7851574495486139,15.279668655461386,104.21466206082886,107.19973618597452,-0.16403481171279902,2.0,0.09443223521182642,2.5438130154162897,0,2.0,0.3,0.14296605856335298,0.6,81.0,0.16632747775335704,10.293497422188699,0.335110394139571,0.00041776473517718404,2.818053122593505,10.28919716196407,obs
0.3720141849434003,-3.6507705135046833,-1.512463329411393,0.9822949850760628,4.343561532994935,145.011142132117,49.32857158101732,-0.041448511740776794,-5.0,-0.02643656935134005,-6.922732591805315,0,2.0,0.3,1.0,0.6,73.0,3.0,5.863736630899105,6.9394406377624245,1.0,35.09373183674535,0.0,obs
0.167819641511483,-6.6076746730540155,-1.0501260444688334,1.2084892370279299,20.642506291835105,56.35175995344714,39.8366257736625,-0.25522893351423936,-2.0,-0.02863134067868141,10.242954497241849,4,4.0,0.48,0.08625761757281022,1.92,88.0,0.09433978332058814,33.14949496125399,0.0,5.53592037911832e-05,1.754718266564705,33.14765983160686,obs
0.3217754761927586,9.108108440564216,-0.5210742503977976,1.2118973055928053,8.50444737293077,171.62549859127725,149.6580565562277,0.7408677972710637,4.0,-0.14517054137653987,11.312674195013285,4,4.0,0.48,0.017724653236883353,1.92,85.0,0.018044385005377077,33.2889852745086,0.0,9.869859940447867e-08,1.1443550800430167,33.28898198893238,obs
0.5085958043395594,4.433950787191444,-2.1432231513394173,1.26413255054419,24.786263519522862,9.053430772789106,196.62471597485444,0.23991951845110837,1.0,0.07817402280478174,19.615436242830327,8,6.0,0.65,0.020681498917041685,3.9000000000000004,71.0,0.02111806929616005,51.7537449727377,0.08616131026139208,1.8294816017672133e-07,1.294270096567669,51.75373550448528,obs
0.8312074994397002,4.2349536297521135,-0.6338414741981195,0.7998059342127832,10.048866436779356,43.17546243089631,264.5990130157868,0.6865874589443239,-14.0,0.04910546048087855,-0.9967438583758435,0,2.0,0.3,1.0,0.6,37.0,3.0,3.1132769326651157,7.26735401675124,1.0,35.57069675163817,0.0,obs
0.7883078885168314,8.730479947997152,0.17819480985435276,1.1251676300207294,7.207041582343721,161.03898889211814,59.917186658812604,0.13171263082607979,2.0,0.12859973646782838,0.9166295169240756,0,2.0,0.3,0.9908587909074789,0.6,56.0,2.9454862284045604,4.937407333284596,10.2832375974049,0.9787354556483258,39.521326332552704,0.10499171722091193,obs
0.8181813290907791,19.688544737671062,-0.5993234123826428,0.7382476803482366,4.206319532428292,71.3503513190711,83.10166309784,0.04069391821253886,6.0,-0.02108297133561673,8.470761731739701,3,4.0,0.37,0.07384528456824146,1.48,58.0,0.07970109826637368,17.27963691597418,0.03377389020853064,2.9736583749495615e-05,1.6867344446161248,17.279123078603867,obs
0.3160822862598872,-11.964582727371088,-0.4070647393975868,0.8068232741560614,15.299809552578834,34.217402374999665,173.0461649450172,-0.4682989088051246,-6.0,-0.01417791462003969,-3.614497064130001,0,2.0,0.3,1.0,0.6,75.0,3.0,6.384594421127338,2.146531134752021,1.0,28.12222710509385,0.0,obs
0.4518413715444419,-5.168636066139757,-0.02985250635987803,0.7276728496919024,13.71917728327547,41.417177363723646,128.30925780533326,0.00596476659828336,5.0,0.017004552856063573,-0.3030131330537411,0,2.0,0.3,1.0,0.6,78.0,3.0,6.7678141230170725,1.2997117951179193,1.0,26.89048988380788,0.0,obs
0.8009333134454054,-4.313225589221667,-0.9836151936484709,0.662542895652869,21.534115759681715,108.49749837753356,160.28511183628356,0.006526962837720097,-9.0,0.08918975755070956,1.7285653372624707,0,2.0,0.3,0.7425596921790237,0.6,44.0,1.703398213204289,4.198567111068728,6.068639390817847,0.37457368639111566,23.45429754682391,2.625894350715218,obs
0.9049413198286851,-5.95573735667885,1.0365938488003157,1.4457858013533265,14.079667267018946,170.00539822227262,279.51365522573815,-0.6835569420171166,3.0,-0.1470215622097479,-10.334725632678355,0,2.0,0.3,1.0,0.6,50.0,3.0,4.570018663704896,12.90119529500401,1.0,43.76537497455129,0.0,obs
0.6088946401119867,-7.543082733225988,2.153967187202664,1.2693971345436315,10.939215192033647,18.776889575366567,177.12074654346554,-0.26976373488519745,-0.0,0.07360561337383746,-8.546067765876163,0,2.0,0.3,1.0,0.6,64.0,3.0,6.160330737848354,4.793446453361415,1.0,31.97228575034388,0.0,obs
0.23004579639268327,-2.0975714483875594,-0.6965705882931728,1.4025988098079518,8.803027806456546,10.943777279306634,142.0825648652605,-0.1616412992581812,-8.0,-0.002049556217283053,1.8178766772280381,0,2.0,0.3,0.6560393315873804,0.6,78.0,1.368778132615463,7.8698860277655225,1.1354020962005433,0.1852334901843884,13.601719019033586,6.412119571489162,obs
0.46121517800044115,-8.516226007025834,0.7277973472165606,1.0137115989686043,9.23181538221925,95.70778648818441,297.1487748089311,0.20673977202786073,1.0,-0.10586372679536965,-8.659766456141803,0,2.0,0.3,1.0,0.6,74.0,3.0,6.664344222946455,1.870063681704204,1.0,27.720092627933386,0.0,obs
0.4643088482041174,2.3452965727618924,-0.3594257331519704,1.3087782656752933,26.124045447523162,191.45654593545876,47.608230872874806,0.23067505599285307,4.0,-0.20846057526540665,19.346108138319405,8,6.0,0.65,0.024889750550024847,3.9000000000000004,77.0,0.025524669425029123,61.69347093182923,0.0,3.837798565609063e-07,1.204197355400233,61.69344725511781,obs
0.646022592687674,0.36188825000030245,0.548231017557757,0.5432810273662017,6.292043654283121,59.40691166575465,281.6706310602164,-0.29065924098260243,1.0,-0.01364737118783534,-6.374422368168551,0,2.0,0.3,1.0,0.6,63.0,3.0,5.624546821288741,4.88946390079213,1.0,32.111947492061276,0.0,obs
0.7981825695631317,3.367200653345587,2.3486692968048812,1.3484857368951437,27.692587038485904,192.03825511807443,165.44869735768043,0.23443480127094243,2.0,0.144771298327407,15.590484333691668,6,4.0,0.74,0.0546875,2.96,55.0,0.05784177780151367,37.87420856254581,0.16140538706387886,8.944422006607056e-06,1.6975056945050242,37.87386979964126,obs
0.4750596465370144,3.554099161467768,0.7629893145271482,1.0632774893738883,10.499905834997843,178.09782943505027,166.01421119712728,-0.0910394646742585,-1.0,0.1674684666741395,4.109494323728514,0,2.0,0.3,0.0078125,0.6,71.0,0.007874011993408203,9.276328831716633,0.6265565958346736,3.725290298461914e-09,1.9743471444340637,9.276328797159614,obs
0.8677166534684521,4.221047973986735,-2.6601218082145213,1.2426387439115383,4.298146120854934,60.21133989556467,278.9303702348665,-1.4348100124274783,-6.0,0.03553762106700964,-9.643276922312353,0,2.0,0.3,1.0,0.6,43.0,3.0,3.2395675876928864,11.250352284868633,1.0,41.364148777990735,0.0,obs
0.8247955583959103,-2.613862557767176,0.6809934471704384,1.1407020798980543,8.465949900484489,164.30487252994863,166.97747449012877,-0.24235101597577116,2.0,0.19620056638422478,-10.504372444634622,0,2.0,0.3,1.0,0.6,54.0,3.0,4.85218894532923,10.491036837464154,1.0,40.25968994540241,0.0,obs
0.8368955979323663,14.848003818435672,1.849295614963514,0.7104008182378054,3.5187738684200864,138.74412400091967,148.36991444314017,0.5394943200711892,6.0,-0.004294108295674489,2.689422460229882,0,2.0,0.3,0.09135755714586193,0.6,57.0,0.10046624913367039,7.729597505036795,0.619175784905985,6.965910865119884e-05,2.704349316568978,7.729059068164362,obs
0.2600811399826733,1.6410178153746842,-0.332394254997154,0.5951533351233985,22.540773998261812,104.80536583642765,103.57191987164373,-0.8409028783138398,4.0,0.09533035516427812,17.73208622907504,8,6.0,0.65,0.08513690017377629,3.9000000000000004,88.0,0.09300228903793085,69.8990680629711,0.09733009402760705,5.253773360047731e-05,1.8855893581617842,69.89539572435429,obs
0.6572010102602646,-13.037393268373565,1.4934522091767486,0.7814041395924636,15.326375726068742,87.46864789336057,207.88052704070364,0.05634560020777011,-6.0,-0.04512308889064273,-10.586563045920634,0,2.0,0.3,1.0,0.6,55.0,3.0,5.136193924468787,7.007049270931335,1.0,35.19207166680921,0.0,obs
0.17087892026035845,-7.016630220363522,-1.035173311727919,1.2161535942736084,10.761652090536824,164.02303740546407,183.80417456453563,0.7926306070926435,-5.0,-0.051459883928414864,0.15954167941457253,0,2.0,0.3,1.0,0.6,85.0,3.0,7.003906683841172,1.6948550596580798,1.0,27.465243723139025,0.0,obs
0.28355958910175116,-12.18352092319471,-2.2283087392834107,1.2700479791182666,19.213289720420626,159.65048937552913,87.87326797590143,-0.38030647650524035,-3.0,-0.06775091168806363,0.4932003230811513,0,2.0,0.3,1.0,0.6,80.0,3.0,6.177194755449077,4.524341624280116,1.0,31.580860544407443,0.0,obs
0.8257298630227792,0.1213424040591513,0.21175352824896024,0.6225887408323518,18.396809674708326,152.60258550879902,221.5414870665577,0.0010745402138429305,-5.0,-0.20605289471243127,2.313652423999957,0,2.0,0.3,0.2616426135123994,0.6,47.0,0.3480107017501162,5.687788528151287,5.412810491299539,0.04493741417521413,11.657264510436622,5.432194019320722,obs
0.2712026644156432,-0.8526365683733355,-2.634715081119471,0.7118679912228922,26.436674319917348,199.65991048698268,203.90345148089293,-0.6520081286139606,0.0,0.12870922599469117,18.617273395420884,8,6.0,0.65,0.05136117363125692,3.9000000000000004,84.0,0.0541346330312935,59.251969520013155,0.13208985626858394,6.958886548114052e-06,1.6252077642773792,59.25155719227951,obs
0.2319337730754032,-3.278979885296205,-0.35965651934038767,0.7783833092054371,26.99277343545787,98.30992988356986,137.280148735766,0.813615570831786,1.0,-0.06416324391380163,19.360086183344293,8,6.0,0.65,0.024671343596510964,3.9000000000000004,87.0,0.025295035626239058,69.70718285033139,0.0,3.704854928399115e-07,1.2023602850099124,69.7071570248314,obs
0.7599003775935324,14.076482786803599,1.9302633939682545,0.8835794157169699,19.697778167300537,162.3499806748836,31.188248913958653,-0.04166631349830714,-5.0,-0.08014387797551964,19.20198610308759,8,6.0,0.65,0.02714165735052193,3.9000000000000004,50.0,0.027898321347134478,44.71509289455411,0.0,5.426820460785464e-07,1.223186570777076,44.71506862847601,obs
0.4338704064727449,3.8428801185383756,-2.8646443586194215,0.6238606528409275,23.263214108348382,173.1832815617783,150.5769105475707,0.023313421397009076,3.0,-0.11799716816126755,18.06470434071731,8,6.0,0.65,0.0625,3.9000000000000004,77.0,0.066650390625,53.495522024674244,0.0,1.52587890625e-05,1.533203125,53.49470574778788,obs
0.285940511414253,5.082688530124341,-1.9192451938708468,0.6110275798310661,22.60305260871464,46.26250338346837,31.635691625167965,0.6771502327528112,2.0,-0.020435943653628302,22.783061900656246,10,6.0,0.85,0.09005979107734596,5.1,85.0,0.09890101093487712,81.09600416952657,0.0,6.578452460215267e-05,1.791208087479017,81.09066930744514,obs
0.3515535316247323,-6.517514415594722,-1.5480483677423664,0.7522458368386481,14.773891850197394,13.202956200346891,50.24959211074076,0.33073919732274054,-2.0,0.17634923105597428,1.9347528162059802,0,2.0,0.3,0.542815571952499,0.6,77.0,0.9974042442325366,7.7861507640617384,0.8155355932098187,0.08681788302089677,10.165467543983667,7.11017363784436,obs
0.7989417482771832,-6.994014239317086,-0.09497978956643995,1.0303300680638239,20.31591548886884,83.92593842677303,146.2646736698252,-0.4378143662483699,-1.0,0.20937788508227176,-2.4565109378533485,0,2.0,0.3,1.0,0.6,52.0,3.0,4.497161807543472,9.508106749358275,1.0,38.829973453612034,0.0,obs
0.12636156766200696,0.25763849367868324,-0.5485751784693138,0.6643342444812061,4.034734199772825,172.0636534651713,52.118368730038476,-0.32363896204365794,-6.0,-0.16608668758020834,0.7301756484288902,0,2.0,0.3,0.9966854742979534,0.6,86.0,2.980156753696592,7.28307582650074,0.6076574635927465,0.9868076681416983,25.725119431162184,0.09608075325237277,obs
0.8437195855248895,1.2110499775655807,2.098704572544131,0.9606784622824416,21.70854816190798,61.37513983292949,104.42966712253488,0.24746565226164932,-1.0,-0.03544479959762824,7.222260248501218,2,2.0,0.59,0.0546875,1.18,50.0,0.05784177780151367,13.572389809352869,0.09717702166411933,8.944422006607056e-06,1.6040826175599192,13.572268412170775,obs
0.8210140198011462,-12.9941809698012,1.4315224936375461,1.442955516197421,27.00765818700156,141.50198004314768,206.98266951092145,-0.31206052753147,0.0,-0.10343577700936986,-2.3601160601677353,0,2.0,0.3,1.0,0.6,52.0,3.0,4.842046047528041,12.919237756672342,1.0,43.79161855515977,0.0,obs
0.4585664576018411,-1.2621491599467385,0.7429094191028969,0.6370228650904171,4.2093435812691995,6.432887117531223,113.32614250454314,-1.0586216560602635,1.0,0.09883377412115198,-6.847819783303177,0,2.0,0.3,1.0,0.6,74.0,3.0,6.669203014610875,1.334458357162483,1.0,26.941030337690883,0.0,obs
0.31754651125559713,0.09850458011453364,0.21844547151582722,0.9309823979265145,23.739010399388217,74.29606430244635,299.3651204128078,-0.026620399319538895,1.0,0.028659354729392673,16.895204046365972,7,6.0,0.55,0.03471003715680815,3.3000000000000003,82.0,0.03595664202664409,57.138492868117794,0.033431729201139515,1.4515109428847595e-06,1.3362811059602646,57.138409930970134,obs
0.21994048348133147,-1.5060441603979027,0.5898446654772409,1.4261608956137366,26.257480692881053,125.02575547783948,277.4015491570449,-0.7401063305624047,1.0,-0.0636569327379835,18.700916293514318,8,6.0,0.65,0.04613349250041732,3.9000000000000004,88.0,0.04835997750266907,73.66321154852464,0.0,4.529657188001579e-06,1.3868798200213526,73.66287787942896,obs
0.9302930046814016,-5.693732886426735,-1.2929735329700625,0.8651153566421267,7.880911134853614,30.302652064105693,188.03367423809138,0.808140876781863,-1.0,0.0072573080591019,-14.551383178069045,0,2.0,0.3,1.0,0.6,45.0,3.0,3.6575462092434394,7.814923401754289,1.0,36.367161311642604,0.0,obs
0.2635040516636053,-3.77674627344798,1.2858155303349184,0.8197752921299957,15.645090877839298,179.83834786874962,291.07572743143123,0.08839381888157635,1.0,-0.047741862140770856,5.684389456353063,1,2.0,0.44,0.03125,0.88,85.0,0.032257080078125,16.637378529796187,0.019172960290971312,9.5367431640625e-07,1.2859445828664129,16.637362663155592,obs
0.2019236074406426,-1.2380143550095721,-1.6680663815388015,1.496376879994523,26.1243138620377,35.47342553783045,264.36466949678095,-0.45258752837178773,3.0,0.16142460943748968,19.833928874377744,8,6.0,0.65,0.017267551549113302,3.9000000000000004,91.0,0.017570868522735438,68.1334594238843,0.16672819442507675,8.890435687636256e-08,1.3830806855274496,68.13345336652291,obs
0.5472208792006517,0.6356001652703344,1.2530654908533463,0.8993603310508655,26.965876117597166,182.40974127577897,116.1026000869315,-0.34931620733122687,-0.0,0.054695951501603834,16.208602751288677,7,6.0,0.55,0.0546875,3.3000000000000003,68.0,0.05784177780151367,49.64573328849867,0.06090261851550278,8.944422006607056e-06,1.55131984934375,49.645289236109306,obs
0.8979040093271963,4.2335410778539755,1.7792137531782464,1.4661036448911942,5.324941993160225,47.19591519318006,232.39098641603354,-0.9446987939369602,1.0,0.0669823420916438,-8.52050921299693,0,2.0,0.3,1.0,0.6,48.0,3.0,4.542092578593864,13.298567737234658,1.0,44.34337125415951,0.0,obs
0.8330991685889435,7.565993434656098,0.31629690313213077,1.1602064581255134,11.074109864441716,198.88434141358894,66.94458168106578,-0.5497309433902519,-1.0,-0.26669174780328975,2.0090459549523865,0,2.0,0.3,0.47084409379191794,0.6,50.0,0.7969216406249712,5.716315228011193,10.20417153677946,0.43493489495415616,22.21780445122444,3.2300902647913015,obs
0.2557740726791469,-2.0604340646907486,-0.26431958844296377,0.8880165741430592,20.15176066992227,122.92599909264023,214.8288845822601,0.5081616012703496,-2.0,-0.006678867882881083,12.755445292890661,5,4.0,0.6,0.0261091234131883,2.4,83.0,0.026808607970992483,41.11381851240924,0.0024941047810495146,4.646962462606652e-07,1.2180966525403756,41.113799406972106,obs
0.42273450952771763,-3.193093372807505,0.6004648624645099,1.1807734314922402,7.760520984034188,21.4472544154707,162.59209315353672,1.1158930727461958,2.0,0.20832109590590342,-2.6231948155353066,0,2.0,0.3,1.0,0.6,77.0,3.0,6.891921037780366,2.0700098014061847,1.0,28.010923347499904,0.0,obs
0.11415200840288593,3.063589714740144,-4.29227755515101,1.1174026927199163,10.444036344496501,17.72906072333867,34.54300359826267,0.36319825659947924,-2.0,0.13261290700366843,11.527125973635993,4,4.0,0.48,0.015625,1.92,91.0,0.015872955322265625,28.748311189556794,0.15790014228492164,5.960464477539063e-08,1.3566565768107384,28.74830947602392,obs
0.21873676681461002,4.27591441487598,0.4533873277281919,1.4242483244160633,2.605567560122025,19.609730770596407,104.0420520454001,-0.04602126931051458,1.0,-0.18470895859203032,2.35748491509227,0,2.0,0.3,0.2390414852929257,0.6,88.0,0.30984134626227494,10.835753277024637,0.1878768018010866,0.0032650746463446234,3.752006118172507,10.800373733725777,obs
0.5779542996027075,-3.0394030328121993,-0.17003099675971053,0.8269984432742526,5.991563704211171,120.02908572173561,287.9531986991471,-0.2159796878269583,0.0,-0.03134258326835941,-9.018196581149848,0,2.0,0.3,1.0,0.6,66.0,3.0,5.686414559687801,7.432318367281764,1.0,35.810644897864385,0.0,obs
0.5470895361826658,5.532754338763206,-0.07594216958548652,1.0143765631149892,16.62056685486134,162.86794445384012,115.27450097388979,-0.47824790678818113,-1.0,-0.12015194659187214,10.687821546647067,4,4.0,0.48,0.04774035520563308,1.92,67.0,0.05012830374629074,26.71097699745421,0.0,5.194486046078417e-06,1.401026429970326,26.71083824765692,obs
0.09023668966333633,6.857097388091812,1.0597987693467412,0.9789157899872543,18.98034172390875,83.57773464524861,78.99270293138898,1.0298829496698703,-1.0,0.17111015603628704,24.46890579269086,10,6.0,0.85,0.031409773912591255,5.1,93.0,0.03242733587289173,104.37327475566383,0.17254489366512815,9.733280547097323e-07,1.5103930777687748,104.37317316622735,obs
0.545405792140848,9.041805259610712,-0.11215338234709171,1.2762474232261878,18.87170760849176,91.74297305996305,80.63349057449625,-0.09437435093218745,-2.0,0.02442782822759085,17.191021244111308,7,6.0,0.55,0.024312404008330346,3.3000000000000003,66.0,0.02491786788854152,45.3121540895083,0.03512822487754563,3.493909211949031e-07,1.2504385429302167,45.312138257853036,obs
0.2608292349473687,12.448246347038758,-1.710310284976737,0.7010805506629363,22.237372240233633,119.91110221460247,159.38758145332625,1.0578149150312521,-5.0,-0.0767795559731436,29.93000328892472,11,6.0,0.93,0.015625,5.58,79.0,0.015872955322265625,84.45475872006637,0.0,5.960464477539063e-08,1.126983642578125,84.45475368617048,obs
0.23438727369010257,-6.0649129706160725,-0.21210400623806708,1.422322620356345,12.797316757208577,108.94291793333937,257.5152949810444,0.6967597548050305,1.0,0.003415794354078901,1.9434361996689713,0,2.0,0.3,0.5344035442227264,0.6,87.0,0.972609476417781,9.464898323732031,0.5766676809943384,0.08156001914721789,9.61966516551583,8.692941035221976,obs
0.4937002740225057,0.09728746532757833,0.10133322612123671,1.1753206750362357,9.110758622270044,139.17203795474768,234.66047658600354,-0.8703982156731368,1.0,-0.2607365529068484,-1.8750606976054476,0,2.0,0.3,1.0,0.6,72.0,3.0,6.288251552667996,3.325649340428397,1.0,29.837308131532215,0.0,obs
0.4154720505327986,0.07894387633062097,0.1724008673715191,0.6336894776217586,2.4050982011056496,96.99821543179017,147.95004203519906,-0.3329761978796459,3.0,-0.10849613034565767,-6.340542098331544,0,2.0,0.3,1.0,0.6,78.0,3.0,6.836357093949216,0.9406225398746771,1.0,26.368178239817713,0.0,obs
0.9027256456708439,-0.6865149797275532,0.2428790509276021,1.5197631806651632,7.372375477362059,144.20283358749316,86.35625852797935,-0.33452256208691117,-2.0,0.0036443725826309573,-10.900988965188004,0,2.0,0.3,1.0,0.6,45.0,3.0,3.957831869612396,13.719507078085716,1.0,44.95564665903377,0.0,obs
0.49537220216976763,-4.544840437270953,1.55905356737783,2.1682329887871212,10.122083117252968,199.47559479659364,42.4375230275916,-0.03992318205286973,6.0,0.08456753684533225,-4.374731061253304,0,2.0,0.3,1.0,0.6,77.0,3.0,7.212618541748264,2.7394648345766353,1.0,28.98467612302056,0.0,obs
0.270094183177562,-10.3989340226175,-1.6290518295512213,1.4148810545901278,6.633378268492104,73.30807923850917,154.91018626033738,-0.030157126556876742,-1.0,-0.19413141205973408,-9.594073243487712,0,2.0,0.3,1.0,0.6,83.0,3.0,6.624943998846666,2.6773248132602854,1.0,28.894290637469506,0.0,obs
0.7241478235309357,0.6487561222030266,0.2635506842472749,1.6393863970625155,2.523756258911659,7.382015268493407,249.98934409991176,1.4981195476990714,-3.0,-0.038115530770242934,-9.138329486775447,0,2.0,0.3,1.0,0.6,54.0,3.0,4.754248236400636,14.757346702718946,1.0,46.46523156759119,0.0,obs
0.47572072894753054,-5.378489616835387,1.9348945479273614,1.0300151533149706,6.093637825294981,29.49688388257268,227.0141382704647,-0.5386139372373794,-3.0,0.10096857385188218,-9.256638745492664,0,2.0,0.3,1.0,0.6,69.0,3.0,6.57593011033381,2.302869361873354,1.0,28.349628162724876,0.0,obs
0.6727302822486126,0.601954365233375,-2.601917245405793,0.5623886120119722,19.31858839275688,112.93526607245599,140.32220725935758,0.11448496783219499,-6.0,-0.14514533243732722,6.874687204452485,2,2.0,0.59,0.08957495206395735,1.18,54.0,0.09831734413933212,11.471188726334658,0.0,6.437931296154886e-05,1.786538753114657,11.470450219085604,obs
0.3697598054694097,-5.558304791891974,0.26947002117008034,0.5279139070819421,18.369220828287492,72.13026849320715,190.56972141775208,0.3082538712339016,5.0,0.02291828347841731,5.456189252576342,1,2.0,0.44,0.03125,0.88,83.0,0.032257080078125,15.47020838602576,0.07468589014234461,9.5367431640625e-07,1.3666906626502284,15.470193632485353,obs
0.6619922145529609,-7.69760842091039,-0.8780677529595651,1.092384598795832,26.327774624349104,188.29660577247353,147.78656065547875,-0.0007860022345980913,4.0,0.006597450310600346,5.426104236965474,1,2.0,0.44,0.03125,0.88,65.0,0.032257080078125,11.429330980869091,0.25040348355784425,9.5367431640625e-07,1.6222798894364099,11.429320081009681,obs
0.12027525519205343,1.6400885226382838,-0.5560655767096574,0.8145923504281899,22.752375576330042,127.35198757093967,186.33434964334802,0.05509028889067901,2.0,0.17143803203566024,21.08305568559224,9,6.0,0.75,0.05157769627724701,4.5,95.0,0.054375165048509894,86.5728487020108,0.17319344203992498,7.076976634379228e-06,1.6869190542643338,86.57223602798337,obs
0.6285698357490497,1.0564506876454716,-1.357211254821633,0.7284629472867582,16.76165903787097,106.46926126326625,169.72641598625827,-0.5224044471532936,-3.0,-0.023013619311163767,4.885886000623728,1,2.0,0.44,0.03125,0.88,60.0,0.032257080078125,10.285793630008348,0.2008126603188648,9.5367431640625e-07,1.5501477829069852,10.285783820711139,obs
0.40515713478828047,4.054973799246531,-0.2543260735506661,0.9784984375500247,5.576465034823494,160.61770274804365,213.86098203379294,0.053243097301340886,6.0,-0.017160059837507027,1.0408356872790825,0,2.0,0.3,0.9869773480838848,0.6,82.0,2.9225402378504777,7.091733620916774,1.2939305770856955,0.9489181238555175,26.262402742201196,0.3622590584733327,obs
0.19328874585874642,15.301046364923376,2.7618834216403565,1.2376878463775032,16.66586729205408,55.42502485457355,167.08138775394346,0.25569949808718595,-1.0,0.08549597531646885,27.85839454817572,11,6.0,0.93,0.03971845376440253,5.58,87.0,0.041358667401782886,115.30947429230059,0.08697440851154625,2.4886815747082736e-06,1.4573775697765123,115.30918732373654,obs
0.519899411654209,1.9410267184759278,-1.8966455417658206,0.6045626491003294,3.6014715837687,164.84901535506015,283.9649695052408,0.1638002921355643,-1.0,-0.13263486680493447,-5.130865765814362,0,2.0,0.3,1.0,0.6,68.0,3.0,5.348604862005187,5.323543041325533,1.0,32.74333533283714,0.0,obs
0.15473293117005535,3.395572369448907,-1.754415003718241,0.8559906986682051,13.203007332682173,5.596915448498124,145.56760902705528,0.2851004519560457,5.0,-0.022088320655085866,13.540755435089368,5,4.0,0.6,0.016302640331749274,2.4,96.0,0.0165727492654058,44.030263844586926,0.0,7.063692564202029e-08,1.1325819941232464,44.03026073442445,obs
0.42294605403890756,-7.542929302071277,-1.9529018552452568,1.687139594297206,12.146724352627082,125.83708561646495,34.29740182072195,0.706303950318116,2.0,-0.04557250108405106,-3.06074373758509,0,2.0,0.3,1.0,0.6,77.0,3.0,6.037687800014155,7.814844131007174,1.0,36.36704600873771,0.0,obs
0.6044075225591442,-9.008352083754621,2.5911274299421514,0.6890159756851605,13.123159043436484,187.27764445392688,93.82085456042583,0.46848327095717085,7.0,-0.013891181270510023,-7.439157563344336,0,2.0,0.3,1.0,0.6,71.0,3.0,6.968973309940085,1.0040952015801574,1.0,26.46050211138932,0.0,obs
0.7553419511097997,11.079806127413336,-0.6935095582819304,1.3516068086565027,9.275473878264467,158.63269064660466,165.1638516887971,0.03564730674871848,1.0,0.0848406448962838,5.546566226542532,1,2.0,0.44,0.03125,0.88,57.0,0.032257080078125,10.119379142343748,0.5221696450175606,9.5367431640625e-07,2.017576124286906,10.119369491751762,obs
0.6332849039729217,-6.464358459533125,-0.03845859052151132,0.8454251336511107,19.831591638219418,171.4586674687351,175.95440000993872,-0.585879175941639,-1.0,0.055416148508217314,0.07608750123254371,0,2.0,0.3,1.0,0.6,62.0,3.0,5.377226258305033,7.685377979709485,1.0,36.178731606850164,0.0,obs
0.31317400739112344,-7.3076085002804945,-0.6041744116593595,1.208123711562406,23.864556149768266,82.4061655584426,179.14389311425444,-0.3000026373555597,-2.0,-0.07486823085286763,9.593832033736296,3,4.0,0.37,0.021357945346727136,1.48,79.0,0.02182384985558323,23.733784858194777,0.0,2.080836146722831e-07,1.1745907988446658,23.733779919583036,obs
0.4241585569042222,-0.2736924485158708,-1.4166343176046372,1.4624679699624255,21.981441807573415,165.72659448952462,222.92906653292218,-0.10981557595870767,-6.0,0.013669920332721245,12.581621526330652,5,4.0,0.6,0.034257112470688716,2.4,69.0,0.03547086465145927,32.141741941836905,0.039501425894911305,1.3772190270433526e-06,1.3412235366951815,32.14169767561834,obs
0.11902914820426781,-0.6313468936417185,-0.3527259699216531,1.2927704312146224,18.32155449056289,112.41217468090198,104.15499850673254,0.12617291567072367,-1.0,0.14904416141005242,14.718556659377128,6,4.0,0.74,0.078125,2.96,92.0,0.08470535278320312,55.473790422451536,0.15609736891442066,3.725290298461914e-05,1.9046935406866006,55.47172386271874,obs
0.4375731114419567,-6.317545545103042,3.68736540860484,1.3701800090073704,15.996964782658345,125.61534611812378,209.52399334119883,-0.23916638074969754,4.0,-0.08313656987973053,0.32498375120497747,0,2.0,0.3,1.0,0.6,78.0,3.0,8.027566456405806,0.938241473205491,1.0,26.364714870117076,0.0,obs
0.49518710642826946,-2.1348125309917,2.0881063814613823,0.6710418986181063,2.8081886802087896,16.488491170481684,220.08871374218745,-0.4678665995921758,2.0,0.014516678039701261,-9.48934080282227,0,2.0,0.3,1.0,0.6,73.0,3.0,7.0057380171269585,0.9766643039269074,1.0,26.420602623893682,0.0,obs
0.8267448464862786,8.60563002355073,-1.2794067266884084,1.4707655372633366,20.79628396598995,44.30258094900647,141.0458032076231,-0.5940993445601686,0.0,-0.01931606769386286,13.15413593180044,5,4.0,0.6,0.0234375,2.4,52.0,0.023999691009521484,24.44347006602973,0.028725418335282412,3.0174851417541504e-07,1.2337799547456736,24.443462690248953,obs
0.47937748159612775,-5.6419552618225834,0.9713611545925286,0.7442475585096814,16.169556429040934,112.43806102514276,138.58565676950695,-0.8255888795277655,-3.0,-0.006300501583677696,0.027893559946368995,0,2.0,0.3,1.0,0.6,69.0,3.0,6.287069444069911,2.268542830106982,1.0,28.299698661973792,0.0,obs
0.2838990344817634,-9.755707390563202,-1.2472841589995647,1.094073520289259,9.039267317261059,16.466206275582042,78.30969212724143,-0.11747535188728443,1.0,-0.16306576222494007,-6.387807797595369,0,2.0,0.3,1.0,0.6,84.0,3.0,6.844094636591331,1.6357887342795885,1.0,27.379329068043038,0.0,obs
0.5996614341687793,6.598155346298546,-2.6645514582693313,1.0935826085304643,10.523893010189482,149.58212728460407,141.7765915889509,-0.7348327210351525,3.0,0.14107628543122044,4.4240826787666645,0,2.0,0.3,0.003125439799948976,0.6,68.0,0.0031352387043567832,7.423015216585908,1.2998107024263283,9.542111545357557e-11,2.9157156586186046,7.423015215877595,obs
0.4144770999813496,3.446078383566257,1.5292663764969443,1.1829973961911635,26.325776448213276,168.8111166617708,242.44039876089334,-0.5002628420786961,1.0,-0.07743519008881833,20.38736662469007,9,6.0,0.75,0.08418812100703615,4.5,76.0,0.09187245579602331,76.2606574755656,0.0,5.0234636781998354e-05,1.7349796463681866,76.25682654913655,obs
0.6684255487761862,-4.343630344540631,1.7401392699653262,1.1238105827409148,18.233418373047904,184.47066045248695,275.42271149846863,-0.19695093642215125,1.0,0.10260719701535329,0.14363090995506475,0,2.0,0.3,1.0,0.6,62.0,3.0,5.856343723343762,8.24763983007814,1.0,36.996567025568204,0.0,obs
0.4306675695813812,-11.075169112888425,1.569078376571849,0.7465412908446217,14.373723301095737,24.844849540062157,190.27556165585065,-0.6679586546957169,-3.0,-0.06213766080475112,-5.896458117634992,0,2.0,0.3,1.0,0.6,72.0,3.0,6.747402725250339,1.2794093499901031,1.0,26.860959054531058,0.0,obs
0.5103640041974724,-5.212363495069942,-0.7047978738293591,0.6264991957815574,18.1439652324186,188.24544836444602,110.82999270566067,0.18987609424934848,3.0,-0.06255046518957602,2.7408447948595924,0,2.0,0.3,0.0833228173599697,0.6,73.0,0.09084399390134314,8.754568463213717,0.27002311522659544,4.820097071833729e-05,2.119512846085793,8.75414648451557,obs
0.4138907164058184,-0.3829310579448992,-0.25016360100297935,1.3528188426326093,12.757300449627081,18.185901487712524,214.2182240381275,0.3701115318028436,-10.0,0.12131232504654668,4.513212312932964,0,2.0,0.3,0.0017327892661005428,0.6,65.0,0.0017357970275426397,8.085452799648884,1.1001125650408963,9.015344026863659e-12,2.6140501071889175,8.085452799575991,obs
0.5007210343053725,8.159704629186734,1.1246483304871848,1.0664922434631896,14.224739103278422,97.44096210592399,229.83947634792105,-0.27471350988769927,1.0,0.09938846034779243,11.917335309864008,4,4.0,0.48,0.015625,1.92,71.0,0.015872955322265625,30.165155110422592,0.12106867964305529,5.960464477539063e-08,1.3030835402407508,30.165153312439237,obs
0.45259463357686325,-7.256073824087599,0.5872440560221608,1.4890760353655146,9.54804067439943,168.84894902242328,119.69745027077883,-0.21851365380500087,8.0,0.02086658989639829,-7.240855374399659,0,2.0,0.3,1.0,0.6,81.0,3.0,7.245290097784901,1.8019688465718473,1.0,27.621045595013598,0.0,obs
0.6360820407544401,-0.5916391705803141,-0.5904562069455664,0.9846235014035094,13.436185815382757,18.710672020068795,253.1679226021776,0.2687148850695387,-5.0,0.07611505498063198,0.8119182522077479,0,2.0,0.3,0.9941310179298641,0.6,58.0,2.964923685224546,4.909017820779368,8.962342155147295,0.9843427573535873,37.75552352564698,0.07686168317550647,obs
0.15317666997168417,4.726012619264286,-2.428607730177247,0.6146125478940305,19.825398043385672,8.555059232851809,49.89787467735182,-0.3569975486173395,-1.0,-0.02885527802564,21.144427600931103,9,6.0,0.75,0.048700887745737775,4.5,90.0,0.051188171832448934,74.1529822875378,0.0,5.625323610480848e-06,1.4095053746595916,74.15256515301574,obs
0.4505796256924181,-16.668871380853446,0.1708127912130184,1.3974891174202653,3.0384900522481995,9.864805147796885,32.90350375200689,-0.39136695579864755,-0.0,-0.000836762771888992,-22.364197851185555,0,2.0,0.3,1.0,0.6,73.0,3.0,6.397625381157839,3.67985871687063,1.0,30.352521769993643,0.0,obs
0.4916717206700276,7.236503175572299,1.61851445885417,0.8795893371918009,22.670712589700027,104.69769669002655,63.2021086106542,0.5982492390931452,-1.0,-0.06616243924638192,20.855962718903136,9,6.0,0.75,0.062222679090798705,4.5,70.0,0.06633524605334389,70.79876851322045,0.0,1.498976504121785e-05,1.5306819684267512,70.79770725631523,obs
0.8858630550081676,-8.27715400544506,-1.7963824335512357,1.1257770101329994,9.357468062394133,163.2613651963493,72.12225391342763,0.44209386935639355,3.0,0.09040649493002598,-15.43474842622202,0,2.0,0.3,1.0,0.6,51.0,3.0,4.033670568344819,10.250544011380335,1.0,39.90988219837139,0.0,obs
0.7227870065370355,2.323968454198542,0.9581390725139656,0.7990861432534851,19.746554629244994,29.84820085915693,267.31083889588473,0.30077500117195977,2.0,-0.06934133311673524,8.421918367114547,3,4.0,0.37,0.07689799485731363,1.48,60.0,0.08326601750742109,19.300309880155073,0.0,3.496713596717882e-05,1.6661281400593686,19.299635003595284,obs
0.4015467226910172,1.7267820472752085,0.49731254270053893,1.7675648723834816,18.71085818168156,29.298999545510423,144.74505959974582,0.46282231069704644,0.0,0.1485156344937853,12.97075407985791,5,4.0,0.6,0.0234375,2.4,76.0,0.023999691009521484,39.11563849614791,0.16884758093214922,3.0174851417541504e-07,1.4375940094320252,39.11562669306211,obs
0.874911657335114,7.592104740246914,1.1252223948485005,0.7381184526446932,18.968329277673938,115.86663673470937,104.23155683200306,-0.9886393626836815,3.0,-0.03158341683198244,8.856232360201382,3,4.0,0.37,0.04975337028938642,1.48,52.0,0.05235192753064019,16.93786026783927,0.02604253522656793,6.127594541327497e-06,1.4566954714837659,16.93775647949915,obs
0.544210098720818,3.8564706662547823,1.3079632495785107,0.8896838575292387,17.811351822650874,50.68764215832512,145.85028131644123,0.6769177733965537,0.0,0.0020508564016334337,11.734065929505304,4,4.0,0.48,0.015625,1.92,68.0,0.015872955322265625,29.141276931566903,0.02158307543277541,5.960464477539063e-08,1.1583772068439802,29.141275194611442,obs
0.7046566558506242,-16.64103344210987,-1.0416978628880296,1.0379227110227796,26.936647789807907,147.3916783532504,136.60704102917072,0.1960310582918711,10.0,0.07587280206543344,-3.342570088134236,0,2.0,0.3,1.0,0.6,69.0,3.0,5.683568233794879,9.44312526904601,1.0,38.7354549367942,0.0,obs
0.7434077444542991,-5.49345473009194,-2.425439100247419,0.6849954683229807,15.216948230080162,190.17890069446622,111.39465035676459,0.5053906920028675,0.0,0.0023864421189582017,-4.352902066719106,0,2.0,0.3,1.0,0.6,56.0,3.0,4.2760724727122135,6.184470543733854,1.0,33.99559351815833,0.0,obs
0.892746423926319,0.9674359054729605,-0.800279288524319,1.1213073970126364,21.04029700339914,154.37651428708054,67.23288725123064,0.1935808895581813,1.0,-0.029790831428531023,5.161651993279798,1,2.0,0.44,0.03125,0.88,49.0,0.032257080078125,8.651007114938277,0.5923719355648355,9.5367431640625e-07,2.1196885469011244,8.65099886469498,obs
0.5414886448917712,-1.3648592028385087,1.333690976290511,1.7478424976338787,20.341682612099017,176.04919644388872,207.09717473294776,0.024462412340078097,-6.0,-0.003002344780847147,7.8745494168801535,2,2.0,0.59,0.0546875,1.18,62.0,0.05784177780151367,16.247150127033485,0.14839810626740188,8.944422006607056e-06,1.678586013346512,16.247004805666343,obs
0.8358690472882502,3.343275108297393,-0.8130058552889565,0.8437482791678028,8.14295700923659,106.31928122647571,66.88318875050695,-0.1376546061810273,-2.0,0.08938183535575839,-4.515040117850202,0,2.0,0.3,1.0,0.6,49.0,3.0,4.084844891360206,7.704210054845172,1.0,36.206123716138435,0.0,obs
0.29894051999667937,5.525565889687938,-1.041064985786463,1.146692243403042,9.365951818857466,167.302264322419,239.36460222162208,0.18357218844310272,4.0,-0.06628522221367054,8.27979007131617,3,4.0,0.37,0.08578101334471222,1.48,86.0,0.0937706050811789,24.98603575667306,0.0,5.414578934370695e-05,1.7501648406494312,24.984682868044445,obs
0.7735241435980845,4.259162155007754,-2.7320255128869575,0.3858014746697704,13.024444552081164,40.66612087740306,84.45576358572248,-0.15587395445227606,-4.0,-0.012623700727326478,2.604850770084881,0,2.0,0.3,0.11149346631236054,0.6,51.0,0.12531021154667077,5.4458373481869105,3.469234608167348,0.00015452461536324957,7.048641122434963,5.444995832265351,obs
0.6088129844207593,-1.4999245978812565,2.6289713318264085,0.9866050509658365,9.22014619204344,18.32783862714734,227.47025292599415,0.4339380500325562,-7.0,0.0010286727337475358,-3.6104143852442805,0,2.0,0.3,1.0,0.6,57.0,3.0,5.604181796730249,8.905139257700414,1.0,37.95292982938242,0.0,obs
0.5728004741468875,-12.924359077843363,1.238570462137965,0.8972318040676334,11.535320572178952,132.91085647431376,247.50824853777607,-0.7932283222761002,0.0,0.08645851955276564,-13.821383195653796,0,2.0,0.3,1.0,0.6,66.0,3.0,6.090343171142734,3.8609090232874523,1.0,30.615867670236295,0.0,obs
0.3830999511548869,-3.1883687419837208,1.1548439719121466,0.7531160948416895,12.164975962135955,15.130738232820907,63.8380226391017,-0.2707879308971389,4.0,-0.009984537387143657,1.4234755532520766,0,2.0,0.3,0.9001786704500593,0.6,81.0,2.439934564575094,7.902924193665562,0.5898471797576497,0.6566211581993178,21.377436050793698,2.7136969564594713,obs
0.843818132281868,2.914577036972686,1.4515880801692105,1.4544465232362198,17.700478584396944,179.0338767322377,53.421357437761095,1.0224116242383232,0.0,0.18082990944937222,5.4615209889356695,1,2.0,0.44,0.03125,0.88,51.0,0.032257080078125,10.060169612381024,0.6603500379821419,9.5367431640625e-07,2.2185657867808426,10.060160018255646,obs
0.629036400904758,-7.633130767853343,0.8650625423151025,0.8931380431622064,7.717141111111602,139.85305868594662,286.38464807648813,-0.3130402317861962,-1.0,-0.015653857771509513,-12.962775633034116,0,2.0,0.3,1.0,0.6,62.0,3.0,5.620616157950538,8.044916981767395,1.0,36.7016974280253,0.0,obs
0.5776422262968883,4.4189231108510345,-0.3664932827692936,0.9403717483135683,22.91158851279387,190.67914145473785,155.0226378231968,-0.11934186153173901,-6.0,-0.023768363840527995,15.503645786499904,6,4.0,0.74,0.0546875,2.96,60.0,0.05784177780151367,36.297635362389066,0.0,8.944422006607056e-06,1.4627342224121094,36.29731070102054,obs
0.48765127753797033,6.358753080871131,-0.2456461561833025,0.8775130563885591,13.37594527605912,66.20789798108095,200.16358364270687,-0.44129046667503813,1.0,-0.017103212161773174,9.514890842274044,3,4.0,0.37,0.02382485757992253,1.48,72.0,0.024406004975742204,22.02213059443997,0.019374163516784244,3.2219682222223156e-07,1.2234286412848965,22.022123498979475,obs
0.07731642536612754,0.888068834070898,-0.6413465468881873,0.5147857441137617,20.36234690376442,99.80087029431607,36.28031883287729,0.16792283644291195,2.0,-0.13166414286580103,19.348730592948474,8,6.0,0.65,0.02484877469644564,3.9000000000000004,97.0,0.02548157946463974,76.6026817155771,0.0,3.8125883228268265e-07,1.203852635717118,76.60265251012812,obs
0.7716046143560276,-21.446459064186772,3.9521111316225,0.675615193408213,4.117504512261265,149.6296211837982,105.25174875021177,-0.36813244507109744,-6.0,-0.1036726846758685,-32.66082242860675,0,2.0,0.3,1.0,0.6,49.0,3.0,5.099321866435769,5.993754435833248,1.0,33.7181882703029,0.0,obs
0.24599035445013895,-8.946618538982623,0.8338680469491638,1.3950531986187051,14.21910024723354,52.34190216486001,166.45736673103428,-0.09280546740352505,4.0,-0.05306668897390933,-0.11736843448057446,0,2.0,0.3,1.0,0.6,89.0,3.0,8.056241250982342,0.9715274106101239,1.0,26.41313077906927,0.0,obs
0.8047332447846338,13.203324109892572,-0.6957006620271519,0.48147144952018217,2.7337078366105363,110.66051992177505,269.27894461513904,0.4244332680175353,2.0,0.11358298488501298,0.5849224246691198,0,2.0,0.3,1.0,0.6,55.0,3.0,4.6130618762810975,4.458862816804653,1.0,31.48561864262495,0.0,obs
0.760432490906593,-3.8257645511986462,0.6982451612494197,0.7668535580806674,19.573659787204683,133.59611862606823,103.2886427423816,-0.3493817094074079,4.0,-0.0033126059362010123,0.6893086918149209,0,2.0,0.3,0.9979625666921399,0.6,59.0,2.9877919962331156,5.312597350141916,6.917540755741815,0.9932928477903381,34.96421343276211,0.035632399056048265,obs
0.599089106012921,-13.889002561902972,-1.5163033767844762,0.8706919059128465,10.93646200192381,195.86768761717303,239.3016563618543,0.39430555963261044,2.0,-0.04846441896157066,-14.829342370280107,0,2.0,0.3,1.0,0.6,67.0,3.0,5.3806678239029475,7.809530031901862,1.0,36.35931641003907,0.0,obs
0.22383146847560847,8.646731718171907,2.2567600778838406,1.8294371160254048,26.680573166751543,150.21714237726505,208.79749062984948,0.41111465778017825,2.0,0.12265347456065955,30.397198382604085,11,6.0,0.93,0.015625,5.58,89.0,0.015872955322265625,115.78242660104476,0.1248204994941844,5.960464477539063e-08,1.3085407327514842,115.78241969987435,obs
0.19274293108080828,0.09348914080570998,-0.9916036437107102,1.3050640950451644,10.427229579636904,28.03551580441943,61.12310730755114,0.5274780473596469,2.0,0.15511771328922608,7.125286616091659,2,2.0,0.59,0.0546875,1.18,90.0,0.05784177780151367,21.013940227690526,0.21566540881970453,8.944422006607056e-06,1.7764293625134977,21.013752270141108,obs
0.5527453913687409,7.734583422704079,0.7516281489336987,0.8244741149941037,16.658953348460898,97.69002301974551,109.21129665383907,0.07027049745902014,3.0,0.12553824609077605,13.596785890753518,5,4.0,0.6,0.014551688592244594,2.4,70.0,0.01476652157706732,36.52497004098725,0.13654276774464616,4.483875737371079e-08,1.3167398347905692,36.52496840325298,obs
0.5423234103127772,1.938710726535557,1.5989664446147018,1.5712897839132287,8.692076968059983,119.81030268296655,94.22328983842733,1.6206295384883929,-6.0,-0.08530899972351577,1.5383798599552523,0,2.0,0.3,0.8678618341897911,0.6,62.0,2.274705786828066,6.290276902601663,4.695513473979143,0.5672863837604626,26.027484074957826,2.721888465672802,obs
0.12748270386212615,3.2099139534851817,0.5771528163074892,0.7737378135334937,18.122928352630847,33.59151285854878,149.48244864478707,0.527266848271041,-5.0,-0.049524862019365574,18.828930977505653,8,6.0,0.65,0.03813257475095888,3.9000000000000004,87.0,0.03964211632791901,72.87585053933144,0.0,2.1143872004358855e-06,1.317136930623352,72.87569645156583,obs
0.5066406143622445,2.5410647340016164,0.1417049877294573,1.4184467373580114,14.1431011034641,89.23338111131028,201.54024562284775,0.16243881220341327,-2.0,0.1813736070314719,6.630050061807722,1,2.0,0.44,0.0078125,0.88,68.0,0.007874011993408203,12.640506353096114,0.41906580950444117,3.725290298461914e-09,1.672542364317362,12.640506306006559,obs
0.15634476053501745,4.882418183447,0.016203127284022737,0.6245468787146452,11.636334799146455,60.381134185485486,147.02333398729678,-0.4379622070408676,-0.0,0.024113969200002208,12.40397393249231,5,4.0,0.6,0.042584343431861016,2.4,90.0,0.04447499330596645,45.09590269709321,0.02940418139692766,3.288514965560374e-06,1.3985696648432628,45.095754398542304,obs
0.33719820568613207,15.942013139892689,-0.0846616453306607,1.450324636849749,7.2959230760846765,28.171370741095064,96.02487545298762,-0.04852956293707049,1.0,-0.02676270648960786,16.552387229697203,7,6.0,0.55,0.0507795754381567,3.3000000000000003,81.0,0.053489079170079404,55.45048508512208,0.0,6.648998911895632e-06,1.4279126333606351,55.450116394907084,obs
0.5580723954683906,6.797044351714316,-0.8650477333912533,0.8687596087577008,4.899554943257838,104.84817702537363,217.88726742163436,0.713163488450017,1.0,0.07183479613308373,1.179776045020737,0,2.0,0.3,0.9687191571401236,0.6,68.0,2.8161982993335606,5.762965503502802,7.912390265171326,0.9107874654196186,35.03851768946314,0.5141287592667886,obs
0.1405053734195307,-11.062375224918744,-0.6742251446545564,0.7002734900140302,5.116857482873505,37.298450797407355,187.80719557210224,0.8547673078131344,4.0,0.10072990673581124,-8.458545894019332,0,2.0,0.3,1.0,0.6,95.0,3.0,7.976880173051205,0.636804227669255,1.0,25.926260694791644,0.0,obs
0.25703256530651847,3.126630606952324,2.2193855604764026,0.9275387057750202,27.97504045514438,120.15479467421605,170.2147550022368,0.7391645502201146,4.0,-0.057144957092826444,26.071347722603978,11,6.0,0.93,0.05527336495077062,5.58,89.0,0.05849737796129346,114.85539726128658,0.0,9.333910194864181e-06,1.4679790236903476,114.85432521132316,obs
0.3982077558970217,7.990365376722524,-0.162804949027735,1.1008414501878188,12.720078898288103,38.09090178716376,179.69329131041417,0.3925961533648098,-3.0,0.02194399586199315,13.108953427368826,5,4.0,0.6,0.0234375,2.4,73.0,0.023999691009521484,36.36160392694,0.03678142411440917,3.0174851417541504e-07,1.2454977813334942,36.36159295488004,obs
0.5969784094803497,8.418905645753021,-1.1786944040741596,0.842496405084199,2.050172404706826,146.1010101025501,89.91317449933236,-0.627830103147786,1.0,0.09265600692170585,-1.9241247091148421,0,2.0,0.3,1.0,0.6,66.0,3.0,5.397171632266183,7.696186062806594,1.0,36.194452454991406,0.0,obs
0.4697425498140824,-2.9862348814136968,-0.7744463952922629,1.2115434478446838,26.77614855627637,43.07211649078573,213.7163864949632,0.24358090891283504,-3.0,-0.11602871459598532,14.659973066494112,6,4.0,0.74,0.078125,2.96,69.0,0.08470535278320312,40.712301734215885,0.0,3.725290298461914e-05,1.677642822265625,40.7107850827891,obs
0.21790973646706546,8.154611116316893,1.6505560210458348,0.817131693627486,2.519478029975129,179.77559465134917,134.62514459546745,-0.6207011890264988,-1.0,0.0012345457426139817,4.896734587690799,1,2.0,0.44,0.03125,0.88,86.0,0.032257080078125,17.121554135143967,0.06334719394340536,9.5367431640625e-07,1.3501980136335896,17.12153780675753,obs
0.4935230317114728,6.494196796858437,1.0134099497467177,1.239742009580797,12.883239264417876,10.110824527017726,128.1363113271053,-0.7437355966903793,1.0,-0.11143896530507154,9.204849306613516,3,4.0,0.37,0.033513655569314016,1.48,72.0,0.03467446204756386,23.389829660443603,0.0,1.2614998634585817e-06,1.2773956963805109,23.38980015417668,obs
0.5876677647056102,18.00762205878811,0.8404937673483854,1.1655466634065388,20.654417235237055,106.7894904739185,70.42823623202804,0.11957934228861929,-11.0,-0.0983580496926811,27.37185168706974,11,6.0,0.93,0.046875,5.58,54.0,0.049175262451171875,65.45359991761445,0.0,4.827976226806641e-06,1.393402099609375,65.45328390919009,obs
0.29181670902175333,-5.250012153739581,-0.38628179836468723,0.9791167734982222,25.779580353665803,67.42042934787665,191.14608032862054,0.2615997236348752,8.0,-0.05631000774803041,14.550032091567424,6,4.0,0.74,0.078125,2.96,91.0,0.08470535278320312,54.77709987985652,0.0,3.725290298461914e-05,1.677642822265625,54.77505927386892,obs
0.5071112833110228,-3.5518040348029767,0.8600437052594176,0.8582161242780001,20.535043577234628,48.889922526045204,192.71939084755678,0.45168854924040236,2.0,0.04771195378794704,7.3999946097768055,2,2.0,0.59,0.0546875,1.18,72.0,0.05784177780151367,18.44876141481747,0.10204907300812635,8.944422006607056e-06,1.6111692376966569,18.448596401309874,obs
0.9057260947827066,-2.1428333392196772,-0.9653416874259719,1.0538975787510192,14.054269627400306,96.96254193720387,121.88117378996266,0.24856812019304697,-2.0,-0.03220226286381347,-5.091940845810404,0,2.0,0.3,1.0,0.6,45.0,3.0,3.7216038838722323,9.479223385364126,1.0,38.78796128780236,0.0,obs
0.24484177503451932,-3.431555050271427,-0.3894210470186618,1.2099916853795158,27.33549301358669,169.19380958323083,262.1595153536942,0.26579299287137415,6.0,-0.06484181249684061,18.305606276177297,8,6.0,0.65,0.0625,3.9000000000000004,91.0,0.066650390625,72.35447384752672,0.0,1.52587890625e-05,1.533203125,72.35336980587255,obs
0.6969604774228595,-6.230145248345221,1.454706731087618,2.042609541711298,3.022303958865031,183.4790550776965,258.27363265316563,-0.4923262924961882,-1.0,0.005155456332495925,-17.73350199680017,0,2.0,0.3,1.0,0.6,58.0,3.0,5.406586096234078,18.439706570276947,1.0,51.82139137494829,0.0,obs
0.9395582128996094,-19.3387285397162,1.3114165183785966,1.3846186794636695,27.659197265988208,64.13348053882993,59.444662750256455,-0.05248834234233318,0.0,-0.11469627282664296,-9.270724548018295,0,2.0,0.3,1.0,0.6,45.0,3.0,4.166749367558849,12.381487309332963,1.0,43.009436086302486,0.0,obs
0.2798409650960937,-3.0428963160619387,-1.4728647689262049,1.4022706787759538,24.084180344419412,35.077506308538894,217.66036470867792,-0.7535583928172439,-2.0,0.04288032178339102,14.36670050137103,6,4.0,0.74,0.078125,2.96,81.0,0.08470535278320312,46.056507494234445,0.054235022341001186,3.725290298461914e-05,1.7565301274888994,46.054791755628955,obs
0.26482653605254514,2.5855064178993308,-1.2832896793628636,2.915064680067863,26.15218044528534,145.4273872754299,136.33538416995603,-1.0016845647000978,5.0,0.11313867619583101,21.825142266876774,9,6.0,0.75,0.0390625,4.5,89.0,0.04064798355102539,78.23145345090253,0.1208875736422395,2.3283064365386963e-06,1.5010203391605514,78.23127130410593,obs
0.7569144817322334,-3.452552918541375,0.1630532292201145,1.195701759268367,8.624083026535953,118.48975146391771,299.9230097869811,0.37032135492153706,-0.0,-0.007920404098801157,-9.446280929120189,0,2.0,0.3,1.0,0.6,56.0,3.0,4.905879433978521,10.783287973298203,1.0,40.68478250661557,0.0,obs
0.29266923608351664,13.547668284703768,2.589198562004265,1.1828010976790122,5.703909879391014,44.19814899212418,90.75638001485615,-0.3765621968954794,0.0,-0.020264899330020833,12.970250870937988,5,4.0,0.6,0.0234375,2.4,83.0,0.023999691009521484,47.07808877470137,0.0,3.0174851417541504e-07,1.1919975280761719,47.07807456895803,obs
0.2550485289661252,0.09363068901103805,-2.8733477467034914,1.2761885948452742,19.246197263690203,153.25767867705014,105.74153546191214,0.43624925107152673,4.0,0.03734403532155694,14.098567445725456,5,4.0,0.6,0.0078125,2.4,89.0,0.007874011993408203,38.36634111917606,0.0526516844858915,3.725290298461914e-09,1.1395763642903805,38.36634097625031,obs
0.3263399911584965,9.037203386288947,0.41749940935575636,0.7050291938871296,15.41234538763912,106.19143487221751,149.36869953004643,0.5541737889400193,2.0,-0.2028469418831545,18.08029836314117,8,6.0,0.65,0.0625,3.9000000000000004,83.0,0.066650390625,68.7090946676257,0.0,1.52587890625e-05,1.533203125,68.7080462500435,obs
0.8087225901435202,1.8299428891097784,-2.064064997359722,0.8574674691027742,15.602366979353866,132.41206390394447,102.55309014377904,-0.30965866231159883,-0.0,0.05368174565978674,1.549982066996075,0,2.0,0.3,0.8645987134595597,0.6,53.0,2.258443933720857,4.473377765665303,7.792325654312315,0.666294102968199,30.401843330584768,1.4927925400534534,obs
0.2419454802582048,5.784851169252805,-0.9514964902883183,0.839169826663228,26.04009864056366,75.0711116228608,216.83820892435884,0.29515554727764953,4.0,0.3101885803744864,26.69561765909471,11,6.0,0.93,0.046875,5.58,89.0,0.049175262451171875,98.60130031328676,0.3115712131710156,4.827976226806641e-06,1.8465965914944886,98.60082426855291,obs
0.1528993913771743,1.9546908775349359,-0.5466426270963621,1.2514965340475295,18.122103572984816,90.62402445396332,159.84519028899976,-0.3305783643068208,8.0,-0.012267622111472039,15.977601122194024,7,6.0,0.55,0.0546875,3.3000000000000003,99.0,0.05784177780151367,66.15782156194723,0.0,8.944422006607056e-06,1.4627342224121094,66.15722981847215,obs
0.42773011591589366,9.58149242332494,-0.6307625151553364,0.9414483061532162,10.087659712719338,40.16670918311373,89.63728540937585,-0.922939437313412,1.0,-0.011912503371633071,10.434201684898087,4,4.0,0.48,0.07131643103716664,1.92,76.0,0.07676518211869653,29.338939549130828,0.008446687644642977,2.5867735093720867e-05,1.6264075480690527,29.33818061721464,obs
0.8546241607610466,0.39157545092680507,-0.8006939094888127,1.049046859592715,12.401730466864777,152.52059419084148,166.7209987613719,0.0616547022212292,0.0,0.07436070000996835,-3.762607363854416,0,2.0,0.3,1.0,0.6,50.0,3.0,4.170883736904155,9.542008607834212,1.0,38.87928524775886,0.0,obs
0.5942808569171103,3.4728449566215,0.010810590564555227,1.4574747728784692,5.470891712388132,35.61720820959941,269.97269691856036,-0.23543693985788036,1.0,0.16453326681979621,-2.9634933437355127,0,2.0,0.3,1.0,0.6,66.0,3.0,5.738272443832236,13.318243092047968,1.0,44.37198995206977,0.0,obs
0.540545681694017,2.564330535550306,-0.8028833499458676,1.3485152694318814,7.000165047167922,156.76900597645695,243.94682464951427,-0.22004450529356587,4.0,0.0974967844434135,-1.7784809419156598,0,2.0,0.3,1.0,0.6,72.0,3.0,6.005387663768658,6.817748917398726,1.0,34.91672569803451,0.0,obs
0.8858497306039471,-2.0179982068912317,-2.193686077281229,0.9455185245119566,5.727101825448001,160.6115317024943,164.68380959524168,0.9876715589227627,-2.0,-0.21556068785835505,-12.501178414501359,0,2.0,0.3,1.0,0.6,46.0,3.0,3.558806741244069,8.317743995862045,1.0,37.098536721253886,0.0,obs
0.3646871905132503,2.8348762324727375,1.1698044187841647,0.7928722957498557,23.067574871495218,150.58718799074873,107.89300284832588,-0.7629284913663359,-1.0,0.05633988376627469,17.490160375488827,7,6.0,0.55,0.01496430615278288,3.3000000000000003,77.0,0.015191587575357032,56.35368139661751,0.06052448362793074,5.014485027210469e-08,1.2095683131525736,56.3536785707706,obs
0.6209051459122696,15.640703723383774,1.1293082507233208,1.4818194682445884,20.32671016727509,8.787443671454383,78.5693454696825,0.19143556768573552,-5.0,0.2571930145241675,24.587207032079167,10,6.0,0.85,0.02771286018170671,5.1,58.0,0.02850214635036956,65.34614269753199,0.26292406929567286,5.898280235339115e-07,1.6104521806875716,65.3461041545458,obs
0.2699649703256335,-1.8927785946680942,1.2647614650340033,1.307456659729418,15.788970457882147,58.26097645830134,267.16337684046175,-0.49740361857237575,-4.0,0.062244104675946516,7.457697131918755,2,2.0,0.59,0.0546875,1.18,80.0,0.05784177780151367,20.896329437512925,0.12371017991771187,8.944422006607056e-06,1.6426763022924176,20.896142531924045,obs
0.5512982630814426,2.936254249972738,-2.311101744396123,0.5732555452952404,11.733563674316839,96.32585984440368,221.74507393464802,0.4541307046336622,-2.0,-0.11546019132717496,4.039587561512941,0,2.0,0.3,0.0078125,0.6,66.0,0.007874011993408203,7.346367087297087,0.5237636612233192,3.725290298461914e-09,1.82483014863573,7.346367059929737,obs
0.7840857883345032,8.804452656086099,0.4483772288762262,0.8971971018514684,19.380851548433114,121.13115384977517,184.48409184981378,0.1492156180875329,-0.0,0.0281829624418614,13.045185294379595,5,4.0,0.6,0.0234375,2.4,54.0,0.023999691009521484,27.72633820060875,0.05020324110583571,3.0174851417541504e-07,1.2650204242301146,27.726329834227396,obs
0.5049786641965721,7.981772966609961,1.0139682837103852,1.0590118304844134,23.135539040089785,184.24830937696478,267.4473544074905,0.1896721745903068,6.0,-0.1280687251341067,20.712777315817167,9,6.0,0.75,0.0689344948604535,4.5,76.0,0.07401403372015129,74.63258134792787,0.0,2.2581167385404832e-05,1.5921122697612105,74.63089605711605,obs
0.5427584275418883,0.08201492403555675,-1.5468031026593776,1.3096953174987362,24.912063607464432,78.24316456509695,62.85637759100416,-0.47244480880112993,2.0,0.12328036892688597,14.053618563796073,5,4.0,0.6,0.0078125,2.4,70.0,0.007874011993408203,32.51303811909507,0.1458349452488815,3.725290298461914e-09,1.2751156526729115,32.513037997974564,obs
0.29049765087304547,-16.683720920701532,0.013759872273193715,1.3706271459426398,16.22242193336467,175.62954716092105,214.27210722055844,-0.3827939566441617,-3.0,-0.09558825880279255,-7.465221628840221,0,2.0,0.3,1.0,0.6,80.0,3.0,6.956506879741855,1.9504368214166605,1.0,27.836999012969688,0.0,obs
0.25099593491596295,3.6169197305392635,-0.17439996796554863,1.1033465987909192,23.317013167312222,36.86871118668313,88.51232435157263,0.46362525367294305,-2.0,0.007424363469202304,22.287371446032083,10,6.0,0.85,0.09375,5.1,83.0,0.103363037109375,86.77249292149429,0.0097907282223525,7.724761962890625e-05,1.8411453561075126,86.76578995296684,obs
0.24990735929412516,-15.53631981036137,2.7632259878523957,1.2247487144136833,15.29395478873007,77.39969506418225,62.55590907431649,0.8853988608637814,4.0,-0.08577800019918477,-4.54917479311533,0,2.0,0.3,1.0,0.6,89.0,3.0,8.80230400785437,0.5515000497179822,1.0,25.802181890498883,0.0,obs
0.8708251250831834,10.289560616588618,2.8867440555188595,1.0224662898922279,14.337782318885163,15.194992110157985,155.71429770187194,0.24015390861209357,4.0,-0.0546448057547991,8.548792461589539,3,4.0,0.37,0.06896836395262662,1.48,53.0,0.07405305652840607,18.642895628432615,0.008471265029265984,2.2625578676049862e-05,1.6047462922698172,18.642473822130825,obs
0.3788184780326499,1.186317098352824,-2.496534589995301,0.7918137554045956,24.501228246174605,149.78541175584633,134.5960910363755,-0.4487103603857164,0.0,0.1486150645860495,17.267686178938547,7,6.0,0.55,0.021916624794979134,3.3000000000000003,78.0,0.022407490634799798,47.14814522024907,0.15471405776675198,2.307250192012944e-07,1.4042985545573103,47.14813434199236,obs
0.4156619036213059,6.997718139103923,3.740890508591984,0.9134700954826864,12.045722342881264,34.37728769941803,284.11687451780006,0.16946926123103412,-1.0,0.01034571648936973,10.741232682494731,4,4.0,0.48,0.04273306121991455,1.92,74.0,0.04463721120476959,35.18204583475657,0.023576171982850173,3.334694244627734e-06,1.3913903034313935,35.181928513390815,obs
0.6826986067555766,-6.314777967267358,-1.3728385817299857,1.0066004274741365,12.293729655058259,55.118903051449266,117.47447762299042,1.2137360221688047,4.0,-0.05592024737257201,-5.8609129044282104,0,2.0,0.3,1.0,0.6,64.0,3.0,5.179635506101014,9.0286486105815,1.0,38.13257979720946,0.0,obs
0.3772606570904063,-10.867552313100381,1.4710099414911386,0.9880586263338705,9.92769497740782,156.17048417767688,250.02360994404066,0.05121140535945585,-3.0,-0.11452279708867229,-9.080870782775357,0,2.0,0.3,1.0,0.6,75.0,3.0,6.996587722313492,1.3126929729861931,1.0,26.909371597070827,0.0,obs
0.3838014404080356,1.8252806889881703,1.4557469712955964,0.5203874678622413,15.486244935660034,109.26975989742844,232.18329012645307,0.7309204296967997,1.0,-0.18717014863994363,9.90854639933979,3,4.0,0.37,0.011523121421617932,1.48,78.0,0.011657433815795376,25.96154327297772,0.0,1.7631146431718037e-08,1.093259470526363,25.96154281524595,obs
0.431135077105207,-0.23522407969299383,-1.49353534026271,0.8713667994619212,16.166100875925977,7.7246802866002,210.3394449158048,-0.370164682919356,7.0,-0.12512806335226867,7.093067485601459,2,2.0,0.59,0.0546875,1.18,81.0,0.05784177780151367,18.413145507207517,0.0,8.944422006607056e-06,1.4627342224121094,18.41298081226363,obs
0.5114173417348137,-3.44078578310016,0.7399016907586485,1.0196609900594025,19.171989778071882,5.435864925742441,278.50812769921606,-0.02104302581819339,1.0,0.011195924144437793,5.698336258264269,1,2.0,0.44,0.03125,0.88,71.0,0.032257080078125,13.540687648337506,0.15284615155283027,9.5367431640625e-07,1.480378315610935,13.54067473493147,obs
0.6632419642315316,0.5926289651293464,-0.16130061639909593,0.9071300772315248,13.193060062848833,104.57882318927993,140.13964048296236,0.3097826030627713,-3.0,0.09802337687226637,1.1352384390913055,0,2.0,0.3,0.9812453588077762,0.6,58.0,2.8888725024185593,5.05749292042076,8.28487232388677,0.9474863418957671,36.16170339954741,0.26558745408755424,obs
0.26301799104792395,19.37205124422582,0.831495006948586,0.9180510582784598,7.663769588973583,64.466325181093,135.21122021537371,0.19866415413143204,1.0,-0.05603514924222011,21.64768228584192,9,6.0,0.75,0.0390625,4.5,85.0,0.04064798355102539,83.15746433529037,0.0,2.3283064365386963e-06,1.3251838684082031,83.15727071923091,obs
0.9082281614290438,5.841678831583404,0.34600845357093857,1.1841736263386378,24.537893622760773,40.16073196905954,73.45580436700753,-0.3831943400555804,-2.0,0.15705436007190146,13.086902854011676,5,4.0,0.6,0.0234375,2.4,45.0,0.023999691009521484,22.989612048510487,0.20159935860242842,3.0174851417541504e-07,1.4852329587706132,22.98960511142921,obs
0.5921026845821029,7.346490241043233,1.7945092280553703,0.6881408532567526,10.996022548188375,124.65081785464163,104.45576038366868,-0.4047587285652998,-5.0,-0.07175004222282269,6.283348097040859,1,2.0,0.44,0.0078125,0.88,60.0,0.007874011993408203,12.06862164529705,0.059542726112040895,3.725290298461914e-09,1.1495996975647798,12.06862160033793,obs
0.3550613668330224,5.907558240873489,0.11309931471909339,0.5689456509019652,25.996528915844543,49.545111984898284,267.5396431364351,0.49414220155132926,2.0,-0.02380117228798793,24.965674430087713,10,6.0,0.85,0.0234375,5.1,81.0,0.023999691009521484,86.92863487602416,0.0,3.0174851417541504e-07,1.1919975280761719,86.92860864543775,obs
0.8842124935251735,10.35623500696535,-0.25181110413946683,0.8863799760168757,7.391186658687849,120.48039418856484,158.08317588606937,0.5957754063250725,4.0,-0.1079576720337252,1.3099125634595263,0,2.0,0.3,0.932118261329214,0.6,52.0,2.6108284954248813,4.648888929071241,7.891621611518571,0.8164398991558021,33.36535030742606,0.8533505206337924,obs
0.7602726894428304,-1.3305017103052141,1.6440963495857706,1.3030360890160337,16.561494382141994,78.9568603643232,122.16539699149182,0.75607177906096,-1.0,0.0990761734567856,1.4216964636024514,0,2.0,0.3,0.9006790394140164,0.6,54.0,2.4425530824981525,5.388914953485588,11.858976876826478,0.8277972923406702,37.789845571732826,0.9279857463360693,obs
0.8111881708009158,-14.383329153727056,0.870593947287905,1.7942471536822597,15.951992431765758,41.415512445609,88.3502548721862,0.9019652416264339,-1.0,0.2097510614044568,-12.746095940929596,0,2.0,0.3,1.0,0.6,51.0,3.0,4.624635748457657,16.402831623386838,1.0,48.85866417947176,0.0,obs
0.973475515285742,-1.3201029310420687,1.0977200914813319,1.3111926850739948,23.54484404610188,31.93042388440599,160.93926756577605,0.06730971816129823,-3.0,-0.17618169609361978,4.016117283829675,0,2.0,0.3,0.0078125,0.6,40.0,0.007874011993408203,5.3103533951049515,11.657332286699173,0.48610341609328955,18.019111785691518,2.728972469081836,obs
0.7523432280065728,5.682149969975512,-0.9968800083878953,0.601323941077131,5.610136055521574,51.187817609821174,223.4996500254228,-0.1555996221157967,-0.0,-0.03461620686346983,-3.3811683088034994,0,2.0,0.3,1.0,0.6,56.0,3.0,4.623655677959139,5.392332361357632,1.0,32.8433925256111,0.0,obs
0.5667526591354218,-6.788602765805516,-1.567894172097711,0.9226600954485349,25.658366495853993,10.81726106253209,107.40684687341036,0.6754954693892344,-2.0,0.12647798470500352,8.848634619025976,3,4.0,0.37,0.0502282291128493,1.48,65.0,0.05287782365617586,18.471758141321654,0.18471914857199329,6.364898264665797e-06,1.6917049871723062,18.471640570460316,obs
0.7080993700732455,-1.2345616534253123,-0.8515832148790523,1.0929721815432167,15.817132476473825,65.08475759707234,234.58346061941663,0.35653464092579334,-3.0,-0.14469455214256013,1.1347668897261767,0,2.0,0.3,0.9813779820667187,0.6,55.0,2.8896485528729072,4.628650453386838,9.719379386284961,0.9548167921939077,38.25446753030684,0.20913727529714088,obs
0.7812983230640933,-4.842388201016192,-0.931232078520883,1.0634510927151064,17.238843981773528,180.88116458544988,200.04269917572796,-0.4912276293337957,6.0,0.05666839069710864,-3.5371887355386122,0,2.0,0.3,1.0,0.6,60.0,3.0,4.971030534013177,9.654314502450935,1.0,39.04263927629227,0.0,obs
0.09804379532563604,10.514204762901914,1.1792989029793715,1.205410987540181,15.264323625741945,167.11561454719052,242.64189188572016,-0.5168178327594557,2.0,0.12214722002075706,22.077509464351465,9,6.0,0.75,0.03550839179930276,4.5,96.0,0.03681400829727133,95.5417088346483,0.1242665266464764,1.589732353757256e-06,1.4752633778639546,95.54155694890264,obs
0.10812422883655738,5.246199107845946,1.4639760754410776,0.7278392441392318,2.936647577742928,77.54073256033348,97.74559979622632,0.24596510067815455,2.0,0.007822881435683717,5.675042402655917,1,2.0,0.44,0.03125,0.88,95.0,0.032257080078125,18.750353451107348,0.05213208357183664,9.5367431640625e-07,1.3338851258203988,18.750335569376837,obs
0.2355254260756802,4.560784344507713,-0.23269543429860057,1.0227519101104303,14.924357206971552,117.28755562345174,200.37759907792224,-0.08863733074199981,3.0,0.055026307094013266,13.962532884913529,5,4.0,0.6,0.0078125,2.4,89.0,0.007874011993408203,44.28180935526212,0.06403397274684562,3.725290298461914e-09,1.1561324199426775,44.281809190299526,obs
0.669450532879556,4.3512091918468,2.1463785282365286,1.1567381440045021,8.852291229601754,115.6353090077414,71.50852546198732,-0.01321497737034877,2.0,0.17609023861276074,0.2745670200779457,0,2.0,0.3,1.0,0.6,63.0,3.0,6.061998370935916,5.3115528087870185,1.0,32.7258949945993,0.0,obs
0.3811493240377567,-0.2607447678648886,2.0527040906476945,1.3311201532998265,10.909892689823618,166.60382014277388,128.22518518445193,0.5362666823550973,-1.0,0.19484265541011467,3.1411948431441346,0,2.0,0.3,0.022903624463102,0.6,76.0,0.02344021516866543,10.521839591004614,0.5758717416825192,2.7517999401371895e-07,2.0251533456148056,10.521836695604858,obs
0.1368397110942475,1.3828939776925246,0.36509837460080885,0.7564574749432759,18.876641578865637,51.0765697958083,225.57722560755636,0.37951857249251786,1.0,-0.006196721303448301,17.197099448793757,7,6.0,0.55,0.024122460112003807,3.3000000000000003,93.0,0.024718389886515525,65.38308656338376,0.0,3.385995587246171e-07,1.1977471190921243,65.3830644246995,obs
0.3674940432740611,-8.296292063726224,-1.23283765731456,0.8873055802575788,14.940125366326754,62.795560314637406,200.5504641065827,0.6649366242092158,-1.0,-0.053237784929923315,-0.29269642907888493,0,2.0,0.3,1.0,0.6,77.0,3.0,6.278586518921866,2.6921255748685633,1.0,28.915819017990636,0.0,obs
0.5362524927433157,-15.305093851253973,2.36306497415331,0.3919465034646859,4.423673529353971,63.848159580394245,80.72239584113093,-0.9657680531866832,1.0,-0.09199801110736966,-22.197423099162776,0,2.0,0.3,1.0,0.6,69.0,3.0,6.704292651216858,0.642240530985206,1.0,25.93416804506939,0.0,obs
0.681782684374937,1.0505679124151686,-0.09152602654261235,0.8063150430600126,3.8990731438057322,12.969648005476495,261.75252146498286,0.1266989586106004,1.0,0.09769641504287126,-8.025717138055903,0,2.0,0.3,1.0,0.6,61.0,3.0,5.27643210206874,7.374689678659478,1.0,35.72682135077742,0.0,obs
0.30142124347419363,2.267931793905011,0.1892477946464619,0.8338826051232175,6.827100086051629,66.36413334139247,44.40476523319911,0.3473442611986034,-1.0,-0.13717755577909682,3.4375742010802552,0,2.0,0.3,0.013641769527598227,0.6,81.0,0.013830406107774175,10.281244082465042,0.11939707533189739,3.463241937673445e-08,1.284311722072226,10.281243726400685,obs
0.5803538931422866,8.464851978977643,-0.509407538409853,0.7024406016564535,6.963013810877815,176.19318643466136,190.70823589949538,-0.763292928343842,-4.0,-0.02525740379912024,2.8695351425516247,0,2.0,0.3,0.06321495053308966,0.6,62.0,0.06746369566242494,7.536756795487241,0.6668624611393439,1.596905474432475e-05,2.509691326956627,7.536636440605379,obs
0.5549692853271866,10.999350712576573,-1.3346854894457962,1.0590473013882162,17.815819681255487,182.8375912764388,295.6315350625337,-0.32744782065498607,0.0,0.010268977095446595,16.95462552814647,7,6.0,0.55,0.03192465519834736,3.3000000000000003,67.0,0.03297637589319889,43.119173789514036,0.020143839601846056,1.0387352299412456e-06,1.2931111374755488,43.11912900010913,obs
0.8991409816135325,10.989989394992627,-2.2029591454729376,0.9808065200362331,6.623176065184113,26.378892424867324,173.50627759754212,-0.4202425811644595,-1.0,-0.05030025127187546,0.25887786769008897,0,2.0,0.3,1.0,0.6,46.0,3.0,3.5569534066496153,8.801478592055119,1.0,37.8021506793529,0.0,obs
0.5338484342208252,-6.9861651530571445,0.9493024853359321,0.45720900822520644,24.924705005144034,94.32141561559412,246.1813913890436,0.010849085529958093,-6.0,0.02798202650191239,7.1442833986189545,2,2.0,0.59,0.0546875,1.18,63.0,0.05784177780151367,16.2117396644615,0.06780379393888507,8.944422006607056e-06,1.5613579226868513,16.21159465982048,obs
0.7498162980972818,-2.465855244648385,-1.1751015808449305,1.0775114295961419,7.4537771759487415,79.36303580958963,190.69886276105757,0.8139269843470319,2.0,0.2564513318292758,-8.73209592201984,0,2.0,0.3,1.0,0.6,58.0,3.0,4.743874401627077,9.980991983934446,1.0,39.51780652208647,0.0,obs
0.7426691928850321,3.362340071169657,4.5892968434952355,0.7250019662343488,4.369417581085949,100.42504334156064,241.433845029208,1.0112947023324503,3.0,-0.012159859034654243,-5.835166940164682,0,2.0,0.3,1.0,0.6,59.0,3.0,6.303339059811847,2.1533741839086655,1.0,28.132180631139878,0.0,obs
0.14444974737398134,17.723332744195243,-1.6291103739187185,1.1832295311286978,24.76939642535082,113.17030719144205,207.01041654592754,-0.40714377653664113,8.0,-0.043540562742738965,38.29217164956842,11,6.0,0.93,0.015625,5.58,99.0,0.015872955322265625,106.3055843274376,0.0,5.960464477539063e-08,1.126983642578125,106.305577991131,obs
0.30161475928009857,10.360694425997412,-1.886073712472055,0.6414357231012033,9.678516977995058,8.950458203460483,216.60564392513274,0.2632786252467871,-1.0,0.10153318243818528,14.146513440775424,5,4.0,0.6,0.0078125,2.4,81.0,0.007874011993408203,36.93052762548514,0.10989135517627253,3.725290298461914e-09,1.2228340671127529,36.93052748790821,obs
0.7708173982045061,7.835780133988662,0.7652080734201617,1.0104487810715101,13.06098837567713,169.23723834462635,91.5090107933237,0.27939892607115757,-2.0,0.023958364414552194,6.212050376318372,1,2.0,0.44,0.009344488584091551,0.88,53.0,0.009432624006751367,10.154769778935348,0.34728493791599374,7.624689324359224e-09,1.5806027199318202,10.154769701508384,obs
0.5362341337297923,-2.714515688845034,2.293970218450943,0.9065667156814109,26.9346859843235,194.864494268801,230.29164666468776,0.19381288575737388,-4.0,0.14393357712113763,13.292246524532906,5,4.0,0.6,0.0234375,2.4,64.0,0.023999691009521484,35.826740562809825,0.1565536574283843,3.0174851417541504e-07,1.4197119388810946,35.82672975214409,obs
0.5070806368539267,-6.182397418085872,0.09688448541483247,1.110707914576328,26.55359969810212,132.41393834071025,94.23566939936931,0.19948981736961702,1.0,0.016468761981971843,10.451769073130182,4,4.0,0.48,0.06987027459784106,1.92,71.0,0.07509322643864672,28.445467289593783,0.04220738272755164,2.3832510900434478e-05,1.6621383682037942,28.444789362684535,obs
0.27074952499007593,5.522355183682676,0.8583636302809114,1.04414294866051,20.587839120887864,133.78818650620698,294.77287428849877,0.15187125122566403,1.0,-0.02484232079710333,19.98356394537303,8,6.0,0.65,0.015625,3.9000000000000004,85.0,0.015872955322265625,72.43029677639376,0.0,5.960464477539063e-08,1.126983642578125,72.43029245921166,obs
0.8307594812615263,-7.70462884964052,-2.7653211261880646,0.9154024603063875,3.7924127450464225,107.95607227698815,91.50254155952527,0.8437850604032099,-3.0,-0.17837248880945555,-18.92518652860865,0,2.0,0.3,1.0,0.6,48.0,3.0,3.5943219940970548,8.083134715455685,1.0,36.75728685884464,0.0,obs
0.6603015579098336,-1.6690544568621184,-1.01626731853765,0.5873230085251522,17.426843260696334,70.18331528430444,93.9046809713672,0.5512332571840288,-1.0,-0.16197346938117402,3.657910164790316,0,2.0,0.3,0.0078125,0.6,60.0,0.007874011993408203,7.167385541635336,0.5813461580170778,3.725290298461914e-09,1.9085865076084696,7.167385514934744,obs
0.2510263664566988,-0.8034456430134584,-1.6104235937063505,0.5994637045526664,27.7160263110987,34.05067571500661,261.84174253064333,-0.5300769487991336,-6.0,-0.18356986904271028,20.910496337779644,9,6.0,0.75,0.05966641570596237,4.5,79.0,0.06343891415178934,67.99664631932345,0.0,1.2674177888527538e-05,1.5075113132143148,67.99578451773218,obs
0.1907643304361418,11.150384623859654,-2.842568774921822,0.8168789420251984,26.619821939023492,118.89235182572988,95.60618272996116,0.39786054044027463,3.0,0.037933916628423964,33.78201759318929,11,6.0,0.93,0.015625,5.58,91.0,0.015872955322265625,91.26081765623744,0.03951254467900874,5.960464477539063e-08,1.1844564348385014,91.26081221666881,obs
0.794276194278496,-2.482881120717743,0.17547035103583042,0.997135873529405,4.756064805518514,13.763573684295377,127.44375424264639,0.4461866872557261,-2.0,-0.13622494798674598,-12.144824397343626,0,2.0,0.3,1.0,0.6,51.0,3.0,4.47060594743987,8.862926310616126,1.0,37.891529179078006,0.0,obs
0.17070696308246863,-17.074747470008308,-3.36424143241565,0.8100143870934162,12.295149880349586,165.77800069991542,222.9528435183373,0.15748364357589445,-0.0,0.1255577365919383,-9.076479537229845,0,2.0,0.3,1.0,0.6,90.0,3.0,6.505155246772638,1.999245870942529,1.0,27.907993994098224,0.0,obs
0.6213931070244737,3.531112533637278,-1.983293949131173,1.2418221364045354,10.203955393473823,87.07778139677002,72.86211665258607,0.5657121852513647,-5.0,0.003024656485595373,2.3480363808318954,0,2.0,0.3,0.2439133857709313,0.6,58.0,0.3179184450257772,6.283651102832896,3.8173696286634606,0.0035395050704211117,9.095885201898524,6.261410087893662,obs
0.6750256601127794,-4.893152971727485,-0.8057906910201271,0.9078056512883087,5.372930779527544,85.8770737115851,72.9493738034256,0.09403701714951859,-2.0,-0.024418691910166886,-12.339961391942776,0,2.0,0.3,1.0,0.6,58.0,3.0,4.836940745862927,8.168527310966812,1.0,36.881494270497186,0.0,obs
0.8160785123357385,0.2984171710642277,-1.2469287539266145,0.7158460036511675,20.064756092467782,68.79831740280163,161.3167742819871,0.10023386053812537,-1.0,-0.08438550752043382,4.8420237459459186,1,2.0,0.44,0.03125,0.88,51.0,0.032257080078125,8.794643864291267,0.28928451162677127,9.5367431640625e-07,1.678834112082122,8.794635477065292,obs
0.666849920378606,-0.6069329058948655,0.5946127533106016,0.9081593848854497,9.120057473366156,194.02400829622434,95.79812364283625,0.06062027233852165,-0.0,0.062225874827020626,-4.595267483792604,0,2.0,0.3,1.0,0.6,61.0,3.0,5.458282538687768,8.258364323418197,1.0,37.012166288608285,0.0,obs
0.4602651355822746,-1.915927970724378,0.45837028785371997,1.0813823132119107,10.966510881257744,39.10880579029018,93.62764800363907,-1.0091220428998344,2.0,-0.08044978195424114,-0.8627324342184635,0,2.0,0.3,1.0,0.6,75.0,3.0,6.666606869662678,2.0225792613920164,1.0,27.94193347111566,0.0,obs
0.7080979103356375,5.532384072492928,1.3406981189031852,1.1191207898028166,4.349330794236867,34.50502518766618,32.49450878299842,-0.040199196952937,5.0,-0.09853780040698808,-3.2804497805765926,0,2.0,0.3,1.0,0.6,63.0,3.0,5.841464195443223,8.387509650733382,1.0,37.20001403743037,0.0,obs
0.575778764164542,-10.73005414846895,1.1285755990690172,1.9168622769980783,14.947156528245305,37.27864280128088,130.02138962344594,-0.33412528722728535,2.0,0.11883499206053488,-7.19030146913858,0,2.0,0.3,1.0,0.6,68.0,3.0,6.242401232166323,6.374823329445043,1.0,34.27247029737461,0.0,obs
0.6296328968909383,-3.6190995746805217,1.7112191840420712,0.7931705647576185,6.112364454953468,133.41285915589899,115.92764974696887,-0.5932239890962786,3.0,0.03546211607750226,-10.489012472357654,0,2.0,0.3,1.0,0.6,66.0,3.0,6.225879266706684,2.690048642548676,1.0,28.912798025525348,0.0,obs
0.7096912838106965,4.788265391821669,-0.0028776000135812352,0.9748674606404409,13.234351013066718,198.41958715227167,38.41206892320101,0.7170091423697613,5.0,-0.023492942824827223,4.988923424698812,1,2.0,0.44,0.03125,0.88,63.0,0.032257080078125,11.584671738886085,0.18568701555665204,9.5367431640625e-07,1.5281468450710394,11.584660690882183,obs
0.07510503587737481,-4.2985934274105775,0.4552003512250046,1.1590650227496035,5.726897774685839,50.91765822834216,197.73295811768915,0.2521037592672289,2.0,0.06414329847337166,-0.5979709218203593,0,2.0,0.3,1.0,0.6,97.0,3.0,8.620808920436964,0.7157536663428257,1.0,26.041096241953202,0.0,obs
0.5404405149990237,-11.261646964889803,0.767270552878787,0.9919188781695321,26.80009713870379,181.59539242816012,199.19689914090557,-0.014915540472273904,-0.0,0.0008931873110698614,4.416355409921448,0,2.0,0.3,0.0032461783756554813,0.6,68.0,0.0032567502568716746,8.892354678095959,0.4982333249622363,1.110426195438663e-10,1.7507570201818625,8.892354677108528,obs
0.6479003468582196,4.679887402797151,0.21248504608653856,0.8407850730828119,5.769545863125708,59.33022904559362,49.1161273788879,-0.28240167555121315,3.0,0.03830131504516837,-2.061759176913466,0,2.0,0.3,1.0,0.6,65.0,3.0,5.708284569912026,7.626386599617538,1.0,36.092925963080056,0.0,obs
0.5381695778516243,7.861662413090773,-0.5957914648756109,0.5846871104988246,15.569066000116464,131.34048442443353,115.60122198555233,0.1480847923143701,3.0,-0.0816847902375455,12.843405782831617,5,4.0,0.6,0.0234375,2.4,71.0,0.023999691009521484,34.59347500438693,0.0,3.0174851417541504e-07,1.1919975280761719,34.593464565857246,obs
0.5086937555214479,-0.31496645350104435,-0.49866380150965534,0.8378147356582903,7.121475458293675,12.897295627006706,265.6574936387574,0.4957180466587566,2.0,0.20703986089106224,-2.689963183177491,0,2.0,0.3,1.0,0.6,72.0,3.0,6.100555930782911,3.6658004720543143,1.0,30.332073413897184,0.0,obs
0.5086964614589883,-13.725919189286728,-1.2263375974949482,0.6893946217992903,3.98540689028784,101.65252504235686,187.18510842603618,-0.4134829217734704,-5.0,-0.05796199676762251,-20.42525963937855,0,2.0,0.3,1.0,0.6,65.0,3.0,5.301941209535047,6.1638244649709675,1.0,33.96556285813959,0.0,obs
0.31580423806417013,4.941788226891713,0.6324252448647445,0.5498476169257602,7.260024089894552,132.64114342440143,141.23317548323672,-0.0024141861383050038,-3.0,0.15560163269499772,5.397697382151434,1,2.0,0.44,0.03125,0.88,78.0,0.032257080078125,14.798597590351529,0.21603818984611875,9.5367431640625e-07,1.5722940076739,14.798583477309087,obs
0.5979621064434044,-11.619215169937815,-0.14102276112773332,0.7590928052108254,3.4241267921513385,109.58235655841257,155.5775206853059,0.43403324942558624,-1.0,-0.01888688493044765,-19.599636059415044,0,2.0,0.3,1.0,0.6,64.0,3.0,5.522165257043654,6.831925682097246,1.0,34.9373464466869,0.0,obs
0.4264632674944544,2.16159493793716,-0.9947606259551474,0.6957789900474577,5.624331961145709,51.37790005194927,86.23559849766738,-0.968000564542065,3.0,0.08070971156549624,-1.5163413266200787,0,2.0,0.3,1.0,0.6,78.0,3.0,6.440810088555614,1.8174074316226727,1.0,27.643501718723886,0.0,obs
0.08834231914724626,-6.212246773195119,-0.993367228986889,1.2241290254017363,14.830588101843642,166.55690491224354,249.20800519114056,-0.02878488120270202,-0.0,0.07342234990261363,5.570538273076149,1,2.0,0.44,0.03125,0.88,94.0,0.032257080078125,16.428908666224753,0.17654096392319507,9.5367431640625e-07,1.5148434972405564,16.428892998396513,obs
0.7359122063121699,-8.118875000368757,-1.815598091674183,1.2314893868615455,18.94720354749693,194.17661969145686,276.7812704717612,-0.2146456852737693,4.0,0.11468517551500457,-4.176569047277118,0,2.0,0.3,1.0,0.6,61.0,3.0,4.819493554048007,11.228876891940443,1.0,41.33291184282246,0.0,obs
0.705201087815005,-3.0933701195578314,1.4682620118557996,0.731167307425814,4.27083519186637,94.54323865995273,275.8792914075118,-0.06691492887751699,4.0,-0.08406237071641448,-12.82722263108217,0,2.0,0.3,1.0,0.6,63.0,3.0,5.876381512072804,4.915982267762266,1.0,32.150519662199656,0.0,obs
0.5530736526772653,-1.2830828949908188,0.11792650429768134,0.9137979054897237,13.466484221510981,129.00425671190447,90.4622857569209,-0.2508142781859515,4.0,0.10756354012788621,1.0077719517708095,0,2.0,0.3,0.9880105898185184,0.6,71.0,2.9286367993078755,6.252189630953236,3.0464719893267627,0.952897961959035,28.860326378938296,0.29449087383648637,obs
0.44538885030118336,-4.509457752705138,-1.2942000293599052,0.5253376182417189,17.11242259418715,159.13058732738665,113.89987229964336,0.0688123026036478,4.0,0.18464398509114405,3.5291639307831293,0,2.0,0.3,0.010779590474383413,0.6,78.0,0.010897042628965304,9.17702973294147,0.42011345366490815,1.3502340245885591e-08,1.6982504554534068,9.177029609030093,obs
0.5992548754236103,4.120922947506054,1.2128216244030274,0.8426156282277525,8.0898675814876,52.09036682124982,73.36814919857494,0.961813610211359,-3.0,-0.02586929792418571,1.7660164429833434,0,2.0,0.3,0.7062789335119284,0.6,62.0,1.557421937756901,6.7166333154817925,1.533731860721796,0.24883130098205242,15.690258208559639,5.045324709371062,obs
0.5266579107578468,-3.1224856492118365,-0.8406732146915594,1.1482182403490095,11.67403869941666,173.56782447611315,112.94430608072456,-0.1619612369642755,2.0,0.0034706067142122408,-2.2523903212921526,0,2.0,0.3,1.0,0.6,71.0,3.0,5.910321980047217,7.164639267205337,1.0,35.4212934795714,0.0,obs
0.2711095734041442,6.861336101702753,-2.109750940518349,1.3307821706171368,3.8677066130738247,59.639176535449515,119.85745047310208,0.14585550454705332,-2.0,-0.05234466424801542,5.202891157751497,1,2.0,0.44,0.03125,0.88,82.0,0.032257080078125,13.489812612535834,0.13440500715279874,9.5367431640625e-07,1.4535548328472527,13.489799747648012,obs
0.41974756840445004,1.968212159504356,1.5318334338286994,0.7811354171503344,7.723408086060468,156.28700668547157,200.93854900745157,0.9973732092045564,-5.0,-0.03464362521850999,1.8188694855810872,0,2.0,0.3,0.6550775484953641,0.6,70.0,1.3653153405852536,7.881440750029168,0.5948282301760244,0.18414963414381158,12.787727423119883,6.430076319385169,obs
0.25424962726941375,-4.8829004461741565,-0.8056454843491696,1.4396113943375068,14.135576073892441,26.859350323152302,81.20452301799365,-0.27500778918627766,-1.0,0.17114227989324904,3.886512031534986,0,2.0,0.3,0.0078125,0.6,84.0,0.007874011993408203,10.145669341371153,0.6331100307233337,3.725290298461914e-09,1.9838794133630238,10.14566930357559,obs
0.4448260407127724,-6.061579186826002,-0.6133486353131843,0.5915251465168366,27.75149665205838,61.23540716576309,278.23716957929076,0.9073376744644845,4.0,-0.10042345261302042,13.47808565232017,5,4.0,0.6,0.018261071043286725,2.4,78.0,0.01860062721831971,38.000377294596554,0.0,1.1120005039000347e-07,1.1488050177465576,38.00037306895268,obs
0.3737054723645079,-11.53247409333207,0.06177003052376623,0.649085423670442,27.90289163641747,109.05588711827421,57.836856923033686,0.0026615033135536175,1.0,-0.0942118821850772,8.851062555386418,3,4.0,0.37,0.050076483090321644,1.48,79.0,0.05270971175009119,24.435831748497254,0.0,6.288329379655622e-06,1.4216776940007296,24.435678087938552,obs
0.8461594279924013,2.0351322450677567,1.7138838341851723,1.2786873980398612,27.470163709231485,107.35980866234145,31.857062979269923,0.8909481129324631,7.0,0.1610900936414377,14.479716276574878,6,4.0,0.74,0.078125,2.96,57.0,0.08470535278320312,37.984820403387744,0.17676371031019808,3.725290298461914e-05,1.934753673625913,37.983405358558365,obs
0.45875620189973587,-2.482112830759507,0.030055936299467543,1.78406304863365,13.000246043808517,170.8340809748414,260.83518473024395,0.37510056247315954,1.0,0.06245484258883624,1.1763814853152288,0,2.0,0.3,0.9696738770572977,0.6,74.0,2.8216940671360438,6.561029412408212,3.938654813167272,0.8841028358706363,29.302504992604383,0.7604047026674571,obs
0.1312385195200759,-16.6053686964446,-1.7986756892178453,1.1864075252181119,4.097689838781291,199.2448152395284,220.0178480968334,0.15355418129121085,8.0,0.21203702490425244,-16.178342101099453,0,2.0,0.3,1.0,0.6,100.0,3.0,7.908161597098452,1.1542912952991733,1.0,26.678969156798797,0.0,obs
0.593258270497548,-3.7500041093858005,0.8158155061682704,0.9861221845498757,10.412909368482671,25.90611494272742,125.94716499611958,-0.03281534094329327,1.0,-0.045043863782585326,-4.685127309349551,0,2.0,0.3,1.0,0.6,66.0,3.0,5.96911454307915,5.281399369833619,1.0,32.68203544703072,0.0,obs
0.7360550736274519,-6.307238204784664,-0.7274845863925861,0.46746352429993765,8.180573759645409,57.920685900882226,190.78492059573188,-0.3120207199396053,0.0,0.012628113723756938,-12.633257553485658,0,2.0,0.3,1.0,0.6,57.0,3.0,4.772938127604429,4.231486420530691,1.0,31.15488933895373,0.0,obs
0.7367192736410112,11.029743145194622,2.8318859572941992,0.4962893222460052,2.367290947656219,74.73165099349978,90.35690722659301,0.03789577498217638,-4.0,-0.06606769437718045,-0.6000703069787056,0,2.0,0.3,1.0,0.6,53.0,3.0,5.257632221476229,4.412943438893013,1.0,31.418826820208018,0.0,obs
0.3248077609569906,-11.919450283253168,-0.0016795829968352556,1.0458487728627974,4.47607386749776,98.38908952295098,75.46520513425152,0.4486807295100121,4.0,0.014330116864769597,-13.659875715272365,0,2.0,0.3,1.0,0.6,85.0,3.0,7.385586609175996,1.1502110088006026,1.0,26.673034194619056,0.0,obs
0.5379700441598945,-10.089455598138377,-3.3525532468479993,0.8833475564145736,13.782990311275718,101.31239991510782,157.21026648745516,-0.006555715498335287,-2.0,-0.1774096697284304,-7.04637910787631,0,2.0,0.3,1.0,0.6,66.0,3.0,4.7737988689383455,7.79480202691309,1.0,36.33789385732813,0.0,obs
0.14968313198265235,7.7697875017398985,0.536047458233511,0.6817634396062334,10.831224058911722,171.95803731394125,125.36071402465943,-0.15831140253092885,-2.0,0.06849545566550082,14.557817334940829,6,4.0,0.74,0.078125,2.96,89.0,0.08470535278320312,56.09247170453668,0.07212906821046268,3.725290298461914e-05,1.7825578305717524,56.0903820971301,obs
0.09328997128219654,9.497342102247742,2.9168966883903424,1.022960783985568,6.689196762496559,155.25906404309444,196.11211364452888,-0.12539126708888645,4.0,0.03234740834923381,13.079489614739906,5,4.0,0.6,0.0234375,2.4,98.0,0.023999691009521484,56.39255746847677,0.03773851969690624,3.0174851417541504e-07,1.246889920362581,56.39254045210634,obs
0.6131645174029312,-5.21488057107949,2.3638804328180845,1.040688668870139,20.618599237127423,8.676057912400896,88.9002798314785,0.49623830679152664,4.0,-0.005755466246591889,4.435928654193767,0,2.0,0.3,0.0029403464339004953,0.6,68.0,0.0029490174922202138,9.57645020954207,0.397452878957629,7.474698637821575e-11,1.6017054184215858,9.576450208826259,obs
0.4347686316740367,-4.424600759662376,2.746431433134848,1.3870167997571416,11.285005493312083,93.72924331372164,208.99047915136705,0.6125807275499279,4.0,-0.03903643245996648,-1.480895735261544,0,2.0,0.3,1.0,0.6,78.0,3.0,7.70868717671894,1.1931104224911777,1.0,26.73543334180535,0.0,obs
0.9027543264092143,4.31364777587319,-1.5296402780721952,1.0484579010136812,24.148564249410153,125.52439845759731,237.05261048175956,-0.3335752568841852,-1.0,-0.08947539873680996,10.591227613170153,4,4.0,0.48,0.05679603646909376,1.92,46.0,0.060205038300463386,16.975372350349357,0.0,1.0405719566675131e-05,1.4816403064037071,16.97519570938514,obs
0.3337301364671544,-16.28969857861717,1.3682285939651682,1.5303987028234403,8.26540616684105,94.77713948313956,74.99175861768809,-0.33429392872374486,-0.0,0.07277129120327612,-15.169555769285289,0,2.0,0.3,1.0,0.6,80.0,3.0,7.42730152507479,1.6898056648982476,1.0,27.457899148942907,0.0,obs
0.5064831172568969,-13.028355791538893,-1.0829918096050675,1.0027730508794115,15.998230742252243,30.475824925011953,41.841736522837316,0.18967945983355616,-0.0,-0.11710899857034066,-6.350745803307984,0,2.0,0.3,1.0,0.6,70.0,3.0,5.753379732389079,8.93291778561634,1.0,37.99333496089649,0.0,obs
0.5733591554235316,-1.965133805954983,0.33643409912538674,0.9608343915262166,6.787619645878744,82.50744631967639,148.68859133136147,0.7637660323786274,3.0,0.05118959120492431,-5.693926718950111,0,2.0,0.3,1.0,0.6,69.0,3.0,6.096722691648142,4.045804587591989,1.0,30.884806672861075,0.0,obs
0.32935745973297664,10.849233962903883,-1.9094286431095986,1.4458372367041523,14.877816026031892,85.27286055029855,238.98650321795802,0.57299515415628,5.0,0.20744513948094576,19.22229395173183,8,6.0,0.65,0.02682434721545568,3.9000000000000004,85.0,0.02756319416009759,62.709485193087744,0.21354069812194135,5.177458756167042e-07,1.5311102050945136,62.709452725510424,obs
0.5169300913869185,-3.050110617167177,-0.9666836473240744,0.7125238716810454,5.964129233438041,41.60460487770296,205.71055560501853,-0.6259261060899558,1.0,0.14855214886442983,-7.912449772208973,0,2.0,0.3,1.0,0.6,71.0,3.0,5.871449934173753,5.0899424069314225,1.0,32.40355259190025,0.0,obs
0.3708656486755563,0.7065575421460824,-1.014370046045423,2.651043130930763,6.20104423365957,152.47988732183592,219.50806451193964,-0.13203798499593106,6.0,-0.15051279426706532,-1.2384430569890423,0,2.0,0.3,1.0,0.6,84.0,3.0,6.929100256298455,3.898718965990354,1.0,30.670863950531423,0.0,obs
0.7464174875126945,7.936524907948083,1.3478329202139243,1.1388204156774984,17.91780780309241,67.67313262778298,138.76662179820946,-0.46530177734475614,3.0,-0.053673806034330286,11.078449922940125,4,4.0,0.48,0.021384407488026475,1.92,59.0,0.021851479309005013,25.30901049075872,0.0,2.091167814466388e-07,1.1748118344720402,25.309005198219904,obs
0.5119780630094103,14.748193132947023,1.201078682504483,1.141020597637412,8.858437096569935,119.85252166088016,93.43529721832887,-0.13375626095762913,-1.0,0.04214507405553378,13.308260364185932,5,4.0,0.6,0.0234375,2.4,69.0,0.023999691009521484,36.73220139061765,0.05718824236215853,3.0174851417541504e-07,1.2751804260574935,36.73219030673045,obs
0.30797149468154295,-4.037939312038188,0.41522959399623116,1.1994925365620532,6.48154789067043,105.56738528695968,173.58028768684454,0.8022049980176772,3.0,-0.007028192201435019,-3.398264735414874,0,2.0,0.3,1.0,0.6,85.0,3.0,7.539555481093089,1.172780708570345,1.0,26.705862848829593,0.0,obs
0.38325898100786254,-0.1178570661339824,-2.025632127083078,1.9160373049873265,26.1739745035119,176.0982804471958,85.17873731228316,-0.7113003243915086,6.0,-0.13994057182824213,17.357997121757588,7,6.0,0.55,0.019094407831884097,3.3000000000000003,83.0,0.019465965994889593,51.542883481545864,0.0,1.329305424624394e-07,1.1557277279591167,51.542876629922404,obs
0.2873635650914274,12.754386549399896,-0.46745915092458,1.315915499162055,3.118084519241328,28.792911713253446,226.08174818596777,-0.8094326466400951,6.0,0.03853159514734912,9.025874176363917,3,4.0,0.37,0.03915075677922797,1.48,89.0,0.04074354810135415,26.850577775649544,0.07325002836687215,2.349419912728301e-06,1.4324938806171925,26.85051469236745,obs
0.2920992257502185,-10.655394926339998,-1.119174724414089,0.573494059423741,16.693850930093067,27.28128660942473,83.1809431090588,-0.4142770767168012,4.0,-0.0010016895116299349,-0.1569250678118671,0,2.0,0.3,1.0,0.6,87.0,3.0,7.136951954171474,0.7414626529560017,1.0,26.078491131572367,0.0,obs
0.48946045017331136,7.193067493876752,1.3045136350417366,1.6260868169640925,16.254859887664896,63.562335478988075,108.64108201287219,0.1436553012879964,0.0,0.1914325408603782,14.001964993040907,5,4.0,0.6,0.0078125,2.4,71.0,0.007874011993408203,38.07306762714837,0.21126436127390388,3.725290298461914e-09,1.3702857123456713,38.07306748531514,obs
0.45688749533760187,-7.128208726528808,1.7672772792257767,0.8886160387840802,8.515830734479554,89.08691878453783,166.76709014721146,0.3103774103203784,-1.0,-0.02532287026174467,-7.551732557145951,0,2.0,0.3,1.0,0.6,72.0,3.0,6.8094048095564235,1.4820699626154352,1.0,27.15573812744063,0.0,obs
0.2966050094996261,0.717306569722097,1.5845783790463246,1.0378171426649787,13.772065372933262,63.21573850666721,161.41168221874364,0.2187242174307666,2.0,0.1168003385326591,8.461286453201682,3,4.0,0.37,0.07443748947686768,1.48,84.0,0.08039088296749004,27.839933705026393,0.14203899002188713,3.070201430632746e-05,1.8497292310444835,27.839078962983493,obs
0.700088874253488,-1.6983333318019198,-1.1328291291255308,0.6420130970451721,4.281182360148522,153.82148106707254,192.22933162989793,0.5878427016155082,5.0,-0.12670884031299756,-10.721655488468599,0,2.0,0.3,1.0,0.6,64.0,3.0,5.246374686301094,5.667459360519675,1.0,33.24357725166498,0.0,obs
0.523207295196748,-6.706081204908605,-4.109299683434219,1.199952204103741,20.753023794021026,52.82683940631343,148.1100421349776,-0.8815427971169646,1.0,-0.10280092978965083,2.917327461273516,0,2.0,0.3,0.05574740073279413,0.6,70.0,0.05902842367070703,6.94629451724965,1.7037466247438504,9.658251083122238e-06,3.9504042980839844,6.946227428193105,obs
0.41644533835128045,-6.881713493607926,-2.6504428471950816,0.7980031987926883,7.764125857797403,21.53107484058772,278.2577932977247,0.5941682691794685,1.0,0.072166195980949,-6.927846004843769,0,2.0,0.3,1.0,0.6,76.0,3.0,5.728943423974478,7.274145065084955,1.0,35.58057464012357,0.0,obs
0.4199271465418232,1.9349005497762815,2.1324404671233124,1.0353088422101462,7.0280193554904535,85.69096292740878,256.78220543324085,-0.15604766002314574,0.0,0.10837307806073747,0.06771434004864396,0,2.0,0.3,1.0,0.6,75.0,3.0,7.212122841872941,1.3765132779491327,1.0,27.002201131562373,0.0,obs
0.3218697548693414,6.968775297138775,-0.6018824089797359,0.9062729197876157,10.186840435215078,155.80896118700437,267.3606318338924,0.3657471549024338,-1.0,-0.09573927260743924,10.299295086306618,4,4.0,0.48,0.08185600905212514,1.92,80.0,0.08910488378209548,30.872648487469267,0.0,4.489544348540431e-05,1.7128390702567637,30.871262446223852,obs
0.7825834110691507,-0.9081534223195225,-1.1260869273976688,1.948079461212788,25.461617926841694,170.85957899941457,199.96947427892815,-0.6617127133816022,-1.0,0.002407740648391172,8.452551557225332,3,4.0,0.37,0.07498342047538953,1.48,53.0,0.08102752910394437,15.358265933865372,0.19701513518513816,3.161265632811716e-05,1.9347877021917559,15.357780418282609,obs
0.9123855622179065,0.4907921111325146,2.463990440154351,1.9870976578188213,22.70813285537211,148.0022454308534,201.45213728241774,0.002478348504535088,0.0,-0.1381579173529078,5.4865150203942985,1,2.0,0.44,0.03125,0.88,47.0,0.032257080078125,9.708685690584053,0.5973843937083885,9.5367431640625e-07,2.1269793951099287,9.708676431659864,obs
0.7318871667602828,3.99821846403733,1.8977399182324903,1.0162431433099135,26.619199569477697,113.7879023074501,194.48364460330615,0.11813538529450679,6.0,-0.01812198263054794,16.39021930455066,7,6.0,0.55,0.0546875,3.3000000000000003,63.0,0.05784177780151367,47.390498749718,0.0,8.944422006607056e-06,1.4627342224121094,47.39007486909808,obs
0.9260450375349061,-6.801331411090719,0.03667308287967998,1.022409942568776,18.951020996860223,146.21738184108946,147.41872169379317,0.5778755187492091,-1.0,0.0836922785624126,-5.11399374586261,0,2.0,0.3,1.0,0.6,45.0,3.0,3.9175150475837173,9.31094201024561,1.0,38.54318837853907,0.0,obs
0.45376771298138574,5.177847558890461,-0.44010463659596083,0.8786536921407145,19.23595928683428,137.87095938425296,116.9686202881609,-0.7926273113038826,0.0,-0.043495849913614486,14.381276564102649,6,4.0,0.74,0.078125,2.96,73.0,0.08470535278320312,43.82148583375082,0.0,3.725290298461914e-05,1.677642822265625,43.819853356190414,obs
0.6967553269741988,5.735401679418229,-0.19815181921968783,1.466871377485636,14.480805985081641,50.70149333653686,189.840779611195,0.01537627426745208,-3.0,-0.02490347059438028,6.780036960143218,1,2.0,0.44,0.007260872489100623,0.88,56.0,0.007313975553556601,10.23503949836086,0.43289494853944327,2.7794267998260125e-09,1.6881771841221884,10.235039469913318,obs
0.07226634078691119,18.22538409125287,0.3407441975811991,0.892310435213949,25.534844407541364,112.39798397962278,36.893596027381584,-0.5426176455710715,2.0,-0.11297953982960518,41.19220969959784,11,6.0,0.93,0.015625,5.58,97.0,0.015872955322265625,115.32654168946314,0.0,5.960464477539063e-08,1.126983642578125,115.32653481546559,obs
0.626094504210151,-2.632729333917076,2.4000709219794123,0.8641961475108633,15.282805881028555,155.26881986449425,32.01323648442682,0.25274802210413755,4.0,-0.06483584136249258,0.7968417928556835,0,2.0,0.3,0.9946021572846161,0.6,67.0,2.9677293332562606,6.542579272738459,1.8514029574692232,0.9785828211218677,27.434784422368956,0.1401235906086005,obs
0.5132228683722834,-3.2065726116768936,0.63370113635584,1.4035356425296084,11.231561840670642,66.83852906565195,259.9432931001221,0.3886082682280631,5.0,0.17581109162143385,-1.9327482370200506,0,2.0,0.3,1.0,0.6,75.0,3.0,6.7237405427090575,2.7558041312504273,1.0,29.008442372727895,0.0,obs
0.11576315775448634,5.382761101016219,1.089043549558712,0.8298815688114801,18.649750257859296,132.52476360980162,42.53449208995799,0.6435851212540439,1.0,0.007292489171713288,21.77914302329675,9,6.0,0.75,0.0390625,4.5,94.0,0.04064798355102539,93.09934184795796,0.008831579285528881,2.3283064365386963e-06,1.338029801914427,93.0991250841611,obs
0.44137613261901654,5.733729182384968,1.753905163605257,0.9870064273327331,16.19962682842505,98.88868336616571,171.69469059002287,-0.2675147271541872,2.0,-0.10023077666505982,12.648295752277523,5,4.0,0.6,0.031131758129429143,2.4,76.0,0.03213111696913194,41.4632401365249,0.0,9.393222085707364e-07,1.2570489357530557,41.463201189182605,obs
0.9011525321992006,-3.7456100736369837,-1.7545140015366285,0.5782308340154634,5.224515198057283,103.1159759342789,196.04669599640417,0.4636132428443952,-0.0,-0.031477194991799164,-15.415708972526671,0,2.0,0.3,1.0,0.6,47.0,3.0,3.7258540718241404,5.187056081997753,1.0,32.54480884654218,0.0,obs
0.2883891047989979,-2.822138738510342,1.1322928387110642,1.2762660817368072,12.210860761723168,22.560732367521148,83.50623199805761,0.6804507937385266,2.0,-0.15974276211665622,4.38108889539496,0,2.0,0.3,0.003797217665131858,0.6,85.0,0.0038116912786857315,11.30987635157193,0.13403022841904122,2.0790358323807823e-10,1.2254465897480913,11.309876349220566,obs
0.758547370317414,3.7879158675262827,-0.44185313199241705,1.9588078137328626,10.146460688456479,134.91234723454906,271.84732633159007,-0.8216234849277334,1.0,-0.10141596921402124,-1.9150450266460486,0,2.0,0.3,1.0,0.6,57.0,3.0,4.843676234690705,17.576824549725046,1.0,50.56629025414552,0.0,obs
0.2839439698312723,-5.79308968514263,-3.774142793659149,1.2838197295692915,24.017678150289427,173.80897189413142,81.32585837206125,0.30617246004922527,0.0,0.13603397390464533,12.349750736786868,5,4.0,0.6,0.04512605573055359,2.4,83.0,0.04725430957207313,33.699138504303335,0.15646756930040245,4.146765738677338e-06,1.6056236682862612,33.698998761870364,obs
0.7906170862590721,-2.8737379161051044,-3.1922543129787178,1.6592771997886226,11.849906481300827,32.57910116504325,268.81904658900214,0.479255626890053,0.0,-0.014248242438660505,-5.732275313720932,0,2.0,0.3,1.0,0.6,54.0,3.0,3.9434448846376826,14.960728485653647,1.0,46.76105961549621,0.0,obs
0.5705167914039545,0.6271493715790425,-1.5271764172780284,0.7459487524018615,23.36043604861121,76.39060413220763,236.0073727199195,-0.1293631931937187,1.0,0.18907301761012063,12.480135968891183,5,4.0,0.6,0.03901424797566383,2.4,67.0,0.04059574355803783,31.000740619622263,0.20334484261658345,2.3168235557813333e-06,1.620540264997515,31.00066879637615,obs
0.3308952379223733,6.971570793755807,0.7968348428888721,1.085309427214159,13.502129441424584,14.490153693962828,95.00059745153237,-0.6053867887625543,-1.0,-0.009534783849605592,13.429195981166094,5,4.0,0.6,0.01978887326685158,2.4,79.0,0.020188222085002292,41.277341384979415,0.001580720590603742,1.5335017244932914e-07,1.1638050066299874,41.277335055091996,obs
0.8684745732550969,-4.232190313256786,0.17069934801044465,0.7212855436615698,21.59101464958586,10.778217765396265,70.70092489454525,0.4714778780548316,-1.0,-0.0035978696191495936,1.815334429068033,0,2.0,0.3,0.6585021344923853,0.6,48.0,1.3776702239475853,5.055000858185591,6.506004161926512,0.30155102739777073,21.4846405725647,3.530660155903113,obs
0.261203750094142,-12.896691234214703,0.276550060763496,0.9241320563430355,5.5173301412909375,197.98340685099004,115.38283175028349,-0.5997544137788784,6.0,0.06408941585421234,-13.91116030943234,0,2.0,0.3,1.0,0.6,90.0,3.0,7.928830265139931,0.7898997240183673,1.0,26.148945053117625,0.0,obs
0.5156703281275677,-13.416182272627477,2.926415224030038,1.306696115943917,26.040905711120022,101.226944119745,137.44665289297416,-0.08917571725545118,9.0,-0.2672587582219401,2.250028700170864,0,2.0,0.3,0.29444859611177565,0.6,79.0,0.40667725800713017,10.754438992847332,0.08248974878212473,0.007516885795431305,4.373403153194677,10.673599103144165,obs
0.7084671834670551,-8.815891466942933,-1.9036344222897186,1.035901119755287,14.494557160771874,74.32620863387304,96.36186265470933,-0.020062028901664513,-4.0,0.020493932365357487,-7.884106282351997,0,2.0,0.3,1.0,0.6,54.0,3.0,4.245781772094508,9.369501538156815,1.0,38.62836587368264,0.0,obs
0.1549784312229185,-9.192174027399561,-0.04115003127558539,0.6130227661673295,8.754754386283967,58.60102994187869,299.70071816369426,0.3577690258519997,-4.0,-0.004898648806095168,-4.001531513154266,0,2.0,0.3,1.0,0.6,87.0,3.0,7.544445288177828,0.5962324282756568,1.0,25.867247168400954,0.0,obs
0.09221767403755608,-1.0822753103393632,0.4566532842207234,0.6341058105585379,8.278729765484979,196.10246576426704,92.00613078468687,-0.3133157797562663,-3.0,0.14860388935151475,4.063711339619038,0,2.0,0.3,0.0078125,0.6,91.0,0.007874011993408203,11.71396394395598,0.28036416789073465,3.725290298461914e-09,1.4707945219701524,11.713963900318063,obs
0.5588227262084543,-8.322161075183235,-1.1044096748075032,0.6197437327987307,8.89200950294927,54.18890317672832,254.27140328537138,-0.3422918444139275,-0.0,0.09646793941636173,-10.87354396466898,0,2.0,0.3,1.0,0.6,67.0,3.0,5.500571500871554,5.689655127924902,1.0,33.27586200425441,0.0,obs
0.4634202067944739,-4.919284718748428,0.04249011762441145,1.185594303795699,11.53482849586716,146.51313716885994,72.96179171442765,0.049457739381555454,3.0,-0.11336916855468007,-2.643575821418184,0,2.0,0.3,1.0,0.6,76.0,3.0,6.618168460909356,2.30981504708664,1.0,28.35973097758057,0.0,obs
0.3342687266044986,-5.418601194874348,-2.3999240011265175,2.0440927324615417,20.655507849566035,60.33282868215709,294.6660488245058,0.5031952388098746,2.0,0.12421386186275805,8.590476921788117,3,4.0,0.37,0.0663630851902155,1.48,82.0,0.07105941121382023,22.19089406387145,0.20768600740123372,1.9395736344574033e-05,1.8705640277487199,22.190463655140938,obs
0.4170382555986203,-3.083555025935954,2.114859325912542,1.603148295151198,26.68967911542063,18.745453544599226,90.89133373643291,1.1437250003265735,1.0,-0.026231452558099517,16.746123707347916,7,6.0,0.55,0.04169817804827952,3.3000000000000003,76.0,0.043509418309719924,57.85965456182017,0.0,3.0232100153293473e-06,1.3480753464777595,57.859479639933014,obs
0.1059931363095801,9.257530320661857,-1.0224218287956508,0.5185138504859074,19.394973183214436,138.23893983099856,143.8559097915699,-0.7537405998893872,2.0,-0.09044532262960452,24.85027025643355,10,6.0,0.85,0.0234375,5.1,95.0,0.023999691009521484,96.19737844765885,0.0,3.0174851417541504e-07,1.1919975280761719,96.19734942024283,obs
0.263380937145458,4.633633126013617,3.047100247167754,1.636034204290599,16.226323044546618,5.31801528782365,180.81229802733475,0.15767100889328906,-2.0,0.019710325087120232,15.643551743573514,6,4.0,0.74,0.0546875,2.96,82.0,0.05784177780151367,58.23168418527396,0.027768872567217447,8.944422006607056e-06,1.5031253097826074,58.23116333651645,obs
0.3202410483903626,0.11290590693202712,-0.04871148587618257,1.3831709037433118,13.663543008445501,136.77095975431104,62.4771430921452,-0.5432675131171459,-1.0,-0.020276935566381823,6.567001748505819,1,2.0,0.44,0.0078125,0.88,80.0,0.007874011993408203,14.730594138402953,0.13358149858440554,3.725290298461914e-09,1.2572924575245827,14.730594083527214,obs
0.4951620465289732,-3.227183964065867,1.5420803480987746,0.5854891637989046,23.533056142978026,53.82343680301551,250.54141821935735,0.5094056216033713,-0.0,0.1538465314028524,10.867889330850755,4,4.0,0.48,0.03085900043653733,1.92,71.0,0.031840664688856435,30.687903639585866,0.16530311161008304,9.068332139650082e-07,1.4951662071255178,30.687875810775576,obs
0.4440128920259228,-3.0326285963611483,-0.07995430348673156,0.9002956037123956,24.091087263597817,150.49032525394273,104.16509382382407,-0.4692722736546165,-5.0,0.034062202849120995,11.522682403947117,4,4.0,0.48,0.015625,1.92,69.0,0.015872955322265625,27.64376213548044,0.05630717967722643,5.960464477539063e-08,1.2088849948359088,27.64376048778382,obs
0.5591547370015238,2.2942252896636464,-0.04611574839079473,1.461553769485019,9.618979535253283,155.10128263337663,178.30287343244922,-0.3373241090911619,-4.0,0.02056589208860058,0.2448980516922183,0,2.0,0.3,1.0,0.6,63.0,3.0,5.461859765147375,13.211088661690884,1.0,44.216128962459464,0.0,obs
0.6426022415421762,4.089183513466031,-0.8760439998330116,1.210067038055403,26.78892646498918,146.2009115694199,178.40112888717667,-0.2946354295319981,-4.0,0.09006470828554398,17.775850124958012,8,6.0,0.65,0.08035022406157627,3.9000000000000004,58.0,0.08732513635091584,44.83403713509894,0.1004430614138477,4.168198266418788e-05,1.844700089227469,44.832168363540305,obs
0.813787326567853,-6.353322542704203,0.17868589404941643,0.6354106294490455,12.272999443365935,9.774271086184026,192.71297612796195,-0.038099469359901945,2.0,0.10928716180927121,-9.453659105389987,0,2.0,0.3,1.0,0.6,54.0,3.0,4.734337200796974,5.843868092586901,1.0,33.5001717710355,0.0,obs
0.2282267540600922,0.2553652892996204,0.4769980416210712,1.2356131057949389,22.802029798979724,142.22864083053486,44.98121636156497,0.16159879842935373,1.0,0.07836050942972993,18.258381185562474,8,6.0,0.65,0.0625,3.9000000000000004,87.0,0.066650390625,72.23025090729439,0.08223786838022071,1.52587890625e-05,1.6528218426439574,72.22914876113187,obs
0.5741913320794411,-14.221336980641189,-1.17638776337277,0.4768983437071867,27.13731683013807,198.07839474087382,75.52706569452333,0.2418506968042568,2.0,0.14194634728149536,1.7098632612802567,0,2.0,0.3,0.7606773282867937,0.6,68.0,1.779458046826251,6.365077283540924,1.4519201436094016,0.3348126743187715,17.347548219860048,4.233968735992926,obs
0.7446946487479593,1.4819964891941793,-0.1875666237898263,0.9257159268203816,20.29511062224589,52.31194686249646,73.52190558930833,-0.0028837730913916218,-6.0,0.06086824129137885,7.748157986898085,2,2.0,0.59,0.0546875,1.18,50.0,0.05784177780151367,12.168227688235035,0.2334263495921944,8.944422006607056e-06,1.802263458182574,12.168118850471519,obs
0.8867504872611358,5.3350446937108025,-0.9151482990856705,1.4831968444272947,6.2003188877310365,58.476521583941015,111.55384004228,-0.6649455112202907,-5.0,0.016765146472670182,-5.855635209664636,0,2.0,0.3,1.0,0.6,43.0,3.0,3.565576776398408,13.402616667428992,1.0,44.49471515262399,0.0,obs
0.15583579838333828,-1.960480388166128,3.4494961044222583,1.0063922872043225,17.2395608345222,163.63767716820522,69.12682235175176,0.3638930751550946,2.0,0.12391720620880294,11.835408676595513,4,4.0,0.48,0.015625,1.92,92.0,0.015872955322265625,43.38894280220708,0.13317635636543135,5.960464477539063e-08,1.3206947063823888,43.38894021602456,obs
0.40977023378765576,12.715688972980738,-0.1345961548674278,0.8412747000982488,5.088205200485039,36.27737698593571,278.9187566090582,-0.026479331831513964,-9.0,-0.009089614008213873,9.409522169060129,3,4.0,0.37,0.02711762861785738,1.48,67.0,0.02787293577588407,20.59734490472267,0.03182904510396824,5.407628331788317e-07,1.2692802790855717,20.597333766444084,obs
0.6564021916187276,-6.168669132052353,2.3178482275448387,1.3608079162204272,22.51769303659208,133.81381672338756,168.4977016380512,0.5808673950073494,4.0,0.0033246516344661576,3.932007862268094,0,2.0,0.3,0.0078125,0.6,65.0,0.007874011993408203,9.128377306321061,0.6247460240092446,3.725290298461914e-09,1.9717135854152579,9.128377272315205,obs
0.6921763822193352,1.522082907122829,-0.2934334962115325,1.4016693704046412,9.314194520720957,152.2301436126128,198.3652898797248,-0.35386938973996834,-6.0,0.17215769172969148,-3.274969076062064,0,2.0,0.3,1.0,0.6,53.0,3.0,4.537946590079288,12.822223759631566,1.0,43.650507286736826,0.0,obs
0.9417613676462039,-0.25077322666168833,0.388931462302362,1.574300523544652,20.075585399560484,12.24632905477465,126.52180735749262,-0.8011373636754973,3.0,0.16219241279552313,1.5167760815910112,0,2.0,0.3,0.8739378968547339,0.6,48.0,2.305190661219321,4.581446664364958,14.370254637785996,0.8367564325673233,40.343713853806925,0.7478916974934726,obs
0.7028058695694813,-0.7020836721038584,-1.9820461074679039,1.3537534960955622,25.66233152738517,112.9836083817191,104.58645807915612,-0.017013001341537635,-3.0,-0.0008175806923322827,11.334273739051017,4,4.0,0.48,0.017387160361293785,1.92,56.0,0.01769473007733947,20.287701416444985,0.06743223092825583,9.139335876984234e-08,1.2396410856052695,20.287699562283812,obs
0.5122539782305882,-0.8002551760332335,-0.670608887801797,1.4544083956698424,6.706256117424482,117.29606541449716,165.8578359626975,0.6479763441421325,3.0,-0.045355157730561674,-3.790687344302608,0,2.0,0.3,1.0,0.6,73.0,3.0,6.130749636206865,5.643320414502334,1.0,33.20846605745794,0.0,obs
0.7448388959092858,0.7497352100663017,0.3158020061838701,1.2890260996780614,12.214303803630335,64.17136499139987,109.46720320540507,0.0804710683080254,10.0,0.14631735002084986,-1.1468810505265405,0,2.0,0.3,1.0,0.6,66.0,3.0,5.825731361497416,10.420494868290637,1.0,40.15708344478638,0.0,obs
0.12430681265095797,5.935711204245899,2.3790057464398,1.0963448927910606,18.825088489912723,175.88721053251587,122.78439994703635,-0.09983489958642827,-7.0,0.08004183579152141,21.22914359197252,9,6.0,0.75,0.04472982566567135,4.5,85.0,0.04682007649516358,89.25285798340956,0.082260138521558,4.0030297898674405e-06,1.4942117225381204,89.25250070156022,obs
0.7871822894957285,9.64415365392321,0.33297416651440676,1.0314925459292656,12.91112341304703,36.73619526347199,152.24273605313144,-0.4351735088287166,2.0,0.0315581254197363,7.191199663890953,2,2.0,0.59,0.0546875,1.18,56.0,0.05784177780151367,13.986480362293205,0.1629974826773173,8.944422006607056e-06,1.6998214699427527,13.986355261310457,obs
0.6974260534539265,-0.015751711529101733,2.0755805417894986,0.9210976911503328,6.545292482242596,76.0179683536428,166.548095539776,0.8788832333404112,-6.0,-0.032187271018994455,-6.118864662946102,0,2.0,0.3,1.0,0.6,53.0,3.0,5.083473339933457,8.28071939161275,1.0,37.044682751436724,0.0,obs
0.2348839901416104,5.707212505201432,0.9610936653043803,0.6570621316726063,2.755861968388722,170.4903939937292,295.76478318109645,-0.5148012974423897,1.0,0.03316965787145939,2.2087153771441703,0,2.0,0.3,0.31575077829741455,0.6,87.0,0.4469292283120192,10.76696475084936,0.20841565971641762,0.00993980166877828,4.878583876992761,10.65994325665119,obs
0.4871684921791853,-4.9123686238674775,2.441102009197029,0.718255722361126,12.571551736251035,42.175337538168534,90.29709880372394,-0.36269712881412,-1.0,-0.002170845988770261,-2.0976839171552886,0,2.0,0.3,1.0,0.6,70.0,3.0,6.825190335210958,1.1989354709847917,1.0,26.743906139614243,0.0,obs
0.8939550971206525,5.361688169083631,-0.08856332595758314,0.9069275758856481,18.87943469112993,165.16795658389663,161.75356451831473,0.2850170980420114,0.0,-0.06643381795729958,7.176211312669361,2,2.0,0.59,0.0546875,1.18,48.0,0.05784177780151367,11.739871364156919,0.12081928171712245,8.944422006607056e-06,1.6384713594551965,11.739766357793135,obs
0.484539814903108,-5.333940666788932,3.5853340659777064,1.0872390287353293,16.923589411964706,20.418489586751363,70.36816966212152,-0.9280103449433948,-3.0,0.012904232858723517,1.4984309412624621,0,2.0,0.3,0.8790974675721384,0.6,68.0,2.3312872114433336,7.486114621714539,1.1189157162530392,0.5972389398919515,21.277811460642,3.01511546113211,obs
0.45266605792427467,7.634619552616925,-0.7280943043711845,1.6472580616183108,6.062272233776703,100.39966810204805,124.4997928311526,0.6372953326906698,3.0,0.026542404563960748,5.218072371403153,1,2.0,0.44,0.03125,0.88,76.0,0.032257080078125,13.468335678324163,0.2586960308661626,9.5367431640625e-07,1.6343417764303274,13.468322833918341,obs
0.7005164655412413,15.474486141752678,-1.1496927512965036,0.9856253319641245,13.718029540552052,19.689479176912165,223.67389405072916,0.3120965571086778,-5.0,-0.037539506692023106,16.08785128408871,7,6.0,0.55,0.0546875,3.3000000000000003,54.0,0.05784177780151367,34.96742320455571,0.0,8.944422006607056e-06,1.4627342224121094,34.967110441166085,obs
0.4563101221559484,-0.8545872157997425,-1.8150792745335513,1.415686233205347,11.606247200712573,137.19119908699528,77.10477881535513,0.44961553590555486,4.0,0.09038256886095176,2.0348268256377953,0,2.0,0.3,0.4458688753154281,0.6,77.0,0.7333062399000972,7.947330938734956,1.1912838916455397,0.039521063861372774,8.599226488867018,7.633243965177749,obs
0.4074881757892578,-15.34780443565186,3.496537007337105,1.4533713271259767,9.129262459628396,159.16729036584204,186.96485303851165,0.27905850597482706,-1.0,0.1288832392310989,-14.569562077043432,0,2.0,0.3,1.0,0.6,75.0,3.0,7.656630162735712,1.4601301910405398,1.0,27.123825732422603,0.0,obs
0.9279632196964752,-3.8365105327137607,1.2291713589268465,0.9229543328527606,20.96105234037012,170.72241690812655,142.50927636336195,-0.08056175872818504,-5.0,0.09698976936554127,-0.8889810558311985,0,2.0,0.3,1.0,0.6,41.0,3.0,3.7817206634557268,8.426652623361699,1.0,37.25694927034429,0.0,obs
0.2541370779497541,8.623125940025123,-0.5011811000704627,1.2287614762003427,10.050952780706792,196.34613889507781,43.92647698920771,-0.5315743550777114,5.0,-0.027624838521399478,12.574262525238725,5,4.0,0.6,0.03460206564687282,2.4,90.0,0.035840797749075656,43.98684273492775,0.0,1.4335343470062156e-06,1.2867263819926054,43.98677967827787,obs
0.7436866737763558,3.871537509176714,1.8735340453102425,0.9190997797386585,16.04369076065876,136.04306584841945,281.93031519918003,-0.07003772061248031,-0.0,0.0755821504188372,5.06598159564642,1,2.0,0.44,0.03125,0.88,56.0,0.032257080078125,11.263741146384598,0.28970889575809794,9.5367431640625e-07,1.6794513980913242,11.26373040444396,obs
0.5907100515250243,1.7423951907252069,1.031538277676673,1.5809110718575032,26.00381191701003,154.96707319880397,141.6728478790793,-0.4876181558763174,6.0,0.007796139746004018,15.441430392923555,6,4.0,0.74,0.0546875,2.96,71.0,0.05784177780151367,46.010674009202816,0.020624606709853673,8.944422006607056e-06,1.4927336503537147,46.01026247031767,obs
0.3490299385904939,7.060678491683873,2.9491912070633854,1.2464039852105988,16.02117553859314,103.62286427265923,241.66016465281487,0.24307765503819176,4.0,-0.12357459785659518,15.820418187731713,7,6.0,0.55,0.08022812236106014,3.3000000000000003,83.0,0.08718106642939996,65.14876562242564,0.0,4.1429196725784045e-05,1.6974485314351997,65.14606656139823,obs
0.4125108671407349,3.391174074738954,-2.321749249109867,0.6620622662153802,18.04259566417458,182.9836957303196,142.40464195758608,0.4033899152740508,-3.0,0.06727293784977458,13.150637648327315,5,4.0,0.6,0.0234375,2.4,73.0,0.023999691009521484,32.40425626069,0.07875900023131359,3.0174851417541504e-07,1.3065560738671735,32.40424648275382,obs
0.6043097186130209,8.524076312157954,-0.39804016247138185,1.0575488035907914,3.9043956403563365,130.5328845288952,283.08728682627185,0.7384043155991038,-0.0,0.014613164095694818,0.9117457936242889,0,2.0,0.3,0.9910114072605972,0.6,64.0,2.946390896529775,5.481093574743656,9.558991116502577,0.9775147699256437,38.4751142507874,0.12324365008718725,obs
0.6918109611969078,6.435965736528899,-0.6937820759142381,1.7698995616943312,6.631487737285144,177.29252421901197,108.42699029580231,0.1858838202764316,0.0,0.25935480020693075,-0.3587812131632365,0,2.0,0.3,1.0,0.6,59.0,3.0,4.949049105091501,16.232698344498257,1.0,48.61119759199747,0.0,obs
0.6332011809428728,10.651903169158713,-2.9605240146129024,0.9391498085769034,4.62473118175095,50.91314331770677,141.30227541567814,0.4622876782975931,5.0,0.145727086327856,3.536104935077934,0,2.0,0.3,0.010562684090170762,0.6,68.0,0.010675432867141435,7.288041063174398,1.235765889887427,1.24479307972436e-08,2.8828811209552074,7.288040972453367,obs
0.4519662123460313,2.5115725873437804,1.5904908071695412,1.1677666002532812,21.88513665725184,101.86386724002254,234.8933448700073,-0.1485723686150711,1.0,0.07111501569345241,14.908573022337682,6,4.0,0.74,0.07364927464854892,2.96,74.0,0.07947297985342698,49.07142377625299,0.0793757950518495,2.9422115485622236e-05,1.751239540721015,49.069979991155606,obs
0.43363278573433145,6.336815810457683,-0.4055948337050376,1.2081593177222674,23.7339481038379,147.31468960744178,122.79017512583137,-0.23913856900409738,1.0,0.024917050128817966,20.910786990537314,9,6.0,0.75,0.0596527913579466,4.5,75.0,0.06342351867924119,68.78330145733787,0.029115098571657456,1.2662605665014759e-05,1.5497373837199766,68.78243048151518,obs
0.6056133792806486,-2.149889511600498,1.1094468074798434,0.6983068176770003,6.847837623059019,44.53074213972324,128.37640926049843,0.23683594540840072,-1.0,0.016372225505801818,-6.708510418309116,0,2.0,0.3,1.0,0.6,63.0,3.0,5.778165129578447,6.318591255040724,1.0,34.19067818915015,0.0,obs
0.15536226413808846,-4.210225680913041,3.539657901494418,1.1935289503366748,7.7010655240003665,46.21125968608576,298.60225682184034,-0.1932364363584544,-0.0,-0.10036894036331077,-0.5709245077041838,0,2.0,0.3,1.0,0.6,90.0,3.0,9.20481795182575,0.4289851399663167,1.0,25.62397838540555,0.0,obs
0.593457495045519,11.947373482932813,-0.5298655377414124,0.61702936677489,10.403389526812354,195.7183343790993,180.01592193639505,0.13459289441382885,4.0,-0.17389872271999107,10.426805602129068,4,4.0,0.48,0.0718942500034962,1.92,69.0,0.07743463897747452,26.772764934312598,0.0,2.6716319598718563e-05,1.6194771118197961,26.772049664568073,obs
0.19337684337890754,1.5134327342588163,-0.6317294739857328,0.8051533299242858,17.368018040799722,89.74902034375518,216.13272249093998,-0.5305960946677105,0.0,-0.08725591090815651,13.743813131198706,5,4.0,0.6,0.009957087328332448,2.4,88.0,0.010057218097760884,42.88637906833221,0.0,9.829451030896053e-09,1.0804577447820871,42.886378646782646,obs
0.3197385697517144,5.634163961036653,0.17799625458599402,1.4515636677151773,18.166701038800507,40.45401332013547,203.73480322147464,-0.44081384123815054,-1.0,-0.004771701817043039,16.71858308758688,7,6.0,0.55,0.042989144599578144,3.3000000000000003,80.0,0.044916657953275485,55.55907641299601,0.0031222345719994753,3.4153499858247116e-06,1.3638746957309305,55.55888665930517,obs
0.8554234704714564,0.8661801008797312,1.4808710294751144,1.1315450550265889,19.855602922077896,69.63545698639368,253.5395197322745,0.3177046505091451,-2.0,-0.21055392782089843,4.531897731962814,0,2.0,0.3,0.0014408295937591437,0.6,48.0,0.0014429085748251065,6.494409773380708,2.439545466227515,4.309774759292395e-12,4.559973037656805,6.494409773352719,obs
0.33543224068329613,-4.10560955643975,-0.8500695379652248,0.8998976840054015,25.53501166155003,82.4883489118555,262.6927768492706,0.44334503770304806,-2.0,-0.05443217922727492,14.65756542642077,6,4.0,0.74,0.078125,2.96,78.0,0.08470535278320312,45.841573425906404,0.0,3.725290298461914e-05,1.677642822265625,45.83986569421891,obs
0.4678370347756028,0.07688024807680927,-0.946442395698196,1.1672594309631532,9.671043652909992,126.50162520669312,182.07915576698358,-0.49282808448334026,-5.0,-0.024761303312442598,-0.35417153524093514,0,2.0,0.3,1.0,0.6,67.0,3.0,5.546556320535029,10.509755061130004,1.0,40.28691645255273,0.0,obs
0.1,5.756206307276066,-1.4429534200048542,1.5032032892751799,27.50250145804013,160.09364834750332,130.4673354312991,0.01487775569814254,-0.0,-0.07226649750831378,30.302245021219182,11,6.0,0.93,0.015625,5.58,10.0,0.015872955322265625,10.846748099024005,0.3197675827175871,5.960464477539063e-08,1.5921001265309789,10.846747452507437,"do(cell_load=0.1,num_prb=10)"
0.1,-4.820785914087046,-0.031917315355492124,1.6152271192968959,22.498077300194865,13.997185479938782,54.40795714656712,-0.33917008277302074,1.0,-0.02574886742414567,15.192923360019932,6,4.0,0.74,0.06032035256969345,2.96,10.0,0.0641783758170931,6.146905338250958,6.117975468408495,0.10578656074854764,10.412300415130918,5.496645363270502,"do(cell_load=0.1,num_prb=10)"
0.1,-10.445371333755768,3.1442049952879927,0.8872641313217906,18.05124879374193,33.22482483131592,74.61202368929035,0.1992226470100105,-4.0,0.0482974321693902,5.4765074766651525,1,2.0,0.44,0.03125,0.88,10.0,0.032257080078125,2.1282269833307517,8.055856217348543,0.2633088772671599,12.975665684041063,1.5678459257802568,"do(cell_load=0.1,num_prb=10)"
0.1,-6.135412851548058,0.04698401417621218,1.4661557747646887,19.618080000161218,95.46111677048403,103.02586009787417,-0.2053094070557682,-2.0,-0.0028306419405985644,10.585251521688447,4,4.0,0.48,0.057356295045503713,1.92,10.0,0.06083472718768266,4.004926188445789,13.229225225310707,0.5608583904910269,20.729187236135218,1.7587297323587205,"do(cell_load=0.1,num_prb=10)"
0.1,-7.874027508409819,1.4630360330221666,1.0486124870732993,25.801081520284654,12.34850554302686,137.47052245949516,0.33970644156806534,8.0,-0.0598719257889048,15.883670610126424,7,6.0,0.55,0.0693566122619691,3.3000000000000003,10.0,0.07450058078938235,7.354751991206173,1.102798243490365,2.3139367687496915e-05,3.200074818664681,7.354581806895599,"do(cell_load=0.1,num_prb=10)"
0.1,-3.119175430744126,0.28437389746109815,1.2302201361035578,4.7211279930672925,138.14485153633993,84.07785016526375,0.6843894321787938,-1.0,0.1442951002220267,-0.4917041010227956,0,2.0,0.3,1.0,0.6,10.0,3.0,0.8813210727862408,11.247031828556626,1.0,41.35931902335509,0.0,"do(cell_load=0.1,num_prb=10)"
0.1,2.285586027368544,-1.7256995138239581,0.5703331683192491,3.116777983338145,174.1174986672192,44.18176206771183,-0.5494698631086316,-2.0,-0.07258401683021536,2.1143414595123264,0,2.0,0.3,0.36883907374947605,0.6,10.0,0.555059038100352,1.0627939246055247,5.074672827251002,0.025809282971039238,12.821814598986093,1.0353639754654793,"do(cell_load=0.1,num_prb=10)"
0.1,3.996986096302494,1.505187524855867,0.8975784524072387,17.163989866482616,196.8511235144768,246.61365276188198,0.8363814542743575,3.0,0.0032202821445399725,18.69515623759609,8,6.0,0.65,0.0464934959953065,3.9000000000000004,10.0,0.048755643606220506,8.742437814081542,0.4821409661645907,4.672709840392031e-06,2.091341099634623,8.742396963206339,"do(cell_load=0.1,num_prb=10)"
0.1,-8.700965669335533,-0.6675874935399456,1.4621199325824936,22.62938879914425,124.91375886813779,121.69215146842372,-0.3348827411114797,-3.0,-0.08682426373089064,10.749431350852545,4,4.0,0.48,0.041964436061369514,1.92,10.0,0.04379934991027408,3.871975857488407,13.108808127826101,0.5555349762973594,20.41775207612016,1.7209578412746371,"do(cell_load=0.1,num_prb=10)"
0.1,-5.230548456268346,-1.3505239752771532,1.425072250746232,6.071955165267546,53.26234273164491,199.59820164296113,0.46320963513303265,2.0,-0.032018023647748854,-1.436596873287707,0,2.0,0.3,1.0,0.6,10.0,3.0,0.8102875790051995,12.82925903933698,1.0,43.660740420853784,0.0,"do(cell_load=0.1,num_prb=10)"
0.1,10.252086856563688,-1.4855038321809355,0.8743400489164356,21.54551325131009,108.84317761098339,274.67766578760944,-0.2811324723586596,-1.0,0.07963252265145616,28.42299763504622,11,6.0,0.93,0.0234375,5.58,10.0,0.023999691009521484,10.808732369165503,0.3101002714521586,3.0174851417541504e-07,1.6430524683702208,10.80872910764657,"do(cell_load=0.1,num_prb=10)"
0.1,9.736906708195711,-2.0276525830498118,1.210878669977431,2.313793108201219,30.517812163060775,266.37430778017676,0.5868781136657344,1.0,-0.09327319482119834,9.896127240607376,3,4.0,0.37,0.011911220132005906,1.48,10.0,0.012054787227183422,2.787861726604106,10.834906801725106,0.44205266361972184,16.85630273669035,1.5554800245552842,"do(cell_load=0.1,num_prb=10)"
0.1,3.6306382127940138,1.0892187181078086,1.2826941185454426,11.217512596121688,156.48165826547336,125.5908439734718,0.20280092723212034,-0.0,-0.0008605656689987496,12.10204050122588,5,4.0,0.6,0.08303740108240815,2.4,10.0,0.09050517137746272,5.2433012354287465,11.57545385420361,0.4819030698939447,18.561065158952225,2.7165382736969206,"do(cell_load=0.1,num_prb=10)"
0.1,5.745048976893201,-0.7979789446768953,0.8517369012113076,7.154923421689011,125.53928515889967,235.90432009015325,0.7724615100649787,4.0,0.07241796029081408,10.586524394209574,4,4.0,0.48,0.05723696324664801,1.92,10.0,0.06070054550433731,3.8361985431186008,7.759343493722858,0.2411453956546965,12.771922173086127,2.9111169276282953,"do(cell_load=0.1,num_prb=10)"
0.1,-7.506949432929019,0.0018588515800542263,0.9092261563873444,24.839058250961347,94.49509166628205,49.1170931442191,-0.18312471519229262,6.0,-0.059422417133643025,14.638538972416992,6,4.0,0.74,0.078125,2.96,10.0,0.08470535278320312,6.138582116505985,3.4487625436547287,3.725290298461914e-05,6.694024703945231,6.138353436501935,"do(cell_load=0.1,num_prb=10)"
0.1,-0.4417513247309613,0.348451961084637,0.7188786715172607,19.28904810463426,196.2845352657339,132.356194813089,0.866008627545079,6.0,-0.01518414174605337,16.64327850091318,7,6.0,0.55,0.046519047099907784,3.3000000000000003,10.0,0.04878373707238295,6.99951919888113,1.020746650543164,4.682990104587503e-06,2.87499229736912,6.999486420201984,"do(cell_load=0.1,num_prb=10)"
0.1,-0.0502242702077833,0.7449932967576008,1.5102128632159801,22.57560651925436,36.910284465574385,247.73671811041285,0.14251149084221776,-1.0,-0.04303347818701789,19.922080163477005,8,6.0,0.65,0.015890187656937338,3.9000000000000004,10.0,0.016146697962326383,8.474549356697823,0.863107467761139,6.375527217272747e-08,2.384602627714813,8.474548816400622,"do(cell_load=0.1,num_prb=10)"
0.1,-5.600730597481778,-2.717960911625111,1.4249785317069388,19.925079155776917,54.568550853559415,34.66530154557212,0.1758648694953275,2.0,-0.005055135492842842,12.214338754521387,5,4.0,0.6,0.06373613879724269,2.4,10.0,0.06805734920875885,4.311063912942808,12.855376113162269,0.5441329703772162,20.243187685542463,1.9652719005072135,"do(cell_load=0.1,num_prb=10)"
0.1,6.347673721714184,1.509172273070225,0.9640194833799134,17.20296852662853,28.179024848937896,40.54008524509667,-0.10115604743668817,3.0,0.005843439962664441,21.274013429716955,9,6.0,0.75,0.04262655202140092,4.5,10.0,0.04452102838139217,10.095663500838214,0.3201099526264451,3.3015723543972086e-06,1.8217827035986938,10.0956301692747,"do(cell_load=0.1,num_prb=10)"
0.1,1.2469892039632724,2.290138600341028,0.6608782206715923,16.664221954055407,130.99633111000693,83.30739377061667,-0.15606312344027587,1.0,-0.11272181460584503,15.001507074279248,6,4.0,0.74,0.06929299096378805,2.96,10.0,0.07442722114522979,6.85128674196495,0.9669634229528534,2.305458083451395e-05,3.0019100207296256,6.851128788420937,"do(cell_load=0.1,num_prb=10)"
0.1,0.13647040692216078,0.09631055750027626,1.0569826804392186,15.471633784514204,43.49975773103766,170.1605258438745,-0.32202709930583495,0.0,0.005770556879361722,12.652026184505324,5,4.0,0.6,0.030956894118750966,2.4,10.0,0.03194489031069967,5.040119351514524,9.545039247843302,0.36523780302346875,15.139252573894037,3.1992772325912893,"do(cell_load=0.1,num_prb=10)"
0.1,7.226769405688022,1.9558729816791744,1.1689140504956137,19.921030775791472,29.80334474707762,86.70335212699459,0.45168929834080374,4.0,-0.11971505438930347,25.251026568223747,11,6.0,0.93,0.078125,5.58,10.0,0.08470535278320312,12.702549884582856,0.07352661394713472,3.725290298461914e-05,1.7845906243705483,12.702076677724348,"do(cell_load=0.1,num_prb=10)"
0.1,5.563911499385737,-1.4993048700607927,1.2330403605883649,27.073359092706564,167.6384932115304,187.3375388634903,-0.5924591897641653,4.0,-0.07875325743053126,28.925569995056833,11,6.0,0.93,0.020002368230616796,5.58,10.0,0.020410465807663248,10.806472505993625,0.24647090543016142,1.6007579684007567e-07,1.52178686163245,10.806470776138928,"do(cell_load=0.1,num_prb=10)"
0.1,12.670734986841252,-0.0045746131063649515,0.6813893350648643,16.328263219340595,11.453070354313395,170.16664445519368,0.40595628633934894,1.0,-0.02891619186533753,26.953196485410253,11,6.0,0.93,0.046875,5.58,10.0,0.049175262451171875,11.62953690475941,0.11566128116611074,4.827976226806641e-06,1.5616366903964451,11.629480757631706,"do(cell_load=0.1,num_prb=10)"
0.1,-13.464684616643604,-1.5324516448227887,0.7796466202913851,17.078728776606116,108.35700753189317,270.10007453742134,-0.8210881850196284,-1.0,-0.12653338026147568,-0.2917390065617056,0,2.0,0.3,1.0,0.6,10.0,3.0,0.8023831354318374,6.909777367868268,1.0,35.05058526235385,0.0,"do(cell_load=0.1,num_prb=10)"
0.1,0.31268564812729394,1.3581258482155412,0.8121001710205183,3.0377173538946067,153.50753758390496,42.289646212832,-0.013680284419089262,1.0,0.10191766485728582,0.6621761208549569,0,2.0,0.3,0.9988104595346388,0.6,10.0,2.9928684155507,0.9286588619326543,7.431121708317457,0.9962753802283154,35.75185162741281,0.003458901158304474,"do(cell_load=0.1,num_prb=10)"
0.1,4.554496095225221,0.46542678511985014,2.044815511396717,14.09804492936315,130.13963712832413,252.23890604058982,0.41175463715018784,2.0,-0.03993843492515931,15.936419213505706,7,6.0,0.55,0.06029044605615502,3.3000000000000003,10.0,0.06414453596831743,7.023690674181969,2.8499915956290383,1.3212773432580427e-05,5.658598608661505,7.02359787174843,"do(cell_load=0.1,num_prb=10)"
0.1,0.9725012953806222,0.9472866010236429,0.7347858257587025,27.807336121377276,150.27262673560674,242.4616428965522,0.8709110090878479,7.0,-0.05963640671140387,26.47862120877405,11,6.0,0.93,0.046875,5.58,10.0,0.049175262451171875,12.18314878866511,0.07685819487131505,4.827976226806641e-06,1.505195837604015,12.18308996871239,"do(cell_load=0.1,num_prb=10)"
0.1,-0.7357380370738159,1.254827136372257,1.1459171902691683,8.331514266307352,16.822807619405697,299.8034441547062,0.03830475849841926,1.0,0.05243842347321455,4.922203646166309,1,2.0,0.44,0.03125,0.88,10.0,0.032257080078125,1.9544891106377464,10.39434106565245,0.41692243695659637,16.377098190664924,1.1396187476255264,"do(cell_load=0.1,num_prb=10)"
0.1,-2.2270140047307416,-0.5492205176190281,1.0067983396297153,13.042700905196039,128.5232773780864,293.2240206277193,0.2676082853883415,-5.0,-0.021256358704519134,7.8969840416715025,2,2.0,0.59,0.0546875,1.18,10.0,0.05784177780151367,2.3892220502248644,9.065098656453653,0.3340354313667945,14.648332268162877,1.5911372320469448,"do(cell_load=0.1,num_prb=10)"
0.5,-10.707104850032728,-0.7392409083731106,1.1174876728665553,9.439996413364508,54.84522541275364,209.9803172099508,0.6361503559619711,3.0,-0.18424342661341264,-10.599242174805191,0,2.0,0.3,1.0,0.6,10.0,3.0,0.836846774325858,9.901082821007238,1.0,39.40157501237417,0.0,"do(cell_load=0.5,num_prb=10)"
0.5,0.1631853616482077,0.7589964076711511,0.8350667161767995,3.3048958849646906,11.3314464896077,119.48019697302573,-0.1631412988343668,-0.0,-0.09617115698223097,-6.226126938195374,0,2.0,0.3,1.0,0.6,10.0,3.0,0.9019426025401948,7.440305956513378,1.0,35.822263209474,0.0,"do(cell_load=0.5,num_prb=10)"
0.5,10.545795243688744,1.2978190461851837,1.2327312410158933,12.516968295124725,170.57896070130144,154.45905442849036,0.27781939265666666,-3.0,-0.039747669934331355,13.083584688073897,5,4.0,0.6,0.0234375,2.4,10.0,0.023999691009521484,5.347798572639988,11.085651780234095,0.4558691237786411,17.3165819356894,2.9099023231859293,"do(cell_load=0.5,num_prb=10)"
0.5,-7.262159290468591,0.6510057499498912,0.8379830141121435,19.033747532305153,77.17189439669684,41.75116890706344,-0.4199523083264731,-2.0,-0.02064662121289578,1.7377168004256345,0,2.0,0.3,0.7336942122397089,0.6,10.0,1.6669542842139644,1.0407747683871338,7.542150081149193,0.4492024480937509,25.306034391746905,0.5732561945134267,"do(cell_load=0.5,num_prb=10)"
0.5,4.488666819287638,0.3060948779597161,0.614750320021035,20.786533642613385,92.48408479256607,263.5599789836521,-0.6900130934186485,2.0,-0.10451597317225732,14.367940428430815,6,4.0,0.74,0.078125,2.96,10.0,0.08470535278320312,6.231952329974097,1.9338737757982594,3.725290298461914e-05,4.4905501325176385,6.2317201716585435,"do(cell_load=0.5,num_prb=10)"
0.5,9.927418169741964,-0.7905357273793205,0.6701018273375022,2.7870948843461427,92.48110829998303,184.78146872908616,0.0047105008908041555,-6.0,0.08277989763226164,2.6429230194768305,0,2.0,0.3,0.09862309476352625,0.6,10.0,0.10930886857714597,1.1906735720246935,6.130448889353213,0.10697392437256037,10.791487514949113,1.0633025473785176,"do(cell_load=0.5,num_prb=10)"
0.5,3.4088827456831714,1.6137149462390192,1.267907754261718,12.476491005115578,112.48270801332471,183.49796034840682,-1.3249143133514494,4.0,-0.07014155351431998,4.415451375941101,0,2.0,0.3,0.0032603039065983996,0.6,10.0,0.003270968143828077,1.3609962752940048,11.372725928697674,0.47126747191725915,17.56831455052906,0.7196030013473931,"do(cell_load=0.5,num_prb=10)"
0.5,-8.309886304064001,-0.9563360622182095,0.8387305576580187,14.08653283031238,187.91793684990964,229.80220389875097,0.3073070192759435,6.0,0.004311125180305845,-4.367515705019542,0,2.0,0.3,1.0,0.6,10.0,3.0,0.8274143641932777,7.573854408043918,1.0,36.01651550260934,0.0,"do(cell_load=0.5,num_prb=10)"
0.5,-4.1845146955677945,2.5753797226836106,1.0925659270277266,16.43952767942942,167.62591430383475,67.74147206977885,0.32057232761834853,-5.0,-0.13170740586371554,2.5669806329660636,0,2.0,0.3,0.1310202557642508,0.6,10.0,0.15043569717354605,1.3908635923996753,9.72870008556151,0.3769725711354305,16.354322065477838,0.8665461678741083,"do(cell_load=0.5,num_prb=10)"
0.5,3.8496380629222156,0.13069833381178228,0.5350011290949257,18.019036356565817,192.49663135493472,254.2519853401309,0.4394737186682761,-7.0,-0.07038593138851461,11.804027758030513,4,4.0,0.48,0.015625,1.92,10.0,0.015872955322265625,4.048709037446818,4.757999258693185,5.960464477539063e-08,8.04770983704094,4.048708796124954,"do(cell_load=0.5,num_prb=10)"
0.5,-8.97602142047959,3.0525860398928657,1.124977313000672,10.862075881536889,130.95427233201687,187.185717190875,0.021012307367347913,-1.0,-0.008467037823556886,-8.305530448867053,0,2.0,0.3,1.0,0.6,10.0,3.0,1.0015951175953453,10.144453212007496,1.0,39.75556830837454,0.0,"do(cell_load=0.5,num_prb=10)"
0.5,-14.543833389725254,-0.2548686497395773,0.9956229939439251,14.092500745878525,54.39596960521448,132.9490745598016,-0.7719033075059956,-0.0,0.08838599019473527,-11.024559337264566,0,2.0,0.3,1.0,0.6,10.0,3.0,0.8578919138389011,9.073883510538652,1.0,38.19837601532895,0.0,"do(cell_load=0.5,num_prb=10)"
0.5,14.428363149974395,-0.3115019974862087,0.6782620843580226,18.426904191487253,21.70763827289966,162.82296036443398,-0.9791650258870536,6.0,-0.15449549332190116,22.176755932608877,10,6.0,0.85,0.09670391408030654,5.1,10.0,0.10695990194660544,10.37670694671376,0.04822922849613259,8.745330158366205e-05,1.9258308206581272,10.375799469431705,"do(cell_load=0.5,num_prb=10)"
0.5,-3.867620886864899,0.6411560580686959,1.4863078769940992,23.605812221008332,52.27137296332276,69.62203639820905,-0.35454786277564554,-3.0,-0.024824050780913667,9.775391657375119,3,4.0,0.37,0.015684207108013937,1.48,10.0,0.0159340596869947,3.19998733304951,13.389104539090818,0.5678188778732074,20.602533625264417,1.3829741163888596,"do(cell_load=0.5,num_prb=10)"
0.5,3.569069274222341,1.0456839628214172,1.1918130491472043,23.81243814064798,10.07817513436067,246.8629846064788,0.5899623465289645,0.0,0.15846702403804222,18.184459175350824,8,6.0,0.65,0.0625,3.9000000000000004,10.0,0.066650390625,8.532899420840941,0.8550115520836424,1.52587890625e-05,2.7768562916671162,8.532769219128587,"do(cell_load=0.5,num_prb=10)"
0.5,-9.544204684498988,2.1809851073448896,0.6639641424672602,11.215292407716017,34.33920312212269,201.60161724524835,0.06653481036954817,0.0,-0.10599063737503389,-8.112375320377419,0,2.0,0.3,1.0,0.6,10.0,3.0,0.9637255598363641,5.886285748391985,1.0,33.56187017947925,0.0,"do(cell_load=0.5,num_prb=10)"
0.5,-1.382267769006718,0.2773812904942428,0.7825749375184529,17.788090973621518,53.075422551004074,214.68742300782844,0.0684210991135854,-7.0,-0.038562258544293876,6.505555162905964,1,2.0,0.44,0.0078125,0.88,10.0,0.007874011993408203,1.8714196940742918,7.024176552559736,0.1832462678362632,11.279976172397792,1.5284890195798964,"do(cell_load=0.5,num_prb=10)"
0.5,7.994451789445038,1.0517199057861344,1.029976759420364,24.614862309092597,180.78619353844527,258.8515406652995,-0.9432219077108512,8.0,0.04454916908265941,21.18400134544518,9,6.0,0.75,0.04684586847164046,4.5,10.0,0.04914320878087309,9.874150539261242,0.40523521352965686,4.815985590544969e-06,1.9825787081083037,9.874102985494526,"do(cell_load=0.5,num_prb=10)"
0.5,4.379048415044203,0.9038647812491657,2.1417027101921042,26.077081766520926,106.6050762041207,257.51465396638497,0.8492023622908984,1.0,-0.06799468905758797,21.046693742550314,9,6.0,0.75,0.05328216235733724,4.5,10.0,0.05627241864634044,9.794402898099316,0.7021526466749991,8.05985755114591e-06,2.471492289788904,9.794323956607158,"do(cell_load=0.5,num_prb=10)"
0.5,-0.4274997841588321,-1.2731915748376006,0.9983295390995783,27.594922659544395,38.94016720128945,247.0646646803469,0.5807627393753406,-5.0,-0.11685062951430236,17.7928719498285,8,6.0,0.65,0.07848846196636683,3.9000000000000004,10.0,0.08513242398381907,7.571935467020529,0.8456170980928187,3.7951004506320274e-05,2.9110478981873795,7.571648104463498,"do(cell_load=0.5,num_prb=10)"
0.5,-6.005884152776931,0.6673441770316471,0.7665907303706861,21.767898932660565,183.08997271594637,123.51463789391319,-0.18829844094173212,-5.0,-0.05142574816919914,5.358938288166742,1,2.0,0.44,0.03125,0.88,10.0,0.032257080078125,1.900467074168132,6.867055593426237,0.17031279694976276,11.246501140154072,1.576793211255625,"do(cell_load=0.5,num_prb=10)"
0.5,13.884503126216204,-2.101911498319466,1.244340674794665,12.105087280488684,145.27030776010344,275.0874798792695,-0.3672095356744826,1.0,-0.03570585174820919,15.21230373147065,6,4.0,0.74,0.05941189765794108,2.96,10.0,0.06315138178814651,5.5105263037530205,11.194468738273631,0.4617646350708987,17.78807467361227,2.9659601360519185,"do(cell_load=0.5,num_prb=10)"
0.5,-0.47901286835255896,-1.0136802022603328,1.1056142882796136,11.689182953245355,87.12792475927264,63.45316908184379,0.25378240492911774,5.0,0.1065052096159822,1.7283891176016881,0,2.0,0.3,0.742730404975407,0.6,10.0,1.7041049394465626,0.9526307358842536,10.084674161339485,0.5816041084759245,29.301456477520844,0.3985767860335284,"do(cell_load=0.5,num_prb=10)"
0.5,-13.683813882442402,-0.33502443292877404,1.2315679147088694,15.24681226707603,41.071133502890085,113.08498920485603,0.031773703930703404,1.0,0.25591421947947607,-8.090010902061964,0,2.0,0.3,1.0,0.6,10.0,3.0,0.8544092832589568,11.370814649727011,1.0,41.539366763239286,0.0,"do(cell_load=0.5,num_prb=10)"
0.5,7.332539308073056,2.076162296203665,0.795392780733912,7.495200586099445,141.86341638107305,80.94208674318557,-0.4890415112341447,4.0,-0.06488457480989644,4.359390893229901,0,2.0,0.3,0.004136248948960905,0.6,10.0,0.004153428269572844,1.3899322770589817,7.113535271313652,0.19051215986118264,11.380187820794621,1.1251332768957034,"do(cell_load=0.5,num_prb=10)"
0.5,-11.282208495201637,0.06187187953319022,1.227711066647342,13.889571273832798,152.10393824295275,196.32749925922775,-0.4633687783277275,-5.0,0.01872605556037766,-8.149892333392435,0,2.0,0.3,1.0,0.6,10.0,3.0,0.871653743731442,11.09881843205263,1.0,41.14373590116746,0.0,"do(cell_load=0.5,num_prb=10)"
0.5,-1.2219262972439893,1.6592184302887198,0.4196423506392733,5.534114160942154,162.46880933538452,288.1385941052903,-0.3667093691092494,-2.0,-0.026310214242555627,-6.533223257233328,0,2.0,0.3,1.0,0.6,10.0,3.0,0.9410556973159927,3.760962000276882,1.0,30.47049018222092,0.0,"do(cell_load=0.5,num_prb=10)"
0.5,-0.1119309214300187,-0.15987295770927262,1.1209313368259768,20.677071709204338,98.66692428049173,153.7065339063118,0.5857986867442783,2.0,0.009293273020231233,11.118499354253103,4,4.0,0.48,0.020758635123761193,1.92,10.0,0.021198501386361406,3.9870915568415217,10.125698587874663,0.40104574005811344,15.89787686618131,2.388085472748558,"do(cell_load=0.5,num_prb=10)"
0.5,-6.871393369931401,1.2192614532511787,0.6758026256014746,7.069471778760115,189.3631143887653,110.85363285985412,-0.5106942151300234,0.0,0.0775200691901761,-10.509553073074697,0,2.0,0.3,1.0,0.6,10.0,3.0,0.9219403252102237,6.176638765243479,1.0,33.98420184035415,0.0,"do(cell_load=0.5,num_prb=10)"
0.5,1.3197810195510093,-1.9895651114252682,0.6302140400553871,13.62151893026941,84.61905647825158,49.04622643990355,0.21871596837173332,-2.0,0.0706893923480054,5.487436240153016,1,2.0,0.44,0.03125,0.88,10.0,0.032257080078125,1.6561507953801011,5.758371103847868,0.0730336964338697,9.633869155312809,1.535195980941599,"do(cell_load=0.5,num_prb=10)"
0.9,0.047767158425240236,0.7859095599127885,0.8157616852555395,10.254987950602604,92.85377560247827,160.12218662706377,0.18864117530464333,-0.0,0.058992630852610986,-6.734033193582097,0,2.0,0.3,1.0,0.6,10.0,3.0,0.9031119326031072,7.421241840283849,1.0,35.79453358586741,0.0,"do(cell_load=0.9,num_prb=10)"
0.9,3.26217194996969,-1.2464306172106205,1.081521060360029,7.719732176598557,126.51419637669711,219.4848211504481,0.5066535944060125,-0.0,-0.2734296485778379,-5.9715419706750765,0,2.0,0.3,1.0,0.6,10.0,3.0,0.8148102559418834,9.487297921171415,1.0,38.799706067158425,0.0,"do(cell_load=0.9,num_prb=10)"
0.9,-1.3715971488316423,-1.715731952890446,1.0402126916060064,25.19029874942502,144.3746033567021,267.64986588847285,-0.2621272573418476,-1.0,0.23894101935131762,5.96069417939288,1,2.0,0.44,0.02112681031497396,0.88,10.0,0.021582582214238706,1.684014560148765,9.626860561095517,0.3704098679279906,15.175366928398299,1.0602389493352478,"do(cell_load=0.9,num_prb=10)"
0.9,-0.8154569626038591,1.6797634474069976,0.7791119042931713,12.26021197210477,63.227906089499214,202.8208449856521,-0.3495813528967523,-5.0,-0.022359087768127204,-6.097656014281744,0,2.0,0.3,1.0,0.6,10.0,3.0,0.9419483428873385,7.009125848477738,1.0,35.195092143240345,0.0,"do(cell_load=0.9,num_prb=10)"
0.9,-4.520880433126529,2.4393208257339443,0.4738036311642183,27.164574742664996,115.59840286403328,35.08716651237045,0.618684375709016,-5.0,-0.12858173263265435,6.334649190693635,1,2.0,0.44,0.0078125,0.88,10.0,0.007874011993408203,2.0709472447813475,4.1474960386244115,3.725290298461914e-09,7.095713606673683,2.0709472370664677,"do(cell_load=0.9,num_prb=10)"
0.9,-7.934158692332085,0.1519236232846233,1.4464185614065945,21.373589740345924,44.34311313499458,109.7265288863112,-0.49215666139092507,-7.0,-0.08834525081213991,-3.9448804965988433,0,2.0,0.3,1.0,0.6,10.0,3.0,0.8755663367358146,12.965582265882363,1.0,43.85902875037435,0.0,"do(cell_load=0.9,num_prb=10)"
0.9,-3.8654648118148573,-0.8624922715341453,1.3495848655553568,9.088452855737554,87.11865756623409,97.1828358939566,-0.09317187547321075,-2.0,-0.041528011628708346,-11.913974130014056,0,2.0,0.3,1.0,0.6,10.0,3.0,0.8314917150988613,12.138475400008376,1.0,42.655964218194,0.0,"do(cell_load=0.9,num_prb=10)"
0.9,0.23643153705819342,-1.8019313971154356,2.0330408952195107,17.390426644412535,100.41554644887381,41.59292117071388,0.056765277567285756,2.0,0.03603150294048731,0.7814265905827495,0,2.0,0.3,0.9950838823556453,0.6,10.0,2.9705998481708673,0.7930867950413185,18.384225582296555,0.9948807203149497,51.50549054143465,0.004060033118336694,"do(cell_load=0.9,num_prb=10)"
0.9,-0.2481001730176406,-1.3027244836033058,0.7537446172742831,26.331491105032143,90.57118097711573,226.39885250656982,0.27138479028353196,6.0,0.1685750200209045,9.006956345670114,3,4.0,0.37,0.04033312119759069,1.48,10.0,0.04202549419821291,2.8873552356424956,6.971120190921304,0.1789035234791071,11.476015140380328,2.3707972104502057,"do(cell_load=0.9,num_prb=10)"
0.9,0.20456994481913957,-0.37480696777692724,1.2232797835728522,20.754357237767323,51.103482785164815,253.21397273437384,-0.3368535665500299,-2.0,-0.2011491338555764,3.3960881930677838,0,2.0,0.3,0.014938207277987961,0.6,10.0,0.015164690776170112,1.2335811295734587,10.838950912889404,0.4422782746512274,16.88706430859395,0.6879949959433972,"do(cell_load=0.9,num_prb=10)"
0.9,-1.9244261843803594,0.4400583405347728,1.090941883608525,25.232627559078253,61.56362622679636,204.6196806200505,-0.19016345838952975,-4.0,-0.020063717213590623,5.929183038891242,1,2.0,0.44,0.022603895025988238,0.88,10.0,0.023126380241633222,1.8821323543915023,9.825686782353339,0.3828041850942776,15.476919088992467,1.161644212229089,"do(cell_load=0.9,num_prb=10)"
0.9,-2.632701425909555,-2.0746567251359065,0.6020466885981076,18.984352219057364,129.00580326623376,58.60795142700007,-0.09258750294564778,2.0,0.036975662090591714,-0.8048148285092231,0,2.0,0.3,1.0,0.6,10.0,3.0,0.7788252595285778,5.470447026688509,1.0,32.95701385700147,0.0,"do(cell_load=0.9,num_prb=10)"
0.9,-4.841781693417815,-2.0398458623662616,0.9256061732575239,26.02267168445054,146.79494396862964,182.38910982825078,-0.08937152166256582,4.0,-0.11119670732804852,3.640788268861457,0,2.0,0.3,0.0078125,0.6,10.0,0.007874011993408203,1.1301548827058003,8.242399006321097,0.2769232476934508,13.05193610514159,0.8171887221902991,"do(cell_load=0.9,num_prb=10)"
0.9,0.18300299433775286,1.8588478655075562,0.9696877981561229,4.183263158179616,135.5393849204805,146.23280846074866,0.4148921965671657,5.0,0.06224375756457631,-12.556835009269838,0,2.0,0.3,1.0,0.6,10.0,3.0,0.9497292520875699,8.813676135923577,1.0,37.81989256134339,0.0,"do(cell_load=0.9,num_prb=10)"
0.9,-5.9981135596427215,-0.058739854804214314,0.7436942016254628,25.828099942464316,180.06276403397655,278.40901320320114,-0.6605473101794391,1.0,-0.051038556493561794,1.458585401018953,0,2.0,0.3,0.8903040257656253,0.6,10.0,2.38863698730761,0.9249087143871081,6.660801613176234,0.6851613519321658,29.7975346085354,0.2911970092237957,"do(cell_load=0.9,num_prb=10)"
0.9,-3.2088737090097905,0.7385379399207959,1.4073452665477186,20.802928416858244,121.87453017252363,272.1345870390023,0.6148736044698804,-0.0,0.04987091979848027,0.6757264864164658,0,2.0,0.3,0.9983870106108417,0.6,10.0,2.9903324664075575,0.9019557540328702,12.751161950391628,0.9970350873308614,43.46980438637556,0.0026742200421344836,"do(cell_load=0.9,num_prb=10)"
0.9,-6.163969488826223,-0.9069114254152082,1.5442776926831168,19.136811052157057,53.49231516769771,233.56208881305747,0.24979475467463202,-7.0,0.029491879761318614,-3.9816290264201846,0,2.0,0.3,1.0,0.6,10.0,3.0,0.8295617794474771,13.966598056226434,1.0,45.315051718147544,0.0,"do(cell_load=0.9,num_prb=10)"
0.9,6.881427714977066,0.6878117688073968,0.7986876967052186,11.41824262843743,66.70810567768403,273.21150077809745,0.12125003093078436,-4.0,0.09478672544894999,1.0922608701680698,0,2.0,0.3,0.9853703111186041,0.6,10.0,2.9130748467386116,0.907005782018277,7.30294318821354,0.9545286662039811,34.927061593128585,0.041242762669072196,"do(cell_load=0.9,num_prb=10)"
0.9,-0.1621522651874812,-1.3902394881108115,1.0801952721960268,17.348525985919146,179.21615700198865,94.14654921806765,0.2594906560571979,-4.0,-0.06199881501285315,0.122314737680007,0,2.0,0.3,1.0,0.6,10.0,3.0,0.8085620084475992,9.686763516556281,1.0,39.089837842263684,0.0,"do(cell_load=0.9,num_prb=10)"
0.9,0.5871918165560973,-1.8990064988158184,0.8297963158279069,26.213549610149567,146.9965306210138,42.234051430546934,0.8554781540660901,-5.0,-0.264928998975486,10.60066743460589,4,4.0,0.48,0.055911053209493355,1.92,10.0,0.05921187959751666,3.617034577453695,7.223982751371367,0.19941138038727524,11.981306311502122,2.895756719455149,"do(cell_load=0.9,num_prb=10)"
0.9,4.562542947800348,-0.7376767790810532,0.5906964550265303,9.126898581236517,111.90557282664965,271.9482875408237,0.1326965906078278,1.0,-0.1705963999764818,-3.677613467107941,0,2.0,0.3,1.0,0.6,10.0,3.0,0.8369147330468232,5.16043910663795,1.0,32.506093246018835,0.0,"do(cell_load=0.9,num_prb=10)"
0.9,-3.0080861547811386,-0.03765396654931771,0.9098975749740065,26.782104093865875,95.1291545291177,148.27601694967873,1.3030598558459077,-2.0,0.04681376430552707,7.870085157807205,2,2.0,0.59,0.0546875,1.18,10.0,0.05784177780151367,2.452059947548228,8.258639378445928,0.27810305252573553,13.475300591060732,1.770134591158971,"do(cell_load=0.9,num_prb=10)"
0.9,7.764321653941739,0.056158875983878004,1.057224023240266,21.267600706390905,65.80670291446152,286.9191027842129,0.6264544244297273,-4.0,0.04446047373614734,12.312812836071403,5,4.0,0.6,0.046857519826591004,2.4,10.0,0.04915602863427333,5.017158498724043,9.585907283479541,0.36782912474365737,15.33638609595352,3.171701479438176,"do(cell_load=0.9,num_prb=10)"
0.9,-2.3133780189676534,-0.24254920295438487,0.553799553536549,4.038383800885283,54.51429729522603,107.1840818504858,0.16682852184035663,-6.0,-0.03525866262766411,-15.042401130550306,0,2.0,0.3,1.0,0.6,10.0,3.0,0.8584271725612923,4.962782308039686,1.0,32.21859244805773,0.0,"do(cell_load=0.9,num_prb=10)"
0.9,8.544206385375155,0.4206940235635622,0.7581895400822392,24.625616099801157,197.29255185617808,169.55889210299105,-0.46320808535999397,2.0,0.029648425813349057,15.148432539500156,6,4.0,0.74,0.062405859781557965,2.96,10.0,0.06654339019681065,6.284027627163276,2.357223618636981,1.5167062758947303e-05,4.961036021410094,6.2839323169218755,"do(cell_load=0.9,num_prb=10)"
0.9,-8.612390247862798,0.3579919581448195,0.8437572783850319,11.553395061671209,103.72684400322633,187.77419625424258,-0.9208186045415006,1.0,-0.056326705475050344,-15.303106729778914,0,2.0,0.3,1.0,0.6,10.0,3.0,0.8845196505952576,7.558582731949856,1.0,35.994302155563425,0.0,"do(cell_load=0.9,num_prb=10)"
0.9,4.439900407143502,-0.18771307816818156,1.1098408687088,24.7206486669832,136.58420470794155,88.01033311907837,0.2430228120509069,3.0,0.029329581761985787,12.218070225669884,5,4.0,0.6,0.06309479219359487,2.4,10.0,0.06732692238531952,4.942778989690616,10.045643421858896,0.39624101388797794,16.15046035633186,2.9842472313914112,"do(cell_load=0.9,num_prb=10)"
0.9,-5.2603281520593,-0.7560195621710897,0.9565717458828479,8.845482281055059,110.74043791337517,77.07613683679908,0.5750322564307148,-2.0,0.09985642571399916,-12.907295122442415,0,2.0,0.3,1.0,0.6,10.0,3.0,0.8361177707470493,8.732916432306695,1.0,37.70242390153701,0.0,"do(cell_load=0.9,num_prb=10)"
0.9,4.450520595932398,-1.9168600845889217,1.0283093934940737,19.929656016230354,71.89218319191984,238.4156675279616,-0.9776740804365136,1.0,-0.09135356806154907,6.108232017089001,1,2.0,0.44,0.01421097417296828,0.88,10.0,0.01441579589154151,1.6672768597482606,9.189138708222456,0.34223918159753,14.481346306364996,1.096669391771516,"do(cell_load=0.9,num_prb=10)"
0.9,-3.310801972292965,1.4678075252484941,1.050886542895405,27.572831551676828,155.94046218722977,102.68044752695981,-0.5836683785797807,2.0,0.001558493134612067,6.3927743108902995,1,2.0,0.44,0.0078125,0.88,10.0,0.007874011993408203,1.9812853156822536,9.485809542765633,0.3614663849585076,14.860533249060914,1.2651172750512139,"do(cell_load=0.9,num_prb=10)"
0.1,-9.982742221856046,-0.3011468335925424,0.9279902547109689,27.84361738262309,69.53205133077172,181.3224938154149,0.24947784553558508,-0.0,0.09467004272090372,15.332684015899464,6,4.0,0.74,0.0546875,2.96,50.0,0.05784177780151367,30.348704368401055,0.11328212203173926,8.944422006607056e-06,1.6275082180946392,30.34843291678183,"do(cell_load=0.1,num_prb=50)"
0.1,-10.530568405715796,0.6273303981753581,0.8837588437070693,10.321533273298124,66.57351240611771,287.0227446589535,0.49976301739180706,2.0,-0.09129731989307942,-2.6583189612478897,0,2.0,0.3,1.0,0.6,50.0,3.0,4.481109707189819,7.884626244563214,1.0,36.46854726481922,0.0,"do(cell_load=0.1,num_prb=50)"
0.1,2.8746549965151624,0.00809994066137837,0.7098073174995964,5.419478227107151,187.67352091385584,116.16699312828344,-0.044214949982810496,-2.0,-0.07944341850377658,5.242843555898629,1,2.0,0.44,0.03125,0.88,50.0,0.032257080078125,9.19923112233998,0.23603732748149892,9.5367431640625e-07,1.6013836624162712,9.199222349269528,"do(cell_load=0.1,num_prb=50)"
0.1,0.06513739012017006,2.0122293759651697,1.1059630788776942,21.540108227346217,197.06473234223853,244.49655996869404,-0.4862868839263447,-1.0,-0.0900947699555863,17.819774233884157,8,6.0,0.65,0.07554602464777915,3.9000000000000004,50.0,0.08168438289874276,44.52449624731282,0.0,3.2572152843468594e-05,1.653475063189942,44.52304598861577,"do(cell_load=0.1,num_prb=50)"
0.1,6.006971994045985,0.9683598083223002,1.709517634054295,19.134218151385113,120.55625852184482,194.66061768612352,0.18475974129109635,-1.0,-0.019643766441158162,22.331754836147066,10,6.0,0.85,0.09375,5.1,50.0,0.103363037109375,55.28561010150255,0.0,7.724761962890625e-05,1.826904296875,55.28133941972248,"do(cell_load=0.1,num_prb=50)"
0.1,1.6101550144312964,-2.3601674365638226,0.8275125128264303,15.150276255771793,84.2702163169485,164.14372477995238,1.03167624419471,-5.0,0.11641462518026205,14.990666806667077,6,4.0,0.74,0.06980112850810855,2.96,50.0,0.07501341093579064,27.107288280310936,0.13778359630024586,2.3738308878584746e-05,1.8005197911957735,27.106644799128876,"do(cell_load=0.1,num_prb=50)"
0.1,2.2955831365953516,0.179581479448513,0.788083727830181,3.2252732755620404,15.706194509498761,74.36335786872012,-0.27204620674874375,-3.0,0.0833592592504584,3.0227383967722616,0,2.0,0.3,0.039276942061115136,0.6,50.0,0.04088021192019071,6.317827049726094,2.39031116143644,2.379855959855348e-06,4.803857930178166,6.317812014207736,"do(cell_load=0.1,num_prb=50)"
0.1,-6.28710858908251,0.9772882218454575,0.5276626441525252,4.674365124800492,106.64447120438284,122.33513318212803,-1.0051801253769455,-1.0,-0.19898764639675445,-5.40259334790095,0,2.0,0.3,1.0,0.6,50.0,3.0,4.5571350275043585,4.56316771707978,1.0,31.637334861206952,0.0,"do(cell_load=0.1,num_prb=50)"
0.1,8.366412073933082,-0.9242959919257565,0.50294864575743,25.780606115542202,69.08116173792658,232.04373252983444,0.7738061694572845,4.0,0.0467198807411708,32.04941708694729,11,6.0,0.93,0.015625,5.58,50.0,0.015872955322265625,55.74953840181017,0.049435354897937024,5.960464477539063e-08,1.1988896133387608,55.749535078878736,"do(cell_load=0.1,num_prb=50)"
0.1,3.3805271307392086,1.4680354671731097,0.6435769335740691,13.915918929217225,70.14864903519099,65.82712275037214,0.46822937202585785,1.0,-0.20343663788865385,15.289405586177896,6,4.0,0.74,0.05579774821853892,2.96,50.0,0.05908485700393669,33.06825217333229,0.0,9.693189236270605e-06,1.4726788560314934,33.06793163650626,"do(cell_load=0.1,num_prb=50)"
0.1,14.07906398953507,2.509809918282561,1.2182751545497472,14.534190067610208,9.576136741887687,88.76825532353052,-0.628001999357973,2.0,0.08849385485583047,25.75263876676483,11,6.0,0.93,0.07519267469071744,5.58,50.0,0.08127174776321583,65.14828095703665,0.09323561823254109,3.1967018607192976e-05,1.7857894268076047,65.14619836072707,"do(cell_load=0.1,num_prb=50)"
0.1,-5.122796117016601,-0.08985880103645405,0.6977567482182577,10.371797186279853,103.36883657094457,172.50878699150826,-0.6858250357864695,-1.0,0.04510164458582148,1.6726056218052274,0,2.0,0.3,0.7967706665282283,0.6,50.0,1.9374388362520663,4.859458836672793,6.342356297255592,0.4780157104673607,25.72475621329739,2.536561168373754,"do(cell_load=0.1,num_prb=50)"
0.1,6.372247406542877,0.8058711606824221,0.6654948555945212,11.319402220763086,84.93237281496847,38.895947388780904,-0.5999801828303463,0.0,0.09697994300255092,14.658568745210646,6,4.0,0.74,0.078125,2.96,50.0,0.08470535278320312,31.926669809292143,0.10891004143172145,3.725290298461914e-05,1.8360574279844926,31.925480448159117,"do(cell_load=0.1,num_prb=50)"
0.1,-4.899664994867301,-2.830010945140641,0.8034387275250546,20.108298066952276,49.2783830700972,120.87459730636918,-0.2939686666669935,-1.0,0.24788111834482054,12.368370771306152,5,4.0,0.6,0.04425324161246216,2.4,50.0,0.0462982543145325,21.48497865824354,0.2832646483549452,3.83513234591959e-06,1.7824073412143622,21.484896260506936,"do(cell_load=0.1,num_prb=50)"
0.1,11.361375228583345,-1.0721718462212488,0.8575265467549216,2.1181593126110148,97.84249097153918,90.70452123185957,0.4704337108490223,0.0,-0.1255322387705718,11.285256478294489,4,4.0,0.48,0.018153055060614542,1.92,50.0,0.018488570506748594,19.02648490286565,0.0,1.0859226695636437e-07,1.1479085640539888,19.026482836736523,"do(cell_load=0.1,num_prb=50)"
0.1,5.04342032882639,1.4845032435644079,0.6387926171228865,17.876748521609965,74.18806171888069,231.06689476768443,-0.5325394941606503,3.0,-0.08242853102815417,19.49645737950021,8,6.0,0.65,0.022540543656574763,3.9000000000000004,50.0,0.02306007207660948,43.83788467415731,0.0,2.5814133186585764e-07,1.1844805766128759,43.83787335778737,"do(cell_load=0.1,num_prb=50)"
0.1,6.723823489059148,-1.5834763462576817,0.572838479592131,12.699306506738951,35.35080493251723,103.3805557049574,-0.2499113558046103,0.0,0.014368136459044174,16.74519420384743,7,6.0,0.55,0.04174174852486484,3.3000000000000003,50.0,0.04355685181416957,31.699517551820772,0.024800473752492114,3.035865657086134e-06,1.384528230880618,31.69942131634409,"do(cell_load=0.1,num_prb=50)"
0.1,9.827895330274638,0.38942712899716764,1.0197827702021078,2.393719725547176,197.40358528306075,177.32039399516637,-0.4912542656699286,2.0,0.10980837061525305,8.555528284235303,3,4.0,0.37,0.06854737503726638,1.48,50.0,0.07356820413465119,15.669666495709063,0.20659972996554038,2.207818225130609e-05,1.8890543312089045,15.669320537956352,"do(cell_load=0.1,num_prb=50)"
0.1,-0.6220205297889028,0.849972580299663,1.2421795654267858,19.778987705624495,72.80583579173673,194.26497853013797,0.03722237902695251,1.0,-0.01567016806160205,16.376767244223554,7,6.0,0.55,0.0546875,3.3000000000000003,50.0,0.05784177780151367,35.81186421151213,0.0016375649846745964,8.944422006607056e-06,1.4651161351170907,35.81154389508578,"do(cell_load=0.1,num_prb=50)"
0.1,6.425870096659837,-0.29118286076702893,0.7966651921009222,21.314535905133173,143.2032735183724,283.6740786747921,-0.18552023506515847,-2.0,-0.061648950402805304,24.337851923482738,10,6.0,0.85,0.03550520732534512,5.1,50.0,0.03681058563804418,52.480581747981006,0.0,1.5891621470975892e-06,1.2944846851043534,52.48049834782704,"do(cell_load=0.1,num_prb=50)"
0.1,-9.68690340279502,1.5429250442958884,1.2275352970478555,8.257186241824845,147.62482224774658,255.24015161198446,0.08791901136354002,-4.0,0.026762483699777753,-4.5273939809291734,0,2.0,0.3,1.0,0.6,50.0,3.0,4.6800147510022105,11.105268539556665,1.0,41.153117875718785,0.0,"do(cell_load=0.1,num_prb=50)"
0.1,0.9864097137575515,-0.5381851774211952,1.2496494176283122,6.719439315906264,107.57536664442064,58.33693238718313,0.49388665672738324,-2.0,-0.04896431852267839,5.607718940695633,1,2.0,0.44,0.03125,0.88,50.0,0.032257080078125,8.948062691812325,0.5636390814303985,9.5367431640625e-07,2.0778953045237616,8.948054158274754,"do(cell_load=0.1,num_prb=50)"
0.1,-0.32276827614297643,2.399710877650123,1.2729300911640737,4.181925115894681,14.830241786803558,259.2658833751282,0.9182265377469594,-1.0,-0.021302036823510968,2.139611280569736,0,2.0,0.3,0.35138257809360735,0.6,50.0,0.5182374014718409,6.546975769886987,2.7875093158197783,0.015244770815473707,9.200458216603497,6.4471686247406,"do(cell_load=0.1,num_prb=50)"
0.1,-0.12612768253875312,-2.6736690917048263,1.3907281139223926,16.849319350468605,24.405691654605356,101.05506216123563,-0.23405216145828733,-0.0,-0.13431795952851885,14.128576996487439,5,4.0,0.6,0.0078125,2.4,50.0,0.007874011993408203,21.805422520684537,0.0,3.725290298461914e-09,1.0629920959472656,21.805422439453007,"do(cell_load=0.1,num_prb=50)"
0.1,-10.147946845215134,-0.4049994770879456,0.8707401520415861,16.09419523969106,52.157569785258254,293.77045528968546,0.08129047236630761,-0.0,0.04731592193105294,3.1338138644485696,0,2.0,0.3,0.023134280047338404,0.6,50.0,0.02368185630965148,6.150576604013634,3.3386326842729233,2.864335952867947e-07,6.045647845783282,6.1505748422818645,"do(cell_load=0.1,num_prb=50)"
0.1,-2.575774747952645,-0.5606461430844623,0.8351334525685853,22.186674464116578,127.17095082709331,107.48932031535337,-0.8195698000439373,-4.0,-0.19735758482478744,15.978225901563167,7,6.0,0.55,0.0546875,3.3000000000000003,50.0,0.05784177780151367,33.388988786544886,0.0,8.944422006607056e-06,1.4627342224121094,33.388690141338806,"do(cell_load=0.1,num_prb=50)"
0.1,4.377075603717736,0.09461740989274903,0.7565520450707923,8.023786460663118,182.16404514025652,208.95024063238117,1.0044092367153474,-6.0,0.18260616928606635,10.20605442040642,4,4.0,0.48,0.08914043607557803,1.92,50.0,0.09779476487040771,19.962539569657263,0.22224071116371136,6.31391916270374e-05,2.105617335201387,19.96127915104601,"do(cell_load=0.1,num_prb=50)"
0.1,-14.514643201025452,1.7155644541287685,1.372014961139247,2.3163527207149928,198.88215726972697,48.76348853247674,-0.1898382488366281,1.0,0.08404351445642995,-15.207125309757902,0,2.0,0.3,1.0,0.6,50.0,3.0,4.717519174517629,12.466478538738123,1.0,43.13305969270999,0.0,"do(cell_load=0.1,num_prb=50)"
0.1,-5.444827545537438,-1.4100282780304814,1.18057658150926,4.166684612019502,40.03871316615792,101.00429930486077,-0.21738340430007044,3.0,-0.07984371052160094,-3.9413297366163604,0,2.0,0.3,1.0,0.6,50.0,3.0,4.038511098220964,10.574859937599461,1.0,40.38161445469012,0.0,"do(cell_load=0.1,num_prb=50)"
0.1,-4.59009264620382,1.3128548964398417,0.474334632006203,26.15340196292965,121.32600995423358,264.5215330896425,-0.2710189699248783,3.0,-0.14510460120663068,18.17280222829995,8,6.0,0.65,0.0625,3.9000000000000004,50.0,0.066650390625,43.206114736771426,0.0,1.52587890625e-05,1.533203125,43.205455463780446,"do(cell_load=0.1,num_prb=50)"
0.5,-3.53158076866148,-0.7967771143223612,1.366884506250866,24.579224795028168,175.17108784022471,128.23069877505117,-0.413274234947438,0.0,0.049547018031565956,10.428008200948108,4,4.0,0.48,0.07180029697075871,1.92,50.0,0.07732573044073346,19.13490558605958,0.12878779867346793,2.657693915075754e-05,1.8059335506872756,19.134397038838166,"do(cell_load=0.5,num_prb=50)"
0.5,-4.662210708179865,2.8287319266636555,1.2175547780540066,13.999138478146627,33.120177338942696,269.012121810005,0.37765184350631215,0.0,-0.15414361599674273,-0.24525230024815986,0,2.0,0.3,1.0,0.6,50.0,3.0,4.959345211654518,10.834288255940658,1.0,40.758964735913686,0.0,"do(cell_load=0.5,num_prb=50)"
0.5,-6.429090638377609,1.0091798417208513,1.1092607605755314,19.73174705741139,168.7183689096327,242.82754005617795,-0.39464840083475516,1.0,0.045135465821844446,2.483967342810668,0,2.0,0.3,0.1738239835006266,0.6,50.0,0.20929081368109811,6.416455859960084,2.8982701292846023,0.0009129327636644424,6.88999215204457,6.41059806717892,"do(cell_load=0.5,num_prb=50)"
0.5,-8.889843987356656,-1.1752242916212272,0.9988359473540956,17.383881686915462,115.62868775999189,69.10139079056277,0.2976247200654922,2.0,0.07008792664098872,-1.0657675557691109,0,2.0,0.3,1.0,0.6,50.0,3.0,4.0895202400960775,9.084582351511694,1.0,38.21393796583519,0.0,"do(cell_load=0.5,num_prb=50)"
0.5,2.405072154562453,3.4046452112255414,0.45183947368357047,10.213656625867749,168.50093099008186,264.689916165346,0.22769916550027444,-2.0,-0.12104478253726957,2.387296277015102,0,2.0,0.3,0.22367000180146535,0.6,50.0,0.2848880946825684,7.0703255071580715,0.4944869667513022,0.002502827769763072,3.9983585272806232,7.0526297001374925,"do(cell_load=0.5,num_prb=50)"
0.5,-11.541435701661813,-1.1371156730712293,1.1697502177846446,3.6946618646471454,170.14807759770022,209.3452815611274,0.2653709239890745,-3.0,0.12813858238089398,-17.949965332326805,0,2.0,0.3,1.0,0.6,50.0,3.0,4.0977990089534915,10.6851342978873,1.0,40.54201352419971,0.0,"do(cell_load=0.5,num_prb=50)"
0.5,14.57610622836961,-0.26052252814639953,0.845543596056753,26.208385271499214,11.220251018172597,60.39137437605906,0.14453166805034343,-6.0,-0.004475933329948621,31.5796747956444,11,6.0,0.93,0.015625,5.58,50.0,0.015872955322265625,57.689443958816426,0.0,5.960464477539063e-08,1.126983642578125,57.68944052025761,"do(cell_load=0.5,num_prb=50)"
0.5,10.503975004879994,-0.9664607948820251,1.452394862050534,26.68587864998736,97.4809898562988,286.6842082091967,-0.19873827873996716,0.0,0.07759758361260288,26.719796146362025,11,6.0,0.93,0.046875,5.58,50.0,0.049175262451171875,55.350472003259625,0.08555898433344096,4.827976226806641e-06,1.5178515313671073,55.35020477249665,"do(cell_load=0.5,num_prb=50)"
0.5,14.506172209434572,-0.32016522458585156,0.6767269017192213,24.636909985931418,43.85533386870258,251.8784708600695,-0.38215593178155227,4.0,0.04910544514814871,28.7725860073341,11,6.0,0.93,0.02239274303878447,5.58,50.0,0.022905406483365524,57.454672580103356,0.052534377034799,2.514369998873889e-07,1.2596568911902684,57.454658133872854,"do(cell_load=0.5,num_prb=50)"
0.5,4.844011964075933,2.1762695489237265,0.6128706897309004,19.07367376958353,153.00675224108682,122.43412387121361,0.03861070016881987,1.0,-0.07851601905179846,13.82535723758886,5,4.0,0.6,0.0078125,2.4,50.0,0.007874011993408203,27.90913610078641,0.0,3.725290298461914e-09,1.0629920959472656,27.909135996816776,"do(cell_load=0.5,num_prb=50)"
0.5,-5.008503101822889,-1.5582354045795332,1.2925272014536626,23.439470420658783,99.78676284241725,283.4741549415611,0.42863530469261507,-6.0,0.23480020250013445,8.584720385292943,3,4.0,0.37,0.06672286872116384,1.48,50.0,0.07147185622048015,14.177259829224493,0.39371347608381596,1.9819780540664134e-05,2.1444489967948464,14.17697883904601,"do(cell_load=0.5,num_prb=50)"
0.5,-9.44888543083182,-0.14040322792741802,1.2484221301602676,2.1007682722900434,30.15629809264413,238.18073458528337,0.862649690304312,-2.0,0.06573848344385524,-16.37870781998056,0,2.0,0.3,1.0,0.6,50.0,3.0,4.3143261953123195,11.332748208140261,1.0,41.48399739365856,0.0,"do(cell_load=0.5,num_prb=50)"
0.5,-11.809991276559844,-0.12216419011382468,0.8751418216340242,15.769187301803715,184.24900820300542,84.78797705035981,-0.7438046183996198,5.0,0.011580804522922213,-6.892534608021468,0,2.0,0.3,1.0,0.6,50.0,3.0,4.318288469044239,7.909735744769984,1.0,36.505070174210886,0.0,"do(cell_load=0.5,num_prb=50)"
0.5,6.635699110633167,-0.9291753011089434,0.6896265194844877,12.063825921470121,77.41593612555074,56.43162581643705,0.5654797863271088,0.0,0.024148727593119836,9.59322413187706,3,4.0,0.37,0.02137694227982828,1.48,50.0,0.021843684640643016,14.76963729613533,0.1003350070780862,2.0882492701712607e-07,1.3206913056023604,14.7696342118669,"do(cell_load=0.5,num_prb=50)"
0.5,-4.134424899782964,0.14412928684662576,1.5107873336408302,12.08661841787797,144.16483538370568,263.5027420226577,-0.11771869072013211,-0.0,-0.12608137098249741,-2.5542393905746117,0,2.0,0.3,1.0,0.6,50.0,3.0,4.376138431280474,13.508774315125981,1.0,44.64912627654688,0.0,"do(cell_load=0.5,num_prb=50)"
0.5,3.8959800983659854,-1.4701514530100424,0.6943922563716115,13.526351059896367,171.93432415015292,242.23108296619097,-0.2580505537942993,1.0,0.03978179943515345,6.73266315383278,1,2.0,0.44,0.0078125,0.88,50.0,0.007874011993408203,8.55069079243163,0.44240691200636995,3.725290298461914e-09,1.7064930588656217,8.550690760577826,"do(cell_load=0.5,num_prb=50)"
0.5,-4.5177922543626075,-1.0643991956850658,1.5327216618103976,22.627260233893846,8.500023891649136,193.6891733183021,1.049572720052853,-5.0,0.020084246099827813,9.478476986399299,3,4.0,0.37,0.02496279057600831,1.48,50.0,0.02560148682546905,14.656676916804097,0.192821206480275,3.8830459792027483e-07,1.4852791040296072,14.65667122554906,"do(cell_load=0.5,num_prb=50)"
0.5,3.764740574355499,1.166907222363126,1.9886180833883527,14.651950030483077,129.26908308923922,148.742597744502,0.869940045771404,4.0,-0.08272716212916473,9.162248302798295,3,4.0,0.37,0.03484493693853968,1.48,50.0,0.036101414232989265,16.358104306829055,0.08661292746069507,1.4742078909835143e-06,1.4147937538067434,16.358080191582605,"do(cell_load=0.5,num_prb=50)"
0.5,-6.335275270580399,-0.17793423778781406,1.2780689311894515,23.476002040887174,7.124286335579991,91.82785448096111,-0.5578535886714863,-3.0,0.006100029070119229,7.157305495890748,2,2.0,0.59,0.0546875,1.18,50.0,0.05784177780151367,12.174143623134489,0.24401166966638682,8.944422006607056e-06,1.8176602873813992,12.174034732456354,"do(cell_load=0.5,num_prb=50)"
0.5,-9.773858558652195,-3.3501604186458245,1.3242526745700764,6.840729555586909,75.10953632542568,222.7409348139227,-0.3272269590394007,-1.0,-0.01069306766761647,-13.340635418473816,0,2.0,0.3,1.0,0.6,50.0,3.0,3.6170341159493558,11.940687320327312,1.0,42.36827246593063,0.0,"do(cell_load=0.5,num_prb=50)"
0.5,-15.845007574100926,3.238841166716461,0.5374409943774512,25.54330868925596,160.50536082394964,135.30258622472437,0.22827093610831783,7.0,0.08866183860924698,-0.2578913503896053,0,2.0,0.3,1.0,0.6,50.0,3.0,5.048437908631508,4.93906681286574,1.0,32.184097182350165,0.0,"do(cell_load=0.5,num_prb=50)"
0.5,-5.472238013479981,-0.18838977006232688,0.9079272828597088,22.65083632155466,197.6043507201786,135.2677530030249,-0.4355150350181528,3.0,-0.09594344868463375,6.462664027882998,1,2.0,0.44,0.0078125,0.88,50.0,0.007874011993408203,9.142166097406697,0.31647453543949666,3.725290298461914e-09,1.5233186929501699,9.142166063349475,"do(cell_load=0.5,num_prb=50)"
0.5,-5.3501481103763435,-0.9912837371438914,1.6961801513281511,9.793049521416238,16.560756142213908,218.15990847192876,0.08308025124186204,2.0,0.19050992648186746,-5.252460229339061,0,2.0,0.3,1.0,0.6,50.0,3.0,4.129479739861844,15.498535792218417,1.0,47.54332478868133,0.0,"do(cell_load=0.5,num_prb=50)"
0.5,-0.2021330127969476,-1.6670225599578052,0.9452816300861522,26.99221862626289,160.72417499751498,49.181731939705585,0.04991280174684952,-2.0,0.012015734643776345,16.917907883097595,7,6.0,0.55,0.03364579481001334,3.3000000000000003,50.0,0.03481592268742723,31.596872275526714,0.029354734655414234,1.281513448581073e-06,1.3212251773618384,31.59683178370996,"do(cell_load=0.5,num_prb=50)"
0.5,-2.8686446528662186,-1.1827841834646706,0.9380739305848819,16.196136560858086,199.41892858619025,144.6680956335005,0.8153330693642655,5.0,0.022734372834668636,3.8354118679283795,0,2.0,0.3,0.0078125,0.6,50.0,0.007874011993408203,5.920430351269822,5.722869002380625,0.0697360388966809,9.387165190319083,5.507562990008579,"do(cell_load=0.5,num_prb=50)"
0.5,2.5963291808708613,2.2293179731561055,0.8128260753398575,3.016493529217155,199.91690065019984,273.10375643856264,-0.3851705924299939,0.0,0.09946640700837278,-5.324460047482884,0,2.0,0.3,1.0,0.6,50.0,3.0,4.829127697616671,7.43522173695058,1.0,35.81486798101903,0.0,"do(cell_load=0.5,num_prb=50)"
0.5,6.0978112398527475,-0.5152223729853695,0.9991171581976607,4.500563029609546,107.91418427967986,126.93872384338228,0.46420709019728335,3.0,0.11683722956429088,1.0616661451513452,0,2.0,0.3,0.9863263962753767,0.6,50.0,2.918703690888864,4.2688004208911625,9.13386958229817,0.9645599977705301,37.635258010453704,0.15128629643354466,"do(cell_load=0.5,num_prb=50)"
0.5,6.847284327564182,-0.31928188440211225,1.3001148733931784,4.566472440258023,32.134217986855816,203.89568978847177,-0.5408519847054724,-1.0,-0.08584683776074206,1.0304722375031128,0,2.0,0.3,0.987301205889384,0.6,50.0,2.9244502250241973,4.309144441619811,11.647689894612682,0.9743648535287407,41.337696192357484,0.11046554892673675,"do(cell_load=0.5,num_prb=50)"
0.5,-3.415539011094438,-0.09812389768388638,0.43874553786602055,24.505177292708865,11.189014166915547,190.813635564904,-0.08620617950702535,-1.0,0.158600167337976,11.310887009853364,4,4.0,0.48,0.017752578005007125,1.92,50.0,0.018073326827258016,20.00685255338732,0.18146437350661243,9.932206002094546e-08,1.4085347942640458,20.00685056626551,"do(cell_load=0.5,num_prb=50)"
0.5,0.03117974828419317,-3.5239553282079026,0.7282268258346815,9.494907683760562,191.1325511107518,253.14363778855096,0.45493968992776757,-0.0,0.12143523100155325,-0.5179129971897456,0,2.0,0.3,1.0,0.6,50.0,3.0,3.5792786700789727,6.693682334159547,1.0,34.73626521332298,0.0,"do(cell_load=0.5,num_prb=50)"
0.9,6.124525286133046,-3.201297170502267,0.8098444507805973,11.196313356768423,123.7207831104226,293.88908637841695,0.2639002674949554,-2.0,0.018130790910602844,0.01277348997344413,0,2.0,0.3,1.0,0.6,50.0,3.0,3.6493733733046803,7.326976959205487,1.0,35.657421031571616,0.0,"do(cell_load=0.9,num_prb=50)"
0.9,-5.098191248484101,0.2941729853111588,1.1273424986556118,13.020481127160668,70.10897639525116,46.97214707918355,-0.19044864366315514,0.0,0.20601280928769153,-9.073605510348267,0,2.0,0.3,1.0,0.6,50.0,3.0,4.408734131291735,10.38027885965458,1.0,40.098587432224846,0.0,"do(cell_load=0.9,num_prb=50)"
0.9,7.469997094441123,-0.15993977090069644,1.3439457254444378,27.93252625427723,107.2274594868461,208.04723906427932,-0.10455494716111789,3.0,-0.08508293737931186,17.92310016662494,8,6.0,0.65,0.0642447507542559,3.9000000000000004,50.0,0.06863730176702484,40.2085523380149,0.0,1.703533169816751e-05,1.5490984141361988,40.20786737198872,"do(cell_load=0.9,num_prb=50)"
0.9,-5.717691101102155,0.3531010471437036,1.249333592260644,13.344387717068168,35.82321232813151,181.78839898135544,-0.495888586560425,-1.0,0.18795786893263397,-9.8879018872377,0,2.0,0.3,1.0,0.6,50.0,3.0,4.421535744724322,11.463193539084935,1.0,41.673736056850814,0.0,"do(cell_load=0.9,num_prb=50)"
0.9,-0.9362617548246492,2.6891679692296564,2.2911813814684043,18.184333666662877,143.9575277232511,71.92076477827499,-0.07028042131854653,-0.0,0.07309331725311914,0.021778967892354367,0,2.0,0.3,1.0,0.6,50.0,3.0,4.929026145039547,20.751005285005448,1.0,55.18328041455338,0.0,"do(cell_load=0.9,num_prb=50)"
0.9,1.0595034377870625,-1.8903838863430342,0.5584735910508416,23.030096801532036,29.658871993071813,78.41632351711993,0.40839940624367527,2.0,-0.03996515750484596,7.776540136044635,2,2.0,0.59,0.0546875,1.18,50.0,0.05784177780151367,11.122406220030909,0.09511048797559817,8.944422006607056e-06,1.601076750376616,11.122306736535949,"do(cell_load=0.9,num_prb=50)"
0.9,-1.3405499881107572,0.8120232352312824,0.9124708091802978,16.71083616394269,173.11048482631833,113.24895484186695,0.5824327283933999,-6.0,0.09576090860865395,-1.4090389144897182,0,2.0,0.3,1.0,0.6,50.0,3.0,4.521232633860588,8.330809961460833,1.0,37.117541762124844,0.0,"do(cell_load=0.9,num_prb=50)"
0.9,-10.058895333625463,1.489222988527366,1.3046670102769682,13.048322999744576,44.284242432973386,53.257430093224336,0.5391830643900948,8.0,-0.10276687990664105,-13.182228951558102,0,2.0,0.3,1.0,0.6,50.0,3.0,4.6683484423352555,11.671852887842986,1.0,41.97724056413526,0.0,"do(cell_load=0.9,num_prb=50)"
0.9,6.653945593531631,-1.973454827891381,0.5095246682338319,8.587609098691098,79.65790937261262,96.92859849556172,-0.3916202575166576,5.0,-0.0321581372445084,-2.1637608461072655,0,2.0,0.3,1.0,0.6,50.0,3.0,3.916111537389113,4.566301993565821,1.0,31.641893808823014,0.0,"do(cell_load=0.9,num_prb=50)"
0.9,-2.0398756024455174,0.14680179475510396,0.9857410928276449,16.603333654492427,157.71681599465688,184.77315489573107,-0.5060670171794452,2.0,0.15893786260636977,-3.4294275639907985,0,2.0,0.3,1.0,0.6,50.0,3.0,4.376719010584729,9.055251225375857,1.0,38.17127450963761,0.0,"do(cell_load=0.9,num_prb=50)"
0.9,4.462668520118707,-2.2507671103648477,0.5094297382934742,20.852052518845678,158.6392457991513,62.84540878028155,0.022143302819567345,-1.0,-0.06202875803592887,8.169992520826229,3,4.0,0.37,0.09264336025033348,1.48,50.0,0.10202129115840346,13.583286294357817,0.00814695944441133,7.36643219221289e-05,1.8280204520954624,13.58228569078347,"do(cell_load=0.9,num_prb=50)"
0.9,-0.005683315616135549,0.5491469765106921,1.3119681060591744,13.813283838264327,144.95678767568447,255.21355258230767,0.16214964105131197,-5.0,0.09006050494312554,-3.6079881212483045,0,2.0,0.3,1.0,0.6,50.0,3.0,4.464125032828185,11.930572662127163,1.0,42.353560235821334,0.0,"do(cell_load=0.9,num_prb=50)"
0.9,3.4994620177353974,2.1423872223914935,1.0214369623952602,11.679371729422304,32.63109583932998,49.76867860178395,-0.18097927925912735,-1.0,0.15519070200031987,-1.6389494389397068,0,2.0,0.3,1.0,0.6,50.0,3.0,4.810242741416083,9.373659287617535,1.0,38.63441350926187,0.0,"do(cell_load=0.9,num_prb=50)"
0.9,11.249023866221794,-0.5783967002719643,1.239774268643154,17.943735665947756,66.51697927115984,181.34171985734764,-0.5351117317709451,-1.0,0.053175596270562675,11.492883752531368,4,4.0,0.48,0.015625,1.92,50.0,0.015872955322265625,19.53047517215133,0.12160658459613802,5.960464477539063e-08,1.3038659474452348,19.530474008044294,"do(cell_load=0.9,num_prb=50)"
0.9,-15.371141818250548,-1.8772363463478279,1.7339148855316913,4.5417735331349,35.32734555759155,179.4762173659553,-0.3364338135812566,4.0,0.05005243599121757,-28.177119003181122,0,2.0,0.3,1.0,0.6,50.0,3.0,3.9370141730347816,15.698634277914715,1.0,47.83437713151231,0.0,"do(cell_load=0.9,num_prb=50)"
0.9,-0.006251226162906515,-0.41193798499733913,1.6858024171135413,4.515024686774714,77.93735882114672,113.19835938053545,-1.1544356041196187,2.0,-0.055889154516560846,-13.698225399644446,0,2.0,0.3,1.0,0.6,50.0,3.0,4.255337610155751,15.158477659933135,1.0,47.04869477808456,0.0,"do(cell_load=0.9,num_prb=50)"
0.9,-4.6479714543273705,-0.45962211413653276,0.5873957114413887,6.967024184908071,190.24208777961786,141.12563894531863,-1.2608093332269925,3.0,-0.1671782951450362,-16.41829899645538,0,2.0,0.3,1.0,0.6,50.0,3.0,4.244978644170339,5.1340680006134916,1.0,32.467735273619624,0.0,"do(cell_load=0.9,num_prb=50)"
0.9,-2.111977987559313,-0.1868171662273368,0.7930624048545178,26.896247634712292,27.215281027298182,185.39135852048125,-0.5311811214938652,4.0,0.048203294651759716,7.274275876676014,2,2.0,0.59,0.0546875,1.18,50.0,0.05784177780151367,12.168687983550095,0.19601832347870668,8.944422006607056e-06,1.7478517838356828,12.168579141669504,"do(cell_load=0.9,num_prb=50)"
0.9,-6.819551468402391,0.7748331454972538,0.8032237882531398,21.07777446634036,121.15173160324873,88.27658014640616,-0.5442285324492601,-3.0,0.05090520524625891,-3.4236652250672606,0,2.0,0.3,1.0,0.6,50.0,3.0,4.513153407470092,7.299999894230839,1.0,35.618181664335765,0.0,"do(cell_load=0.9,num_prb=50)"
0.9,1.5031619149082385,-0.4582163529585076,0.951286178021021,13.585690155887896,157.17434769195987,234.11770265333035,-0.6176902683064721,2.0,-0.09638224606023077,-3.1063541397211907,0,2.0,0.3,1.0,0.6,50.0,3.0,4.245284033667635,8.488975510579477,1.0,37.34760074266106,0.0,"do(cell_load=0.9,num_prb=50)"
0.9,4.471542523830211,-3.65855338866557,0.8458704151946488,26.040946237618922,88.43521327923168,263.47228148102965,0.01833821001555067,2.0,-0.10890576080807374,13.129054537513538,5,4.0,0.6,0.0234375,2.4,50.0,0.023999691009521484,20.51636476802071,0.0,3.0174851417541504e-07,1.1919975280761719,20.516358577238126,"do(cell_load=0.9,num_prb=50)"
0.9,-5.456910834841699,-1.0017203605088176,0.9121408589871816,7.857839715785109,191.17157601401993,43.35520451248919,0.6873053184482422,-1.0,-0.1498030304060504,-14.090538277358851,0,2.0,0.3,1.0,0.6,50.0,3.0,4.127212473406705,8.082268221953257,1.0,36.75602650465928,0.0,"do(cell_load=0.9,num_prb=50)"
0.9,-8.357231433237894,1.3305645379276143,0.4841508281602437,2.8731098918747096,100.68774240890757,164.4139705428954,-0.06460218263985543,0.0,0.13891004893495762,-22.812319337252617,0,2.0,0.3,1.0,0.6,50.0,3.0,4.633881261687723,4.508371273081153,1.0,31.557630942663494,0.0,"do(cell_load=0.9,num_prb=50)"
0.9,0.502126041305645,1.5318393308200124,0.790151789704434,22.5802336715989,179.73439879074905,137.90982142560006,-0.03698620605783029,-4.0,-0.15613403436320067,5.603178738552934,1,2.0,0.44,0.03125,0.88,50.0,0.032257080078125,9.89980893142,0.11824143579434976,9.5367431640625e-07,1.4300441835985995,9.899799490226485,"do(cell_load=0.9,num_prb=50)"
0.9,2.2944355799185883,1.5369718248658315,2.1365274677516144,14.734151852242713,106.90971700537455,235.6898113078248,-0.010881404312791816,-1.0,-0.08219496517939853,-0.4056461717476634,0,2.0,0.3,1.0,0.6,50.0,3.0,4.678721465401888,19.199965431278905,1.0,52.92722244549659,0.0,"do(cell_load=0.9,num_prb=50)"
0.9,-10.486201268421617,-1.288850110424907,0.44190815553903245,16.58225539942417,172.73299349883493,220.68918419285853,0.42397041323566564,3.0,-0.07444449907096444,-11.076190354059714,0,2.0,0.3,1.0,0.6,50.0,3.0,4.0648360104939,3.9137766046688003,1.0,30.692765970427345,0.0,"do(cell_load=0.9,num_prb=50)"
0.9,6.334435835415615,-1.5833589451334213,1.2551582108246402,8.091188319999121,163.37011746079878,197.21939202750858,-0.3747117761842384,-2.0,-0.18254827296328813,-3.4762447515042387,0,2.0,0.3,1.0,0.6,50.0,3.0,4.000856505022739,11.145254579729079,1.0,41.21127938869684,0.0,"do(cell_load=0.9,num_prb=50)"
0.9,-10.38771928739309,2.1758574469425858,1.1376432300912418,27.93720601396534,15.601768067172095,119.84391574011153,0.23704098168235244,3.0,0.13632639970652688,1.0273541342283008,0,2.0,0.3,0.9873986466167218,0.6,50.0,2.9250250551080335,4.855170702876066,10.403556551279973,0.9711871548715313,39.532646333635135,0.13989128153424668,"do(cell_load=0.9,num_prb=50)"
0.9,5.546888688656128,1.0001851047533281,2.1097062853994264,15.479435687592847,94.23677761064599,259.8459086656653,-0.1140187213767839,-4.0,-0.0344139805158221,3.494445756396172,0,2.0,0.3,0.011864533423975823,0.6,50.0,0.012006970713940602,6.603165705410673,4.346093555878347,1.9815391438804397e-08,7.4176463924436655,6.6031655745663596,"do(cell_load=0.9,num_prb=50)"
0.9,-10.89040262049873,2.272833592037352,0.9909579395021805,26.379233486477105,119.1030859769778,161.8946242462574,0.19836729989254104,2.0,-0.21109651877636226,-1.6342013149111976,0,2.0,0.3,1.0,0.6,50.0,3.0,4.838581090683976,8.732298885230808,1.0,37.70152565124481,0.0,"do(cell_load=0.9,num_prb=50)"
0.1,5.885139415506724,0.2659581867624311,1.0403378173693156,4.066427906853775,96.87576750346327,166.89657814733079,0.572086171401988,2.0,0.021153523210148722,7.668498396311537,2,2.0,0.59,0.0546875,1.18,100.0,0.05784177780151367,24.893539208856858,0.05374665181919455,8.944422006607056e-06,1.540911170512756,24.893316550536937,"do(cell_load=0.1,num_prb=100)"
0.1,-10.296118448436165,-0.3484456420243132,1.130585771971508,15.643983305964989,94.41508443610542,248.04254868417794,-0.46847307928137233,7.0,-0.12253999420147432,1.8801162227746258,0,2.0,0.3,0.5957447718391236,0.6,100.0,1.1620934740898137,10.542733053451617,0.19910715780216537,0.12596240932668035,10.586358204067114,9.214744997150822,"do(cell_load=0.1,num_prb=100)"
0.1,-2.3298128592382192,-0.5722715473130892,2.4811546387322556,9.552732098398625,49.56262068947051,130.93816469571584,-0.4224420075548331,2.0,0.07833188105593168,4.227099758956919,0,2.0,0.3,0.006203297921976256,0.6,100.0,0.006242017535603748,12.228019798091943,0.5344799304058023,1.4807800541305483e-09,1.8273614936023608,12.228019779984935,"do(cell_load=0.1,num_prb=100)"
0.1,-2.8839485773473315,-0.599673870139477,1.814708416501436,14.268692885557705,7.671576210104666,230.14922313944075,-0.29883681040425875,-1.0,-0.012917043314784389,8.543341472905746,3,4.0,0.37,0.06930905074536364,1.48,100.0,0.07444573823296041,29.81516501034337,0.024943583373236038,2.3075961367524656e-05,1.6318474816792994,29.814476996747427,"do(cell_load=0.1,num_prb=100)"
0.1,5.405092339478285,2.398233235943059,0.9845776301262597,5.920092147094515,188.5139094366066,277.97695724799365,0.5786716105686056,-3.0,0.21637277567180913,8.572216346025328,3,4.0,0.37,0.06750437117538977,1.48,100.0,0.07236881793054745,34.433072337241036,0.2313204979341015,2.0764791950234063e-05,1.9154167222576182,34.43235734165775,"do(cell_load=0.1,num_prb=100)"
0.1,-11.933501701035002,0.4792479351932968,0.44222649786185586,14.838418525987533,199.11740399841392,91.22710138184999,0.292129950370368,-1.0,-0.001914852489937323,0.23257604696087547,0,2.0,0.3,1.0,0.6,100.0,3.0,8.897880137359847,0.21931592166344904,1.0,25.319004976965015,0.0,"do(cell_load=0.1,num_prb=100)"
0.1,3.389512046384789,0.5585865137023522,1.4997544957144977,19.157410126971744,92.06937925177813,286.4051304811361,-0.1050475140715432,3.0,-0.05115326914766876,19.3910151919197,8,6.0,0.65,0.02418807783752025,3.9000000000000004,100.0,0.024787292499026004,83.87555458784809,0.0,3.422988420487272e-07,1.198298339992208,83.87552587734288,"do(cell_load=0.1,num_prb=100)"
0.1,3.6143215254110315,3.110848556237695,0.9906916645941942,3.6838896283791183,173.58734246440127,153.67213490154913,0.3246842522824448,-3.0,0.024275194064303972,4.559708642368003,1,2.0,0.44,0.09485205399544397,0.88,100.0,0.10470234173937276,21.02423113105986,0.07018481108488002,8.09444281836269e-05,1.9397057318566258,21.022529336692955,"do(cell_load=0.1,num_prb=100)"
0.1,-1.2451995988233524,-1.6263553897339444,0.9617282889165241,14.282625780662476,38.14672824357999,174.0612954556098,-1.0035339583318057,3.0,0.11718065213094991,9.418992087370611,3,4.0,0.37,0.02682169367065479,1.48,100.0,0.027560392535650947,28.435091382310915,0.13948516131991978,5.175410380253709e-07,1.4233706476596364,28.435076665984205,"do(cell_load=0.1,num_prb=100)"
0.1,-5.169985955422722,-0.4499872057168931,1.142661563494591,12.695627682936092,161.5013030863378,218.84165693573073,-0.04092814715550135,2.0,0.12243058533422951,4.322168460173754,0,2.0,0.3,0.004717849465463206,0.6,100.0,0.004740212579424048,12.307756852819622,0.3286977307759045,4.954231469511683e-10,1.5160274908548899,12.307756846722075,"do(cell_load=0.1,num_prb=100)"
0.1,-8.45099308916522,0.314096483813731,0.8054129577864374,11.764264223087952,96.02116812969837,261.6725798288022,-0.19622925090529372,3.0,-0.06098895708020731,0.08966346430167729,0,2.0,0.3,1.0,0.6,100.0,3.0,8.826124679174242,0.3539702575704492,1.0,25.51486582919338,0.0,"do(cell_load=0.1,num_prb=100)"
0.1,-7.180436907042212,-0.42907386956092797,1.0006053119545384,15.705295204410035,18.327689440181267,259.4646639266171,0.30710860587374045,2.0,0.24619532211715245,6.172233063525365,1,2.0,0.44,0.011210925121263746,0.88,100.0,0.011338019006691704,18.052833239566482,0.3129791114774083,1.5796679520008183e-08,1.545946496020673,18.05283295439166,"do(cell_load=0.1,num_prb=100)"
0.1,-1.8623011274622665,1.0576437583467257,0.9061348883371922,13.818280551844701,18.94073213853869,78.71089946552819,0.22793357175803045,-4.0,0.027767287822045864,9.923740515014762,3,4.0,0.37,0.011048305306775086,1.48,100.0,0.011171718968868162,32.6688333466923,0.0432085792687243,1.489987644376356e-08,1.152222594323635,32.668832859930724,"do(cell_load=0.1,num_prb=100)"
0.1,2.3840904740218845,0.49057366980477823,1.0162297992516067,13.095269848865382,81.25584958396345,150.013907393885,0.9581345951093205,2.0,-0.006053950026522211,13.679677800683999,5,4.0,0.6,0.011961316406917055,2.4,100.0,0.012106100839604473,51.54264857273377,0.0004228468852434516,2.046990910109514e-08,1.0974638567317354,51.542647517660434,"do(cell_load=0.1,num_prb=100)"
0.1,4.611087044079824,0.9311368599532441,0.7392994177981969,6.262746879133545,134.1628265747806,200.127874118743,0.22690163857132384,6.0,0.1335589180192939,8.052748603242058,3,4.0,0.37,0.09997110509934415,1.48,100.0,0.11096446035755905,31.994449654318068,0.14675017559728484,9.988447048259186e-05,2.10117048372925,31.991253905655963,"do(cell_load=0.1,num_prb=100)"
0.1,5.380845127028659,-0.1374886745871614,0.408503742311787,21.58082543285268,144.6137609892452,270.8812475454123,0.06272427351530195,-1.0,0.01892650374521719,23.822759120481436,10,6.0,0.85,0.057871536128703716,5.1,100.0,0.06141446923460654,105.39285124453995,0.019513379082974167,1.1216569232863627e-05,1.5196988507248146,105.39166909832733,"do(cell_load=0.1,num_prb=100)"
0.1,16.785559007216538,0.6972319048961773,1.0721899627465383,26.6738950834417,88.86346241972988,220.81124582499203,-0.2558145021951538,5.0,-0.043949845657933605,40.27227789004552,11,6.0,0.93,0.015625,5.58,100.0,0.015872955322265625,120.97704225278194,0.0,5.960464477539063e-08,1.126983642578125,120.97703504198832,"do(cell_load=0.1,num_prb=100)"
0.1,11.205195475415925,4.0886210654621795,1.951128575107923,21.603686638845936,27.199567741456338,67.65800172769708,0.8285141629354066,5.0,-0.035294554800916894,31.365640857398727,11,6.0,0.93,0.015625,5.58,100.0,0.015872955322265625,140.79999402037382,0.0,5.960464477539063e-08,1.126983642578125,140.7999856280402,"do(cell_load=0.1,num_prb=100)"
0.1,-6.809287324297586,-2.757290310265607,1.0674211019545876,20.881415416432223,91.02284065824973,104.5599553123519,0.582795771476511,-1.0,-0.04699989771950003,11.975041787374764,4,4.0,0.48,0.015625,1.92,100.0,0.015872955322265625,34.678734633683554,0.0,5.960464477539063e-08,1.126983642578125,34.67873256666989,"do(cell_load=0.1,num_prb=100)"
0.1,0.3988830273192166,-3.657404724159911,0.7432433380875543,24.78259548126899,132.10408629435784,252.22885188444312,0.15294299130247513,-5.0,0.06469988168920465,22.200430303391656,10,6.0,0.85,0.09522426590638289,5.1,100.0,0.1051553880686183,86.15563826570424,0.06631761888839342,8.222247269962235e-05,1.9377050956593367,86.14855433608902,"do(cell_load=0.1,num_prb=100)"
0.1,-9.980190698464444,-2.0534264891570717,0.9129818445111263,3.373185722961657,44.3729904781999,273.4721603430258,-0.05712155422439723,-4.0,-0.02485428580148138,-9.489427244457923,0,2.0,0.3,1.0,0.6,100.0,3.0,7.797476766780031,0.7459645292835899,1.0,26.085039315321584,0.0,"do(cell_load=0.1,num_prb=100)"
0.1,2.7666254088413003,-2.1156465390242087,0.9404403485137691,23.58744578668273,89.02581945203495,205.59456293698443,-0.1744936356154334,2.0,-0.07106776268805763,23.275638355301485,10,6.0,0.85,0.0625,5.1,100.0,0.066650390625,94.82271711316787,0.0,1.52587890625e-05,1.533203125,94.8212702333291,"do(cell_load=0.1,num_prb=100)"
0.1,3.6838696193758946,-1.5264856196684766,0.602374284496637,15.35201795986921,65.3909807919089,207.84870851135656,-0.02945267522772908,-2.0,0.08800410934853868,16.19460601621514,7,6.0,0.55,0.0546875,3.3000000000000003,100.0,0.05784177780151367,63.460130314314384,0.09048114064594381,8.944422006607056e-06,1.594343154260755,63.45956270012826,"do(cell_load=0.1,num_prb=100)"
0.1,-6.69445288671084,1.464608545341283,0.8126945945120858,18.503945020745455,44.58560367883056,146.9488641278268,-0.5821641333627259,-3.0,-0.22810333885850853,8.639681112038094,3,4.0,0.37,0.06328782329959193,1.48,100.0,0.06754666167065006,33.02142858973549,0.0,1.604281723133205e-05,1.5403732933652003,33.02089883299191,"do(cell_load=0.1,num_prb=100)"
0.1,3.9093291078563404,-1.1011868140291143,0.9960033905679592,14.108152226934694,60.67572900176532,153.0084415074618,0.2334191664060329,-8.0,-0.09193236123597243,15.57315028395172,6,4.0,0.74,0.0546875,2.96,100.0,0.05784177780151367,58.232272655623945,0.0,8.944422006607056e-06,1.4627342224121094,58.23175180160291,"do(cell_load=0.1,num_prb=100)"
0.1,-11.851338044616345,-0.0834110633332045,1.3611035736555348,18.0887825965159,177.4308380850256,87.23906252929586,-0.24915275784444896,-2.0,-0.07804568238466254,3.0902751349560886,0,2.0,0.3,0.028724326719892168,0.6,100.0,0.029573113732398456,12.492036766493358,0.1576489002424693,6.807684675980141e-07,1.465892401120961,12.492028262308631,"do(cell_load=0.1,num_prb=100)"
0.1,-8.13811224801338,1.5399651808115824,0.7373917004225184,4.657126168888455,150.0029817546624,80.06559741667456,-0.44099859505814176,2.0,-0.06621512962427205,-6.722366354006356,0,2.0,0.3,1.0,0.6,100.0,3.0,9.358743492352618,0.24262247423340344,1.0,25.35290541706677,0.0,"do(cell_load=0.1,num_prb=100)"
0.1,-4.241805169143618,-0.5659334314143126,1.6482163852230434,12.146966145959313,33.660625810288984,148.32176467444594,-0.8311199366607943,1.0,-0.054255157563602475,4.539869487069007,0,2.0,0.3,0.0013162709202248768,0.6,100.0,0.0013180057698906767,12.241041873636142,0.2478542172265827,3.0018210139814983e-12,1.371059271215973,12.241041873599396,"do(cell_load=0.1,num_prb=100)"
0.1,-7.992103723602176,-1.441337147759615,0.8886585559056733,16.60589934968531,43.17567867374067,238.90475782438259,-0.7260663811408037,-5.0,0.017944187452489758,5.1244840676269865,1,2.0,0.44,0.03125,0.88,100.0,0.032257080078125,17.06563135986627,0.0860428534129057,9.5367431640625e-07,1.3832098819528629,17.06561508481195,"do(cell_load=0.1,num_prb=100)"
0.1,11.337183496469052,1.181207103273809,0.747358854691151,24.780562113441913,102.26223189867403,169.27636250489576,-0.29100107130408315,1.0,-0.04105635377820489,32.946996024787865,11,6.0,0.93,0.015625,5.58,100.0,0.015872955322265625,123.80591754839955,0.0,5.960464477539063e-08,1.126983642578125,123.80591016899182,"do(cell_load=0.1,num_prb=100)"
0.5,-17.2834712225605,0.940289715382991,1.8593823596190246,14.08548826694057,117.651644264584,74.18952708796311,-1.2524494099927965,-4.0,0.0023416877831152023,-14.331705979741361,0,2.0,0.3,1.0,0.6,100.0,3.0,9.098194841856056,0.8614030372370557,1.0,26.252949872344807,0.0,"do(cell_load=0.5,num_prb=100)"
0.5,4.121307495518597,0.012214033617533003,1.2694101678780993,5.740649818805559,178.50417993661577,83.43086544702908,0.08197528018057987,-1.0,-0.27030451101757985,-0.14501146292023498,0,2.0,0.3,1.0,0.6,100.0,3.0,8.694961959433826,0.4208322256320591,1.0,25.612119600919357,0.0,"do(cell_load=0.5,num_prb=100)"
0.5,-5.782330072392498,1.0003459514556934,1.1185123127477055,5.489466097343223,73.57518509127934,147.47498126116466,0.2591367900355335,-2.0,-0.0778703467746581,-9.954420612667377,0,2.0,0.3,1.0,0.6,100.0,3.0,9.1242882409773,0.43371067638966554,1.0,25.630851892930423,0.0,"do(cell_load=0.5,num_prb=100)"
0.5,-1.261074491833271,0.3232792248031433,0.7045504994911848,23.013547856699248,19.700794578314888,213.9699504110464,0.24255035617051524,0.0,0.2585593320082809,12.205056761522544,5,4.0,0.6,0.06533148134391895,2.4,100.0,0.06987853178754395,50.68341129144932,0.26321264919038206,1.8217552193333653e-05,1.941883016759089,50.68248796375878,"do(cell_load=0.5,num_prb=100)"
0.5,14.364037962698255,-1.2544144684562641,0.7040883644088363,24.559496212909906,154.8229181834815,291.72784116558444,0.8073414762703096,-2.0,-0.06982563796253166,29.268187466556455,11,6.0,0.93,0.015625,5.58,100.0,0.015872955322265625,109.56950684628669,0.0,5.960464477539063e-08,1.126983642578125,109.56950031543515,"do(cell_load=0.5,num_prb=100)"
0.5,13.956334716697981,-0.3571705429692391,0.5955404958064102,14.787101759084344,126.54397146628413,155.66485211684926,-0.9853371216790828,6.0,0.03167110898864558,17.62650226903502,8,6.0,0.65,0.09668514580315368,3.9000000000000004,100.0,0.10693697764925499,79.16749670272397,0.03321559456369383,8.738542966546525e-05,1.9038094132866856,79.16057861700907,"do(cell_load=0.5,num_prb=100)"
0.5,-0.7115177403572707,-1.419766486021903,0.8165455801106726,5.030296453684743,86.4186492486242,243.21284665780723,-0.36005813983240675,-0.0,0.025620889174743706,-6.202193945341449,0,2.0,0.3,1.0,0.6,100.0,3.0,8.072791112969792,0.6202519262616343,1.0,25.90218462001692,0.0,"do(cell_load=0.5,num_prb=100)"
0.5,17.861218855355315,-0.4251204260048698,1.3015667830961426,15.295457464051882,75.15598031632884,42.746436251662196,0.5979496994280666,-2.0,0.06649945789817407,24.1449240041931,10,6.0,0.85,0.042770057204719436,5.1,100.0,0.04467757331387696,104.12566779522727,0.06841642245569067,3.3462572450737582e-06,1.456935382810202,104.12531936395702,"do(cell_load=0.5,num_prb=100)"
0.5,-3.9891117693654192,3.03866383648504,1.0336757812364599,19.650170621133025,192.8136079729048,245.2808116206408,-0.7537226650885862,2.0,-0.15631398680064235,4.417236821329597,0,2.0,0.3,0.003232406322403153,0.6,100.0,0.0032428885466741506,14.50730138276098,0.0,1.091701173905335e-10,1.0259431083733932,14.507301381177216,"do(cell_load=0.5,num_prb=100)"
0.5,0.757056105537353,0.24695937134136847,1.076671963981215,20.287678874364488,63.828756488059064,193.1346751613981,0.1042232815488375,-1.0,0.05683871531719529,11.172238501041662,4,4.0,0.48,0.019918960955189968,1.92,100.0,0.020323629107377977,40.69381319766505,0.0682093334875011,1.574224696154758e-07,1.2618026088408436,40.69380679154448,"do(cell_load=0.5,num_prb=100)"
0.5,0.689617741472873,1.7448412087715548,1.488556478238982,10.492656825374983,107.87459455471662,188.88447841616335,-0.40492175350409837,3.0,-0.11090385031632106,0.6372990121753974,0,2.0,0.3,0.999587869180875,0.6,100.0,2.9975278944224972,9.450175335309861,0.4922171646492834,0.9983524955543969,25.696175394869844,0.015569205876652064,"do(cell_load=0.5,num_prb=100)"
0.5,6.111864418082263,1.1642577919187422,0.5011458824979068,16.93364199729415,142.8018405291302,228.69006883897592,-0.30636676977001354,-3.0,-0.008142826585228607,12.412558819917702,5,4.0,0.6,0.042181926833795735,2.4,100.0,0.044036296718302156,52.98394711317782,0.0,3.1659616963608528e-06,1.3522903737464174,52.98377936803074,"do(cell_load=0.5,num_prb=100)"
0.5,-4.521021708968288,-0.8032061920810677,0.5301689735236722,7.853046424638393,142.1119948918025,296.67404017577394,0.5856932095237554,2.0,0.002077337575989919,-6.515300946990818,0,2.0,0.3,1.0,0.6,100.0,3.0,8.340675930337191,0.34052128590103325,1.0,25.49530368858332,0.0,"do(cell_load=0.5,num_prb=100)"
0.5,3.0063280970607096,-1.1567744285913415,1.159908577573129,12.109974191968139,38.18919642005621,201.33122159333976,-0.768244108499546,2.0,0.1553728132549736,4.47819570054406,0,2.0,0.3,0.0022799238346771777,0.6,100.0,0.002285133738533333,11.867164401324326,0.3875535157805524,2.701971979490736e-11,1.5819952746799792,11.867164401003679,"do(cell_load=0.5,num_prb=100)"
0.5,0.00885862198217804,0.21101051609282237,0.8466544997953124,15.568729771566508,101.5058703590867,298.68278870345074,-0.2542116891590174,-0.0,0.09817687148661225,5.01986924010708,1,2.0,0.44,0.03125,0.88,100.0,0.032257080078125,18.585048805732413,0.15083465218122394,9.5367431640625e-07,1.4774524983431438,18.585031081648697,"do(cell_load=0.5,num_prb=100)"
0.5,-11.552261708289068,1.5711287723790648,1.5683432529839092,26.36536895918238,37.26206980447096,88.97767848942051,0.2869001091783855,-1.0,0.10295467364789149,5.504254517761624,1,2.0,0.44,0.03125,0.88,100.0,0.032257080078125,19.83574649620762,0.18637418496060865,9.5367431640625e-07,1.5291463642040672,19.83572757936564,"do(cell_load=0.5,num_prb=100)"
0.5,-3.9183654315176866,-0.8450587367052216,1.044499518933143,6.822953121050142,160.6587894416506,170.2563459411358,-0.8971633212861985,2.0,0.10295051519042181,-8.257388283867414,0,2.0,0.3,1.0,0.6,100.0,3.0,8.322491721293593,0.7754896781652452,1.0,26.127984986422174,0.0,"do(cell_load=0.5,num_prb=100)"
0.5,-1.2406045298787038,-1.4997385922444932,0.9538037315184994,5.593340017138764,183.16858382446642,95.43407554029032,-0.3948709075239315,-0.0,-0.0606773884840364,-6.179638841417766,0,2.0,0.3,1.0,0.6,100.0,3.0,8.038044611645496,0.646461524798715,1.0,25.940307672434493,0.0,"do(cell_load=0.5,num_prb=100)"
0.5,-1.081324666017125,-0.7476481216983777,1.5307695997229338,23.16750920359658,84.95238510014457,176.43931889907677,0.4536069895728903,7.0,-0.059693230452629115,12.509429442656613,5,4.0,0.6,0.03764111639290932,2.4,100.0,0.03911130198911321,48.232958661514246,0.0,2.007474246501495e-06,1.3128904159129058,48.2328618350919,"do(cell_load=0.5,num_prb=100)"
0.5,5.160408231767434,0.9527476476688324,1.4678055071001066,10.966743921800342,198.82899900425508,292.59891512621965,0.22693961079727465,4.0,-0.12462332142652513,5.775209211324292,1,2.0,0.44,0.02982141819318905,0.88,100.0,0.03073725586990005,19.271485937308768,0.0,7.908846963999849e-07,1.2458980469592005,19.271470695785464,"do(cell_load=0.5,num_prb=100)"
0.5,3.308455293344161,-1.3221946103588633,0.6462863926466019,6.702148482322998,92.48128556179218,170.93685859030532,-0.6628498236695357,-0.0,-0.06362644025413165,-0.6997878088084076,0,2.0,0.3,1.0,0.6,100.0,3.0,8.115184410671665,0.3969690521527693,1.0,25.57740953040403,0.0,"do(cell_load=0.5,num_prb=100)"
0.5,-0.7711244946021438,-1.1750534069713714,0.8597891184047003,12.916858415270621,172.46315023667853,173.42479155918298,-0.1563547213137199,0.0,-0.035599233676142095,1.6858910142465346,0,2.0,0.3,0.7839004426007119,0.6,100.0,1.880107093163128,9.25083287711769,0.33918281287698615,0.3776101319048979,16.534213564035188,5.7576246541591125,"do(cell_load=0.5,num_prb=100)"
0.5,-11.373187215401696,0.020543884012717215,1.2384458005159569,13.410923310840486,139.93426094475896,103.38664187277071,0.3168289407786814,4.0,0.025471311609432834,-7.686444524675941,0,2.0,0.3,1.0,0.6,100.0,3.0,8.698581135812422,0.6987061751378943,1.0,26.016299891109664,0.0,"do(cell_load=0.5,num_prb=100)"
0.5,12.346365282818512,0.33826587733861857,0.8192247630618193,3.449474867889677,57.19419646966434,67.84906333475092,-0.9469782196795202,0.0,-0.20134159304071533,5.223722159029059,1,2.0,0.44,0.03125,0.88,100.0,0.032257080078125,18.70206656185406,0.0,9.5367431640625e-07,1.258056640625,18.702048726173516,"do(cell_load=0.5,num_prb=100)"
0.5,3.6078312453197126,-2.406949695806608,0.7290041467862037,16.205249666546475,131.2537367302149,141.2950228348691,0.45512214372550613,-3.0,0.18921535364133688,10.155145453715726,4,4.0,0.48,0.0931176990982886,1.92,100.0,0.10259601978879049,34.930036998190445,0.1999412977186772,7.518460887279144e-05,2.1115918640829454,34.927410797020826,"do(cell_load=0.5,num_prb=100)"
0.5,10.474893426464714,-1.01088646156303,1.0291663952814547,25.75833424249551,74.9598877937921,34.36215986260257,-0.26565052440853476,-1.0,-0.04956538498012326,26.393614287582125,11,6.0,0.93,0.046875,5.58,100.0,0.049175262451171875,110.44255994106999,0.0,4.827976226806641e-06,1.393402099609375,110.44202672701617,"do(cell_load=0.5,num_prb=100)"
0.5,6.880905146418477,1.1561925157759423,1.0866915459817836,13.8558430446774,74.14184359801172,115.8041034749337,0.5534179042584965,-3.0,-0.1090216917433605,11.446145725287675,4,4.0,0.48,0.015639160576346012,1.92,100.0,0.015887568998062557,42.54948293491025,0.0,5.982101192181233e-08,1.1271005519845005,42.549480389557125,"do(cell_load=0.5,num_prb=100)"
0.5,-0.7526254519004099,0.6215126196523223,1.1687669234559206,21.410715904058364,89.85991534398221,246.4644314652997,-0.4781827738713512,3.0,-0.043021537325846765,10.000357105462195,3,4.0,0.37,0.008654036855292813,1.48,100.0,0.008729577330376347,32.003923502176555,0.0,5.60886470601929e-09,1.0698366186430108,32.00392332267088,"do(cell_load=0.5,num_prb=100)"
0.5,-9.241049158342259,3.055354982792941,1.143255461741176,5.961442434542684,15.424095854772716,147.86813344795914,0.5855280227166696,-0.0,0.10067142613226139,-12.321380039540863,0,2.0,0.3,1.0,0.6,100.0,3.0,10.01715423390314,0.4828174877577261,1.0,25.702279982193055,0.0,"do(cell_load=0.5,num_prb=100)"
0.5,-9.32286914139432,-2.056823735924252,1.345556005124573,8.00939929361008,165.13673841322137,214.39420296038304,-0.022984578115848888,2.0,-0.16301604531522293,-11.70085256727593,0,2.0,0.3,1.0,0.6,100.0,3.0,7.796000721632911,0.9739651221686965,1.0,26.416676541336287,0.0,"do(cell_load=0.5,num_prb=100)"
0.9,1.4896117130647533,-1.3244951047765126,1.3043278599556585,19.764627980155527,16.24380954297788,70.62102247867574,-0.36645743630555777,1.0,0.0639161248568881,4.270887146766039,0,2.0,0.3,0.005519119987458743,0.6,100.0,0.005549748789072531,11.755781838587302,0.33217187577429297,9.278533497081298e-10,1.5275570823479154,11.75578182767966,"do(cell_load=0.9,num_prb=100)"
0.9,3.411569844216164,-0.988252351861473,2.013470584942569,25.414913984535406,163.87448885101114,126.951819205097,0.32877503033651206,2.0,-0.06489076187097302,11.782378498533765,4,4.0,0.48,0.015625,1.92,100.0,0.015872955322265625,38.23664397741822,0.0,5.960464477539063e-08,1.126983642578125,38.23664169833663,"do(cell_load=0.9,num_prb=100)"
0.9,-15.968490716075937,0.5460813945032863,0.8010551307666739,14.688244814138837,196.18325339110564,151.5748884923666,0.3578606367751186,2.0,0.08100740214658578,-18.43802547008096,0,2.0,0.3,1.0,0.6,100.0,3.0,8.926918123129015,0.4770596750430699,1.0,25.693904981880827,0.0,"do(cell_load=0.9,num_prb=100)"
0.9,25.454048800988907,-1.9072215768617211,1.0275618213103843,14.424195352177344,33.91513407424987,210.08688424286126,-1.1506526240511181,-4.0,0.15191187111498572,21.663863020738713,9,6.0,0.75,0.0390625,4.5,100.0,0.04064798355102539,84.97029736190451,0.15421347916040218,2.3283064365386963e-06,1.5494943835506063,84.97009952501425,"do(cell_load=0.9,num_prb=100)"
0.9,3.3441936892465156,-0.802882839964564,1.5337103168323705,2.996946090598716,114.2510592029895,51.92354360611354,-0.42085662334819945,1.0,0.07737469069614498,-11.070706196541863,0,2.0,0.3,1.0,0.6,100.0,3.0,8.340816421256774,1.056384379740594,1.0,26.5365590978045,0.0,"do(cell_load=0.9,num_prb=100)"
0.9,2.8300230586857293,0.0728052727319782,0.6780559566589097,19.841454402963535,27.278891678066618,72.79736460485104,0.4628609098859694,-4.0,0.11675900973147646,6.444709296640921,1,2.0,0.44,0.0078125,0.88,100.0,0.007874011993408203,18.52539169854181,0.15926035994287555,3.725290298461914e-09,1.2946435285914482,18.52539162952935,"do(cell_load=0.9,num_prb=100)"
0.9,0.3341483639542354,-2.1588326906794286,2.696969720809114,9.995177408770969,45.689920537816306,72.77783740906092,-0.4926258862666308,-0.0,0.03918526917394072,-6.950317916699833,0,2.0,0.3,1.0,0.6,100.0,3.0,7.75167958956687,2.376240895948153,1.0,28.456350394106405,0.0,"do(cell_load=0.9,num_prb=100)"
0.9,-9.818198162390974,1.0203009033187378,1.0663211773766563,16.544508261168588,43.887911369372205,207.2980752629221,-1.2707849940330784,-1.0,0.050863588594829305,-11.654803082692357,0,2.0,0.3,1.0,0.6,100.0,3.0,9.132958323510898,0.5369478126548392,1.0,25.78101500022522,0.0,"do(cell_load=0.9,num_prb=100)"
0.9,3.8874699613960644,0.59090101643905,0.6559930321477283,23.351919942856767,91.32760867500726,82.81370227743659,0.3304921087363875,2.0,-0.0067776790116792045,10.553709794798753,4,4.0,0.48,0.06031333194141253,1.92,100.0,0.06417043163885974,41.11549657480345,0.0,1.3232846811095378e-05,1.513363453110878,41.114952499735715,"do(cell_load=0.9,num_prb=100)"
0.9,4.740810377425166,-1.4112959400009462,1.5527230426029641,13.50758186091409,31.97586975507838,194.46658663559023,0.6081415017767032,-1.0,-0.0655069525923777,1.8331550774068361,0,2.0,0.3,0.6412383814141698,0.6,100.0,1.3160937126837053,9.780145381032904,0.4955223564936041,0.16907447084112914,12.249509492733067,8.126572475985453,"do(cell_load=0.9,num_prb=100)"
0.9,10.997331743618167,1.8651315737537473,1.0830397500775104,19.289321638562786,170.49544217210473,296.5033096609297,-0.07981311037911047,-1.0,-0.1709993462379751,12.494104965993381,5,4.0,0.6,0.03835945123649828,2.4,100.0,0.039887342654254865,54.77242260757663,0.0,2.165157742761714e-06,1.319098741234039,54.77230401664173,"do(cell_load=0.9,num_prb=100)"
0.9,-2.341689488946405,0.17368091427363078,0.9179358858204928,4.093448586460716,119.4356150037721,65.55546527421873,0.17554466839476218,-1.0,-0.05875608159909218,-15.130520938108443,0,2.0,0.3,1.0,0.6,100.0,3.0,8.765116535167165,0.4263663439101563,1.0,25.62016922750568,0.0,"do(cell_load=0.9,num_prb=100)"
0.9,5.926655754618642,-1.5374943252525868,0.6164328934316375,23.834486779461947,174.75626588020407,78.46636064143841,0.09145872125495223,-1.0,0.21728926643319257,12.589264198304416,5,4.0,0.6,0.03389886222191851,2.4,100.0,0.03508694937835294,46.281930537279386,0.22222898198852156,1.3205063298382669e-06,1.6039377506464914,46.28186942169715,"do(cell_load=0.9,num_prb=100)"
0.9,-3.114610610527567,2.517821221622705,0.9634599631213762,27.506940173923663,62.02195463341819,51.207814972062266,0.6430718801871635,2.0,-0.015782936664329086,8.248693702790558,3,4.0,0.37,0.08772453637756294,1.48,100.0,0.09609522310081735,34.495466742513386,0.0,5.922217136333785e-05,1.768761784806539,34.493423846070705,"do(cell_load=0.9,num_prb=100)"
0.9,-0.2809924584423078,-0.9159621069768582,0.7714963249662099,19.026102109420968,145.58908283332804,224.19309707200344,-0.36485259267444203,-1.0,0.11836913026748336,0.8533924943280223,0,2.0,0.3,0.9928349478636055,0.6,100.0,2.9572146712308554,8.328548153962151,0.6137011091860962,0.9716463505657257,25.550373528662984,0.23614473465391536,"do(cell_load=0.9,num_prb=100)"
0.9,-3.1021777170955853,-1.949997727573562,0.9583884487301153,27.369249844333652,129.883577694007,285.4749858852275,0.8230679506011281,1.0,0.21417562645096655,7.511033476511451,2,2.0,0.59,0.0546875,1.18,100.0,0.05784177780151367,22.171586220981187,0.2533916239468038,8.944422006607056e-06,1.831303857243824,22.17138790895747,"do(cell_load=0.9,num_prb=100)"
0.9,-0.7535719596601751,-0.3963113779871293,0.896465657550271,11.638644245589951,40.22930428579633,192.04338902338108,1.1494253772318,-3.0,-0.05287324189142008,-5.027869360942615,0,2.0,0.3,1.0,0.6,100.0,3.0,8.51746471163318,0.474692392040726,1.0,25.690461661150145,0.0,"do(cell_load=0.9,num_prb=100)"
0.9,2.643042900172665,-0.6228986450479365,1.4910478047926132,15.25592307105809,11.799685016369512,168.09368832432054,0.228803420478547,7.0,-0.018670352607646993,1.2782164280785528,0,2.0,0.3,0.9410327994051129,0.6,100.0,2.659900282748474,8.726021711118705,0.7824603498696961,0.7841859258698866,23.417326407252805,1.8831982964243514,"do(cell_load=0.9,num_prb=100)"
0.9,-12.36738341410335,-0.8303328606691132,0.8752895452305223,21.62286544223166,91.26218171857685,119.09820802121854,-0.7586068203719859,-1.0,0.11372276147934382,-8.62353168499787,0,2.0,0.3,1.0,0.6,100.0,3.0,8.328889860536869,0.6756032693562628,1.0,25.9826956645182,0.0,"do(cell_load=0.9,num_prb=100)"
0.9,-3.7323540307863534,-0.31262475111505506,0.656566832238319,24.131848367519737,44.18832792051589,147.82374997171976,-0.641802517817845,-4.0,0.007905602332850292,2.7699888461092677,0,2.0,0.3,0.07876905935220795,0.6,100.0,0.08546235178943322,12.246059845613471,0.1281120480296397,3.8496623255834805e-05,1.8700436114494874,12.245588413661226,"do(cell_load=0.9,num_prb=100)"
0.9,5.059284772847761,2.3477359785993683,0.8930356938716097,12.682019745273202,56.04545754197892,282.1698053182069,-0.2312206031002374,-4.0,-0.10546948167582942,0.21541521536567088,0,2.0,0.3,1.0,0.6,100.0,3.0,9.70970597690869,0.22498097612161116,1.0,25.32724505617689,0.0,"do(cell_load=0.9,num_prb=100)"
0.9,-2.231467787993132,3.129501357124908,0.9021980983211858,4.36118060767074,10.271649452327972,202.05391157974887,0.610480563915837,-4.0,-0.09871834738970214,-14.16826000698243,0,2.0,0.3,1.0,0.6,100.0,3.0,10.049369555164615,0.1997561685043402,1.0,25.290554426915403,0.0,"do(cell_load=0.9,num_prb=100)"
0.9,8.826506335245618,-0.7111259514818146,0.6460222470576327,12.42311456261309,123.23015737004405,209.42146878840288,-0.16602501427938351,-3.0,-0.08353664223222018,3.6525005927938956,0,2.0,0.3,0.0078125,0.6,100.0,0.007874011993408203,12.13765484459373,0.03774453628301301,3.725290298461914e-09,1.117893239631648,12.137654799377442,"do(cell_load=0.9,num_prb=100)"
0.9,-8.629153631471869,-1.6269922895609383,0.6186456098233363,2.4841946339921175,117.77300355624865,94.02576270122667,0.18802510541429657,3.0,0.1256811602268738,-23.10084574243685,0,2.0,0.3,1.0,0.6,100.0,3.0,7.982755074190764,0.5977992442551748,1.0,25.869526173462074,0.0,"do(cell_load=0.9,num_prb=100)"
0.9,3.6686737316823312,0.9840064240607074,1.2018096547035606,10.304559849086374,43.275603848750364,57.82512371876675,0.09214988852311325,2.0,-0.13195644131868456,-2.657343771840361,0,2.0,0.3,1.0,0.6,100.0,3.0,9.11718899804017,0.4192304913355652,1.0,25.609789805579005,0.0,"do(cell_load=0.9,num_prb=100)"
0.9,-10.031883303196814,-2.0807852577774937,0.7538914454463346,20.758701955536004,175.2720286879335,192.5735013556798,-0.1360895861237641,3.0,-0.008708693554974885,-6.959219587623498,0,2.0,0.3,1.0,0.6,100.0,3.0,7.785589853517365,0.6320793179989094,1.0,25.919388098907504,0.0,"do(cell_load=0.9,num_prb=100)"
0.9,-1.0596202431888204,-0.3642514562419771,1.1845876791042644,15.511023451565714,176.81011855376573,153.43366398166506,0.4369351381449527,3.0,-0.03679509687709048,-2.5827532627198626,0,2.0,0.3,1.0,0.6,100.0,3.0,8.531394194874174,0.6559926069640367,1.0,25.954171064674963,0.0,"do(cell_load=0.9,num_prb=100)"
0.9,-2.7861643256661006,-0.7662208427278269,0.7195087472257409,20.633330923496217,70.44115237623129,40.218706908258554,0.5188340392332055,3.0,0.02387377669392355,1.586292247387807,0,2.0,0.3,0.8543864752243852,0.6,100.0,2.208044558690962,9.102478988806514,0.3557455529696652,0.5328653241717772,19.181804546574483,4.25208357166934,"do(cell_load=0.9,num_prb=100)"
0.9,7.46794317117803,1.9956666110185164,1.2878013869518443,12.880028580534114,169.58109022100177,251.8964292242831,0.33105456568770714,-1.0,-0.13891903872381736,3.037606316404589,0,2.0,0.3,0.036953829618563985,0.6,100.0,0.03836987875680602,13.7779711028321,0.031860209030446784,1.8648238219176605e-06,1.3533011522805527,13.777945409343369,"do(cell_load=0.9,num_prb=100)"
0.9,-0.5599665622291481,-2.535337448080398,1.2406475030138626,15.819401157790729,49.2463048856406,225.56831321991933,0.3039983812184614,-5.0,-0.05296779404636476,-1.6065987466656209,0,2.0,0.3,1.0,0.6,100.0,3.0,7.588094763937483,1.131329777761033,1.0,26.64557058583423,0.0,"do(cell_load=0.9,num_prb=100)"
0.502207120794686,-4.876501645317173,1.0518430933206755,1.0506881008918048,12.310952559592254,106.98698205445599,168.39824376031245,-1.1103431660153118,-0.0,0.019112442523635288,-3.8101405364957337,0,2.0,0.3,1.0,0.6,10.0,3.0,0.914666286123588,9.501572553072164,1.0,38.820469168104964,0.0,do(num_prb=10)
0.4843520574638688,-12.868967788136464,0.6901185602459603,0.37370606821768826,23.031727977982978,12.968253861602715,253.5120937660307,-0.6189284819132765,-4.0,-0.04099442434094486,0.008832142205034255,0,2.0,0.3,1.0,0.6,10.0,3.0,0.8989499788244796,3.3317028413236884,1.0,29.846113223743547,0.0,do(num_prb=10)
0.27504149854157145,-7.323582835521795,1.0663928919095402,2.0326611650927826,5.244260941960777,131.86059005854602,259.0900035411113,0.19659784793649746,1.0,-0.194373726540212,-8.177838027036257,0,2.0,0.3,1.0,0.6,10.0,3.0,0.9152984497864147,18.150393288422134,1.0,51.40057205588674,0.0,do(num_prb=10)
0.46055687716581273,7.658029233029918,0.6639427033915376,1.007832641493037,2.4984140738903786,199.5555750927967,177.40273576517754,0.6572719746649928,0.0,0.08314457924989312,1.1434868442949986,0,2.0,0.3,0.9789254948442375,0.6,10.0,2.8753201482152173,0.9095439035703463,9.178834168724544,0.9462249887223491,37.35359270386653,0.04891073367201403,do(num_prb=10)
0.4995691036050779,9.997616436168084,-1.6625194358934792,0.6763146927300734,19.237450379400187,198.1452932956051,62.6998784689372,-0.6245898020104655,-5.0,-0.07021208090308101,18.549340098482254,8,6.0,0.65,0.0556070046899213,3.9000000000000004,10.0,0.05887108824674543,7.443467535876664,0.6369054700146493,9.561323413453948e-06,2.3973766623589077,7.443396366476236,do(num_prb=10)
0.6436920329186119,19.931714186931323,0.9727010331511476,0.976911263673764,26.22355752230518,95.72280652585214,151.97073011245857,1.063827855788251,-2.0,-0.07785940267338831,34.614934573078294,11,6.0,0.93,0.015625,5.58,10.0,0.015872955322265625,12.258718222325573,0.10047744971559047,5.960464477539063e-08,1.2731326603462567,12.258717491649028,do(num_prb=10)
0.49973548433141973,-0.9012424464172063,1.5520769026888985,1.343025532276245,11.369305480179642,181.56407981610116,190.1153051200489,-0.07909973559639506,-3.0,-0.08401615476570129,0.03234236940596301,0,2.0,0.3,1.0,0.6,10.0,3.0,0.9364005826685522,12.036789274027399,1.0,42.50805712585803,0.0,do(num_prb=10)
0.7661744432948,-4.03579862200212,-1.8085693185900973,0.6959388828063139,26.632117471647202,47.79800857530584,240.29388297003112,1.0083924680440504,1.0,-0.20961898093106,8.825045435766548,3,4.0,0.37,0.05170255306656357,1.48,10.0,0.05451391594637364,2.804019614454942,6.071229436395917,0.10159120808834876,10.266990507783232,2.5191558743190385,do(num_prb=10)
0.2647784937978045,-3.271241452146056,0.053272541419175395,1.333571818197289,4.721992987649596,42.191390592508114,70.58792316879038,-0.17783762034307052,6.0,-0.03278582611839026,-4.055222236505273,0,2.0,0.3,1.0,0.6,10.0,3.0,0.8712801173168332,12.002699833112132,1.0,42.45847248452674,0.0,do(num_prb=10)
0.16324025504189002,6.0107687946227975,1.1536976754053025,0.7449293702011504,5.604360835001432,184.366527782456,197.01249529681525,0.14034363198399588,2.0,0.022309147011046627,7.435063391201875,2,2.0,0.59,0.0546875,1.18,10.0,0.05784177780151367,2.5983987415851413,6.7452967130764225,0.16015557763573252,11.274074895977815,2.1822506901986127,do(num_prb=10)
0.8645018171281925,2.055557912839643,-0.07568609835828502,0.9612701843995612,6.6638922212379335,79.05994363838512,214.02736169814028,0.15970831408259287,-1.0,-0.12057329269130322,-7.76245168634107,0,2.0,0.3,1.0,0.6,10.0,3.0,0.8656770867609848,8.55489012151473,1.0,37.44347654038506,0.0,do(num_prb=10)
0.47961787029587055,4.199436998176479,1.01491878731462,1.3183854807114284,20.13558567445727,91.93346398650768,203.06376394868377,-0.650569658740143,-3.0,-0.1329015202464409,13.941179667243134,5,4.0,0.6,0.0078125,2.4,10.0,0.007874011993408203,5.289512082167144,11.76552744317419,0.491633557550741,18.176486558746088,2.689010439503684,do(num_prb=10)
0.3879610614468853,-13.132137235341968,-1.3138872945186457,1.2731072087760988,20.273383550051555,6.67867908974274,194.45736169261374,0.03862791597507049,-3.0,-0.043993016858075336,-0.47328430563748863,0,2.0,0.3,1.0,0.6,10.0,3.0,0.8118793796174658,11.445799542346206,1.0,41.64843569795812,0.0,do(num_prb=10)
0.28209409606780483,-2.082907754639867,2.7037711980124275,0.7738413116720151,13.390348169271276,195.80632481802866,30.244781795954474,-0.2576725318296649,-1.0,0.03104285786199358,5.037257474550917,1,2.0,0.44,0.03125,0.88,10.0,0.032257080078125,2.087726862807125,7.014960695701923,0.18249398892838742,11.461635834373253,1.7067292598205044,do(num_prb=10)
0.11787270025431017,-1.6088985720192956,1.3194739404837292,0.5905890015065327,25.537888166640975,20.220628631551637,259.0098207120797,-0.8249370626590827,-0.0,0.2041888636772674,20.11189236907371,9,6.0,0.75,0.09710097673905299,4.5,10.0,0.10744510266129777,9.913675061665849,0.40833713241516184,8.889849199500421e-05,2.453505741166981,9.912793750902738,do(num_prb=10)
0.4840015134760277,-4.066541217999264,1.9822242632761342,0.9743870383519799,21.35521415395775,127.55101060091214,278.84172524823504,0.2537732202226803,-2.0,-0.15288592441723214,7.468685822181826,2,2.0,0.59,0.0546875,1.18,10.0,0.05784177780151367,2.700170189599946,8.640957096709379,0.3051815246873062,14.031399090353023,1.8761281342226217,do(num_prb=10)
0.8969337990660954,0.5295189936267024,-0.6777436211698723,1.4600911962512073,11.811237855553017,106.68310406439323,146.23645625853294,0.34845585435275006,-0.0,0.02293997981291555,-4.499323657397621,0,2.0,0.3,1.0,0.6,10.0,3.0,0.8395187254250331,13.200263025980052,1.0,44.20038258324371,0.0,do(num_prb=10)
0.6390061018028785,-3.443733883863301,0.7648423492402954,0.5876209632017647,18.456887547951688,79.74925966324417,130.34182798463948,-0.23847265648548124,-1.0,0.16875241895926324,2.3680676947442247,0,2.0,0.3,0.23358473953488648,0.6,10.0,0.30089138105453617,1.2516915864853506,5.4720316118551855,0.04894615110561962,11.366449756589287,1.1904261009556059,do(num_prb=10)
0.4395329633645714,-4.453829317324871,0.5644158619618015,1.0411853105815256,6.21001352536823,103.73486554719541,282.9753977447226,-0.4929904263265147,-1.0,0.07563691625201241,-7.936646691863475,0,2.0,0.3,1.0,0.6,10.0,3.0,0.893488413312823,9.472334344250273,1.0,38.777940864364034,0.0,do(num_prb=10)
0.9027599413781615,3.345716885982035,-1.8338772776722956,0.8884019880386561,4.914535550684054,16.906289776615775,122.41127043557967,0.5394646371464251,-2.0,0.03359486206521305,-8.023930105547288,0,2.0,0.3,1.0,0.6,10.0,3.0,0.7892867113838934,8.051422804114077,1.0,36.71116044234775,0.0,do(num_prb=10)
0.6937709240202508,2.187360609201517,-2.681621727576969,0.7796567625645681,26.489512151833566,189.21636127349032,157.39319673454278,-0.4565374566579407,-1.0,0.05165299966816368,14.420794518687925,6,4.0,0.74,0.078125,2.96,10.0,0.08470535278320312,5.315020365798843,7.088055281813384,0.18847718821210324,11.987541413994183,4.313260271963013,do(num_prb=10)
0.3683696971119481,-0.9876460317607572,1.4666181396938414,0.7939356963121391,4.8644059477510275,25.607766739185806,46.784710043286,0.5409533415069248,-7.0,-0.1859657912427816,-2.5988848058596252,0,2.0,0.3,1.0,0.6,10.0,3.0,0.9326875467591118,6.9793038679742665,1.0,35.15171471705348,0.0,do(num_prb=10)
0.30133769238433356,-13.682480456293884,-1.1686547508919465,0.6998601147871945,3.774605877314693,54.91567188082637,53.690677391789514,0.06815446245930655,5.0,0.0928378029713683,-15.827551992083379,0,2.0,0.3,1.0,0.6,10.0,3.0,0.8181894832371086,6.409075338925792,1.0,34.32229140207388,0.0,do(num_prb=10)
0.45335834247755585,-2.610419284747403,-2.4977776815057813,1.281514259325292,13.37245745551332,163.56665207472088,33.81559127576606,0.26041730915813627,2.0,-0.19722384399117765,1.9948229058145592,0,2.0,0.3,0.48462267264418807,0.6,10.0,0.8332998691064322,0.9801288230694531,11.36844234641957,0.5002176906015285,24.202315093098107,0.48985104670165713,do(num_prb=10)
0.38046827893276114,0.16870129264755532,-1.3656176219992102,1.0057836904023043,10.103702206331425,5.210194797296482,206.4392625255449,0.8054025304321776,-1.0,-0.1352498500316005,3.546499293075065,0,2.0,0.3,0.010237860402760424,0.6,10.0,0.010343747257292361,1.1721474302989552,8.941947955849187,0.3257772995658873,14.089219732020792,0.7902884057630675,do(num_prb=10)
0.2491598617716316,-5.9397245724339784,0.19470019864780763,0.6188537761670313,9.064881847893327,123.01265260414985,232.94072389358857,0.08034376787072264,0.0,0.24646686190674005,-2.5520453886217447,0,2.0,0.3,1.0,0.6,10.0,3.0,0.8774249051826288,5.831622191814192,1.0,33.482359551729736,0.0,do(num_prb=10)
0.6740608178615757,-3.6769231160557685,-1.7423947701080957,1.3390884815319741,14.490421914794002,22.546594968660255,179.93871391686565,0.4235073460669831,5.0,-0.010212418277154148,-1.636798182865962,0,2.0,0.3,1.0,0.6,10.0,3.0,0.7932614686090966,12.0750611275489,1.0,42.563725276434766,0.0,do(num_prb=10)
0.7148120396992794,-2.0238561902817906,0.1678962832435536,1.1430361743030408,4.411504362808594,131.33946163810404,87.03848538902135,-0.1618152047329072,-1.0,0.1876227211820163,-11.607123497881338,0,2.0,0.3,1.0,0.6,10.0,3.0,0.8762603212719614,10.50352419426695,1.0,40.2778533734792,0.0,do(num_prb=10)
0.7236954421224794,-16.767746937473603,-0.13373937300340713,1.1910553792831142,27.08206447330533,144.06897599338458,72.20970705200607,0.9843258989392467,2.0,0.009553541865009955,-2.685185571684761,0,2.0,0.3,1.0,0.6,10.0,3.0,0.8631547720695071,10.758828339895107,1.0,40.64920485802925,0.0,do(num_prb=10)
0.8322776348061511,9.62590433122378,1.0229880540338632,0.8158436328061613,16.244026504838295,25.934233777340214,287.6653325545645,-0.16817798595706054,3.0,0.04553852822390305,9.772495474919848,3,4.0,0.37,0.01577471280974113,1.48,10.0,0.016027479778181794,3.2591369807887753,7.408527314299503,0.21404268398510284,11.904259568115641,2.561542553945641,do(num_prb=10)
0.17480892485009386,-2.3662917187324974,0.9738411853330997,0.6852686921057897,17.837155995802203,147.75127145457827,287.55502566638967,0.3726878097911159,-2.0,-0.05793478637838635,11.260784744494885,4,4.0,0.48,0.01853542590123336,1.92,50.0,0.018885355982814215,21.081911005694685,0.0,1.180348569995715e-07,1.1510828478625137,21.081908517294334,do(num_prb=50)
0.5185942811758792,-2.6948623707868453,-0.6462482619398299,0.5572804552268702,25.474132579560322,144.59734054773043,47.829427481513385,-0.27025092878519813,4.0,-0.0864564925657854,12.303544465349663,5,4.0,0.6,0.04840390724863275,2.4,50.0,0.05086025285067683,24.20109610984428,0.0,5.489359582111497e-06,1.4068820228054146,24.20096326132545,do(num_prb=50)
0.30438611688473666,-3.6112106572990714,-0.3808968357938577,0.8999649486263426,19.81777347560437,38.92496587021899,231.08455581635542,-0.1615186740788256,6.0,-0.03719971450789227,9.638061211550875,3,4.0,0.37,0.019975783540021552,1.48,50.0,0.02038278644347939,15.197577811140775,0.0551601590760289,1.592264795569065e-07,1.243295250203877,15.197575391283962,do(num_prb=50)
0.49691810065157904,5.229446585545847,-3.448646597457254,1.6733927625180858,26.127196783667724,99.00544935681748,79.83508212339784,0.40111327491503057,-1.0,-0.06780284674083757,21.978157068752846,9,6.0,0.75,0.037060772980531176,4.5,50.0,0.03848517687926357,38.87813761309081,0.0,1.8865047055616202e-06,1.3078814150341085,38.878064269301255,do(num_prb=50)
0.3670679833839768,2.7779278011035298,-0.11496769652917246,1.1848448843265622,12.190228487788485,107.71384070727596,282.4013286144278,0.6529821519209544,-4.0,0.35708413752347257,7.712581049944395,2,2.0,0.59,0.0546875,1.18,50.0,0.05784177780151367,12.212815864763114,0.5756771813129251,8.944422006607056e-06,2.300082849776364,12.21270662818413,do(num_prb=50)
0.9827740050468615,-1.2293127454117596,3.950938363323442,1.2206511649804848,16.63268409838307,99.14144460849367,173.25772233407358,-0.9093821090495322,1.0,0.058453425930250914,-4.272944504316334,0,2.0,0.3,1.0,0.6,50.0,3.0,5.2031348858254365,11.074830189879115,1.0,41.108843912551436,0.0,do(num_prb=50)
0.26632335258729556,-9.616823280246983,-2.626071958622575,1.1154853050964304,16.99901489455339,159.65013307039374,86.74263115286166,0.6299540724045731,0.0,-0.1112070922298889,2.1696203315275895,0,2.0,0.3,0.33590916119346403,0.6,50.0,0.48664642407040526,5.100468611409987,9.956047786265387,0.39855383624074514,19.374695445312895,3.06765727970703,do(num_prb=50)
0.24881497066636166,-5.136223681824028,0.40554419786871154,1.204404811838378,20.480010213486977,42.86317249984421,166.1873184504422,-0.4495542302877194,5.0,-0.09113694758568783,9.593269061011759,3,4.0,0.37,0.02137553824436894,1.48,50.0,0.02184221865448979,15.803330870492605,0.020740251707390536,2.0877007012032323e-07,1.2049053880830318,15.803327571230112,do(num_prb=50)
0.7330574663753088,-6.711890923565068,-1.4696733009325078,1.140090584012456,23.51798292057224,187.80390614466393,188.312455527459,-0.7620594102584473,2.0,-0.04515964900640385,1.4754018396820985,0,2.0,0.3,0.8855744023916157,0.6,50.0,2.364321084677595,4.3089069700320906,10.244157871706003,0.7721391337571619,34.81516194535676,0.9818312747513149,do(num_prb=50)
0.748134012800926,-1.142474339579885,0.5240296171139577,0.4284293082268806,21.669846440810367,22.888279357472424,246.36596054235008,-0.0939292040605469,4.0,-0.09706223195387244,6.101438143252737,1,2.0,0.44,0.014529437009043189,0.88,50.0,0.014743608778956287,9.461177897280805,0.07584175206703374,4.456512670003576e-08,1.2282641459655175,9.461177475642213,do(num_prb=50)
0.6662278501594905,-1.784539791271541,0.9956811679390972,0.8766121894746435,14.947258181314783,56.28772583341766,224.47260474792796,0.5148902547605515,-2.0,0.06287374433902736,0.6841664314789774,0,2.0,0.3,0.9981232623276381,0.6,50.0,2.9887536559328516,4.566443404796441,7.974298754347678,0.9944400788384983,36.50900925378671,0.025389065319127716,do(num_prb=50)
0.8092835431483875,-12.413921217494797,-1.888733188803721,0.7998653709859086,8.689262838250224,184.9230864137213,175.6537353752074,0.14703247763109395,3.0,-0.04998746969254388,-19.48515880057526,0,2.0,0.3,1.0,0.6,50.0,3.0,3.93451658312195,7.1687975034552744,1.0,35.42734182320767,0.0,do(num_prb=50)
0.8155747573808734,8.396281373707694,-0.19871333571063554,1.2877859922511041,27.185703036870926,151.06807528324376,200.366314842778,-0.7480874402156796,5.0,-0.0011525570082612736,18.854822829515445,8,6.0,0.65,0.03651433400034687,3.9000000000000004,50.0,0.03789631502475285,40.31397179885421,0.012725540011887273,1.7776797902602226e-06,1.3216803965789499,40.31390013352128,do(num_prb=50)
0.747263654387466,-14.283667402016262,0.6768314928586036,1.4686230993960983,27.94462177620754,140.5153621384837,222.14350781614112,-0.11717039895014088,1.0,0.07778933441863234,-1.2151077340566119,0,2.0,0.3,1.0,0.6,50.0,3.0,4.491863393276179,13.332112806468407,1.0,44.392164082135864,0.0,do(num_prb=50)
0.6062922741132959,-7.1066813731973735,2.171887966938859,1.0664498670267777,6.683975700975388,182.88086050040658,218.86321082278215,0.6812877958842205,5.0,-0.08984059138308688,-12.073951156477092,0,2.0,0.3,1.0,0.6,50.0,3.0,4.816651523852236,9.534869458533572,1.0,38.86890103059429,0.0,do(num_prb=50)
0.3889595394923528,-5.194472125547249,-0.8491679526762026,0.553963539008536,18.415674457437326,137.47575297461236,215.95002555759083,-0.22381951773189696,-1.0,-0.007281828169178508,4.708342441673164,1,2.0,0.44,0.04375918548429489,0.88,50.0,0.04575784478876666,8.787370733941835,0.28276554093170336,3.66671300144894e-06,1.777358090574429,8.787338513175316,do(num_prb=50)
0.23978382681238347,12.79991259624815,0.04740947483666806,1.0045811803174312,4.0478843445123225,187.2817911161223,196.84628446049763,0.2797977497745831,5.0,-0.016520337553531154,11.422366109285887,4,4.0,0.48,0.016010717076373943,1.92,50.0,0.016271164373902598,20.15858819532457,0.03489919968484497,6.571176502934151e-08,1.1809317872600862,20.15858687066816,do(num_prb=50)
0.7748283868124266,-4.614834021779204,2.0773374390292805,0.6877600443257083,9.25249510713688,37.93649003663082,269.36579457690056,-0.030027925571325012,-2.0,-0.01814215802619202,-10.32529999166064,0,2.0,0.3,1.0,0.6,50.0,3.0,4.796111236754636,6.18889224201332,1.0,34.0020250792921,0.0,do(num_prb=50)
0.843532546406583,2.358883426171872,0.8714452151273058,0.9995469245998868,24.575979509214726,164.85158030734763,134.3641425208055,0.2593670502674037,2.0,-0.003593313607296872,10.816551349594432,4,4.0,0.48,0.035671936179317576,1.92,50.0,0.03698981528624992,20.922329809596082,0.043259808990173274,1.619223243487511e-06,1.3588418808211604,20.922295931673347,do(num_prb=50)
0.9096350296400489,6.461438793541902,-1.6445538031565374,1.9292571023849296,24.731604827305013,14.536650557394276,119.69718834823048,0.70147118480685,3.0,-0.045196940900747024,14.968973049606712,6,4.0,0.74,0.07081802337031318,2.96,50.0,0.07618838181939457,28.202062958775077,0.00037938264708550773,2.5152155150864886e-05,1.6100588838600083,28.201353616111962,do(num_prb=50)
0.2861650542550941,3.7685319160172113,2.6282431836575735,0.42038255638151195,2.4175725205429015,46.44252782243774,148.7159733432276,0.5642987923924234,4.0,-0.12718457423547996,0.7984652952858146,0,2.0,0.3,0.9945514228336745,0.6,50.0,2.9674271232227234,4.932411052044209,3.6667679971076623,0.9783831671673481,30.072897708847478,0.10662310517396446,do(num_prb=50)
0.5069404051063565,13.882068882365603,0.29780730071774175,1.0521974466585715,4.336998971544059,36.82763709526373,154.0875057344003,0.7622321835140291,-0.0,0.1999940101984054,9.092062740336457,3,4.0,0.37,0.037038235765472105,1.48,50.0,0.03846087687071458,15.680930919659803,0.2996798093094499,1.8819200418018767e-06,1.7435849194158255,15.680901409401631,do(num_prb=50)
0.7101023176300173,6.357667381323563,2.3839084964500383,1.2645034799365242,14.122269113762174,191.97338650108807,98.42756009944081,0.06576290374433384,-0.0,0.07854744020538576,6.595494277411575,1,2.0,0.44,0.0078125,0.88,50.0,0.007874011993408203,10.32916592889901,0.46197032486317446,3.725290298461914e-09,1.734948932111883,10.329165890419869,do(num_prb=50)
0.4188282473530072,9.836500423654742,1.5010815300299942,1.8388076113190608,3.892154116405565,169.22920393746946,239.8411111747122,-0.7470784962142908,6.0,0.30770522201854744,4.022305980607507,0,2.0,0.3,0.0078125,0.6,50.0,0.007874011993408203,6.764850704622176,3.5580856374833445,3.725290298461914e-09,6.2383893868321305,6.764850679421143,do(num_prb=50)
0.3045798694413698,7.6286000674505585,2.290665239184696,0.8970148425713133,15.860321029579685,155.35501588193245,222.4278252365416,0.2961243345474467,3.0,0.08893248617631543,16.950765081680874,7,6.0,0.55,0.032105613626422114,3.3000000000000003,50.0,0.033169477569796484,38.427385083747296,0.09965500796211893,1.0624876718434706e-06,1.4103085594123632,38.42734425512438,do(num_prb=50)
0.30965843140131893,9.859992407612108,0.4555996901009939,0.8193368663997347,7.412363774581301,79.46826857777182,233.9318394266462,-0.4428242873224919,-4.0,-0.060032227946959144,10.137994273659071,4,4.0,0.48,0.0944576350402147,1.92,50.0,0.10422265400230561,20.301857467653495,0.0,7.960645258142662e-05,1.833781232018445,20.30024130879968,do(num_prb=50)
0.5458348441123666,-9.40892956325389,-4.292181287713817,0.9905962816300949,19.027572805907056,189.30523041157,121.1716681764797,-0.13726370647111802,3.0,-0.07906200707332621,-1.5680104969559576,0,2.0,0.3,1.0,0.6,50.0,3.0,3.4123882030138946,8.861069434638273,1.0,37.88882826856476,0.0,do(num_prb=50)
0.6638158887050247,3.1889067746540114,2.5438619312238973,0.8433217041994646,12.539598655309959,127.05270952262222,296.57911081092755,1.1212284179252323,-3.0,0.10500815566762896,3.514490749461741,0,2.0,0.3,0.011238127390676797,0.6,50.0,0.011365842222925212,7.089230247464326,1.237154991049814,1.59505550989536e-08,2.890424906583131,7.089230134387169,do(num_prb=50)
0.38849888645793146,-3.7203258292801453,0.34705187161486306,1.1242865699291626,6.000005884911411,160.66200081956524,94.01981127771839,-0.12410196147998086,-7.0,-0.16309737876965716,-5.910973592656054,0,2.0,0.3,1.0,0.6,50.0,3.0,4.420221613488747,9.983588914841025,1.0,39.5215838761324,0.0,do(num_prb=50)
0.5528396630783009,-0.7950054490733159,0.2050608676587648,1.1742290628003895,15.961676584074858,143.29565472994457,89.34039924216984,0.06443003228322444,1.0,-0.11111482448533792,4.270239047198292,0,2.0,0.3,0.005529246543204802,0.6,50.0,0.005559988153802602,6.359290536305244,3.139006047916608,9.346818874433893e-10,5.610306884018215,6.3592905303613305,do(num_prb=50)
0.7846276451209669,-10.341228656208392,0.46205186765482603,0.6525887767662509,15.00981751696143,53.5305273270983,188.5712412924093,-0.7953751757492228,3.0,0.0365667775526689,-11.170917710571473,0,2.0,0.3,1.0,0.6,100.0,3.0,8.890408742498304,0.36402899335403255,1.0,25.529496717605866,0.0,do(num_prb=100)
0.797352997727053,-4.64144673186766,0.7295049384001735,0.6661730939200511,11.42140137155396,171.3415736994425,94.99356729642143,-0.5907153968342005,-1.0,-0.08599168813889693,-9.268540382536589,0,2.0,0.3,1.0,0.6,100.0,3.0,9.006612490477318,0.2330395565451325,1.0,25.33896662770201,0.0,do(num_prb=100)
0.8472607671322346,-14.621464367507514,0.08115885378987078,1.0169120252368293,20.978661060471243,151.19011532812206,76.43593332005996,-0.6085569323787828,-1.0,0.027468838838426282,-10.49410165973748,0,2.0,0.3,1.0,0.6,100.0,3.0,8.72491729509491,0.574105639692341,1.0,25.835062748643406,0.0,do(num_prb=100)
0.6768965413534118,-15.666852641551557,-0.15725021463011188,0.913754991298639,24.119655458728975,76.55603563804836,153.39525745876793,0.3840597860572121,3.0,0.041750437434869045,-4.29389402095835,0,2.0,0.3,1.0,0.6,100.0,3.0,8.621332665367607,0.5553334908592386,1.0,25.807757804886165,0.0,do(num_prb=100)
0.5314633043035626,6.788361572497477,0.3204166160971099,1.2563454478849803,2.0456512884228446,197.3282482822249,180.93845799492863,-0.5564645515380461,1.0,0.06491925069815617,-2.670921088145861,0,2.0,0.3,1.0,0.6,100.0,3.0,8.828870667683573,0.7114696383970438,1.0,26.03486492857752,0.0,do(num_prb=100)
0.4668993939331978,2.0646309464965236,2.363632336511563,0.9921506188387909,14.052910189862375,162.94130419622272,276.60930663981196,0.775199109199727,1.0,0.05001244586224121,7.025953301127652,2,2.0,0.59,0.0546875,1.18,100.0,0.05784177780151367,27.470201669766013,0.07487679524824138,8.944422006607056e-06,1.5716459245913696,27.46995596468967,do(num_prb=100)
0.4498712025861154,5.042237814442087,-1.4544722519835938,0.9047010745419783,13.68419036783599,180.02863952022346,140.46164537634726,-0.36527102645433523,-3.0,0.07884213959969835,9.014365598535475,3,4.0,0.37,0.0398700428935056,1.48,100.0,0.04152304144419152,28.641358671944527,0.09948728852036313,2.5268927628108173e-06,1.4768931148558786,28.64128629830258,do(num_prb=100)
0.15822521158934805,-2.876755089517076,2.5423908483939224,0.9109843128790848,3.0906168332885717,9.503653111201285,179.17451428543094,0.33342746745667573,6.0,0.03532879639223821,-2.9587209951383207,0,2.0,0.3,1.0,0.6,100.0,3.0,9.79428016171598,0.3629284127100142,1.0,25.527895873032747,0.0,do(num_prb=100)
0.5412920598664996,-7.180844268789612,0.36214105208338354,1.2264115436119063,6.143372061570883,21.929503467037495,297.5107239304225,-0.9913507130917574,2.0,-0.1328528313138949,-12.711501140176162,0,2.0,0.3,1.0,0.6,100.0,3.0,8.846999215732781,0.49358793712063087,1.0,25.71794609035728,0.0,do(num_prb=100)
0.19644992984674692,2.7010484524617944,1.1036788881276816,1.1960674612813722,19.912218260435694,15.694177061075473,240.3375524710339,-0.3722395755969801,-3.0,0.05896113013266357,17.892983734473788,8,6.0,0.65,0.06753873552078832,3.9000000000000004,100.0,0.07240829296158242,85.49102615675122,0.06160651741211852,2.0807107049991558e-05,1.6688758235648318,85.48924733581816,do(num_prb=100)
0.6057406687836256,2.9674893186824964,-2.2218320745552353,0.5326073211136519,5.977619648620985,118.78179526905974,174.2793585510819,-0.894205521778524,0.0,0.18343457298329488,-3.9994333624856546,0,2.0,0.3,1.0,0.6,100.0,3.0,7.724307443469104,0.6522999337395498,1.0,25.948799903621165,0.0,do(num_prb=100)
0.20565451132707363,4.952998980966168,0.10942652995711069,1.0004252707746097,20.730060166360534,93.2367966787062,166.9753837460545,-0.6279975624535127,-1.0,-0.060440419238513746,20.31141276965733,9,6.0,0.75,0.08774845796169584,4.5,100.0,0.09612389469997835,93.6665020076624,0.0,5.9286794912960517e-05,1.7689911575998267,93.66094882096766,do(num_prb=100)
0.08553059642624561,20.24536782193954,0.5275070977764705,0.5988314943505374,13.472582415070182,171.28183657249835,259.237960939271,0.6936113621230778,1.0,-0.09010904094643929,31.414138711686114,11,6.0,0.93,0.015625,5.58,100.0,0.015872955322265625,119.98498663603985,0.0,5.960464477539063e-08,1.126983642578125,119.98497948437735,do(num_prb=100)
0.381110049313507,5.225599007156147,-0.7985242237443182,1.5532799141570275,2.028555953242841,187.26895116343255,77.86689595488868,0.438607189417739,2.0,0.015457508310397845,-0.2607389834372169,0,2.0,0.3,1.0,0.6,100.0,3.0,8.342710164855916,1.0060735835644676,1.0,26.46337975791195,0.0,do(num_prb=100)
0.34728373552150893,2.2741509729894416,-2.510248283451399,0.6583403618652196,16.988022846330722,133.7576072604754,116.18708769270398,0.21942225454748568,-0.0,0.07619651577388935,12.173070033668846,5,4.0,0.6,0.07082920019377315,2.4,100.0,0.07620130999716872,43.57609104240441,0.08219781441482012,2.516803742169671e-05,1.7291709373079973,43.57499431771436,do(num_prb=100)
0.2256784573717447,-8.990821089348817,-1.3305160808174183,0.5788386533034547,16.229264460111335,163.0993614281262,88.2412973949676,-0.7044414922349066,4.0,-0.002793549254705546,1.4089525047585756,0,2.0,0.3,0.9042632778388564,0.6,100.0,2.4613642700749327,8.590224222942568,0.3270123467433974,0.6686203305773265,21.16656848313531,2.8466256632653506,do(num_prb=100)
0.41176037196964316,-1.7528874955814882,0.21278276347269715,1.3463373540263672,9.410670182204967,143.3504062467949,115.8865206290227,-0.2547803645577299,1.0,0.02882813164135948,-1.094311232184567,0,2.0,0.3,1.0,0.6,100.0,3.0,8.782105614474345,0.735305202351956,1.0,26.069534839784662,0.0,do(num_prb=100)
0.6590533518894707,9.617161447769659,1.678241602304132,0.9285992418837146,23.930954928993902,193.30408015756018,270.97131066466,-0.4952892876449072,-3.0,-0.014079201902638767,19.657145137097373,8,6.0,0.65,0.02002979744411909,3.9000000000000004,100.0,0.02043902604000419,88.5010680163722,0.0,1.6095565125162636e-07,1.1635122083200335,88.50105377162517,do(num_prb=100)
0.15652602998112483,6.546182339640269,-1.4242614076715474,2.1519588995855945,21.58651461595634,139.1352503532539,34.59659889719294,-1.0446100843719246,-2.0,-0.05133633476968174,23.470248144536196,10,6.0,0.85,0.0625,5.1,100.0,0.066650390625,98.4884362497056,0.0,1.52587890625e-05,1.533203125,98.48693343543177,do(num_prb=100)
0.06922429649109062,1.2170858983473338,-1.3040349677123881,0.9750507979669009,10.982013751549188,72.98614210431712,145.00987219334897,0.5220568444397616,-3.0,-0.062307217401770934,10.562654970911222,4,4.0,0.48,0.059474721680868536,1.92,100.0,0.06322234071422156,37.336985759849135,0.0,1.2512084638371945e-05,1.5057787257137725,37.33651859632317,do(num_prb=100)
0.7420659291361492,-2.420992712545737,3.5122373218750695,1.2386688142638855,26.4836240172248,135.53649077165613,63.29858552348077,0.568592851816645,4.0,0.061960067374601184,10.373057220055863,4,4.0,0.48,0.07609334235296539,1.92,100.0,0.08232413452703366,46.82247745101518,0.07164306546884705,3.3526378408921254e-05,1.762801171443683,46.82090766291812,do(num_prb=100)
0.1928212573531414,-13.580839893045574,-0.36165474891093724,0.376921477072106,22.292624876715433,188.90460513882914,194.21564943061492,-0.3606889174982089,2.0,0.125260945110777,3.492267239064431,0,2.0,0.3,0.011932612090592737,0.6,100.0,0.012076698373495107,12.349785812450973,0.192653178705254,2.0274123602170846e-08,1.3768363923774212,12.349785562069888,do(num_prb=100)
0.7325413481452892,-7.031847175172096,-1.2335957474915893,1.0535893314928615,26.089004043664325,96.41385535151275,131.58825460543437,-0.01937661061908762,-3.0,-0.017356494204395896,4.880462805040177,1,2.0,0.44,0.03125,0.88,100.0,0.032257080078125,17.256660109263944,0.06118986145506095,9.5367431640625e-07,1.347060075468725,17.256643652030412,do(num_prb=100)
0.8696285844614727,5.593534801986163,-2.3584045575081767,0.7978302619160946,19.285690803654077,46.92247089782856,250.6612913149409,0.43899339402091275,-0.0,0.2098012692945217,8.663345673805534,3,4.0,0.37,0.06180878818912694,1.48,100.0,0.06586524422546516,27.146834386113845,0.2303361555012847,1.4594893018693433e-05,1.8619563618055899,27.146438180970183,do(num_prb=100)
0.47284080802622774,-3.8730846533156953,1.168604139637967,0.6669529680206296,23.008771775884338,20.91561641793978,154.86531524669488,-1.0531491285019863,-2.0,0.11505207066208763,8.894509138421299,3,4.0,0.37,0.04736107165064163,1.48,100.0,0.04971037700999744,32.65253535656136,0.12643000168549537,5.031367995123048e-06,1.581581200349791,32.652371069640004,do(num_prb=100)
0.5206606136272001,0.9623550630630251,1.3378743280639271,0.7378316578278248,9.93938384589503,50.179756891705516,222.2862840719008,-0.3692666424240922,-3.0,-0.15115557992725856,0.19189892404497783,0,2.0,0.3,1.0,0.6,100.0,3.0,9.270938501158811,0.1680566476073301,1.0,25.24444603288339,0.0,do(num_prb=100)
0.06343846700607955,4.950939193051349,0.5266444455132615,0.7804495379894357,18.584792504797687,100.09262568254306,146.76726971999508,0.6923310283683384,-1.0,-0.1319987247929759,22.06457589949322,9,6.0,0.75,0.035710478750212826,4.5,100.0,0.03703125641273049,96.45263069023429,0.0,1.6262327028337964e-06,1.2962500513018438,96.45247383581199,do(num_prb=100)
0.709550960731314,-6.753056175618882,-1.4378099446068833,0.6679877198050148,11.968938072020395,75.52885851013131,98.30895780675208,0.23803235137792325,7.0,-0.18191827750423417,-8.11895710515205,0,2.0,0.3,1.0,0.6,100.0,3.0,8.064951541308734,0.3064899092783942,1.0,25.445803504404935,0.0,do(num_prb=100)
0.6430811400308092,4.659901468777257,0.08038368383361634,0.8712489529681307,12.965989199856313,53.994563618150664,121.69752685178628,0.5656956918936715,-0.0,0.06293923961908955,5.845249058860928,1,2.0,0.44,0.02653830033990924,0.88,100.0,0.02726127215575758,18.47871154618004,0.11788502507864687,4.960122691466395e-07,1.3895593046331833,18.478702380512395,do(num_prb=100)
0.6000481160133213,-2.2838659465994766,-0.20756485173328423,1.5788102773805555,9.319572931444814,136.39608710069524,106.97975432367241,-0.02042000277086618,-2.0,0.0343571604939103,-4.825978047159147,0,2.0,0.3,1.0,0.6,100.0,3.0,8.599471823040021,0.9302702003577175,1.0,26.353120291429406,0.0,do(num_prb=100)
0.20282312398720728,-13.534146105586487,0.594902169796513,0.816377057789774,21.844750457265096,42.41585883118737,93.8265345372162,0.11409153738860278,3.0,0.15892613382205312,4.136918318695192,0,2.0,0.3,0.007612382926065739,0.6,91.0,0.007670772425090204,11.793487639976684,0.32528752175061837,3.3580139779942897e-09,1.5345116655834392,11.793487600373988,do(mcs_idx=0)
0.05736828684590152,-4.928611226950228,0.6845982140694817,1.3405250372535118,10.398443985453333,68.64158741996134,57.8180566763018,0.2039528747677758,9.0,0.030348094436518886,4.0008713819197625,0,2.0,0.3,0.0078125,0.6,100.0,0.007874011993408203,13.01592374391404,0.2376068816140775,3.725290298461914e-09,1.408602105567742,13.015923695425945,do(mcs_idx=0)
0.7393654628038491,2.652077383594622,1.7321264339153868,1.494485835188426,7.533632749614421,158.56625273965957,226.70257391703552,-0.6980361124437717,-0.0,-0.09841145908504369,-5.189362433815635,0,2.0,0.3,1.0,0.6,57.0,3.0,5.382073518909665,13.389323203490488,1.0,44.475379205077076,0.0,do(mcs_idx=0)
0.3399567661568805,1.7630715387295683,2.2717513067481536,1.3115766950915364,10.24566789873603,85.90803081529523,242.78758362220677,0.281208725706999,2.0,-0.0012645477686238004,5.012505884567819,0,2.0,0.3,0.0,0.6,82.0,0.0,11.505586725066095,0.28582994480594914,0.0,1.4157526469904715,11.505586725066095,do(mcs_idx=0)
0.29973104993090943,-13.009349231705318,0.3144775402968512,1.4706003540828503,8.718330264346188,146.05235522695406,121.52971522289457,0.1793135136408781,3.0,0.07751829586990952,-10.615347107455994,0,2.0,0.3,1.0,0.6,85.0,3.0,7.502346705399283,1.5581724918124937,1.0,27.266432715363628,0.0,do(mcs_idx=0)
0.41469048907301187,0.2001688792785038,-0.39362846337896923,2.2046739499846906,20.134357272252664,90.79440704388315,234.9198731131349,0.10469163731145305,-6.0,-0.10941330994920354,11.811253151696627,0,2.0,0.3,0.0,0.6,69.0,0.0,8.522889706969162,1.1848736741215788,0.0,2.7234526169041144,8.522889706969162,do(mcs_idx=0)
0.8129241899897168,7.831758939367379,2.3994350886679046,0.5955023987472272,27.50454237263148,56.31545789542691,59.818448457367374,-1.0324386790283673,1.0,0.1235850937035081,19.078423405566816,0,2.0,0.3,0.0,0.6,53.0,0.0,7.479171376106212,0.7320590753771528,0.0,2.0648132005485857,7.479171376106212,do(mcs_idx=0)
0.7074367440069795,-9.125889076102943,-0.13415247031794347,1.1649836521134873,22.796891195547804,26.429635273815503,176.34607929541684,-0.08353011764954131,-3.0,0.005920073412695799,0.0978528155874099,0,2.0,0.3,1.0,0.6,55.0,3.0,4.74725253036885,10.51989753373691,1.0,40.30166913998096,0.0,do(mcs_idx=0)
0.484646006694274,-4.696775371169991,-0.2797552098465008,1.17735145966689,9.138592295866149,45.47783684163305,192.1815090762283,-0.2806634095832844,-2.0,0.0432215062879486,-5.4516202465619035,0,2.0,0.3,1.0,0.6,69.0,3.0,5.911993386399811,7.354230629482931,1.0,35.69706273379335,0.0,do(mcs_idx=0)
0.486916405952476,7.499258357549937,-2.17613569657768,1.586785733213548,25.554001346844895,59.53120029577887,89.65056310680448,-0.5058296855881769,4.0,0.13846655510448877,23.076677946308592,0,2.0,0.3,0.0,0.6,75.0,0.0,8.421775883367046,1.113822398912469,0.0,2.6201053075090455,8.421775883367046,do(mcs_idx=0)
0.6518219228364257,2.2580004591272536,-0.9850008308964957,1.2795664396037034,26.127499294450757,6.260650190192339,278.4354116825397,-0.03481022279633946,-2.0,-0.004116113448364061,15.806072359506306,0,2.0,0.3,0.0,0.6,60.0,0.0,7.187669685921125,1.5913319235973127,0.0,3.314664616141546,7.187669685921125,do(mcs_idx=0)
0.34580273400727896,6.30130305475134,-0.5627655949105177,1.1165332914273154,24.484978227800234,189.80338957655033,130.19120173654832,-0.3414941331696791,-1.0,0.016177683130186426,22.971667625787635,0,2.0,0.3,0.0,0.6,78.0,0.0,9.551456986660972,0.4525791517676959,0.0,1.6582969480257397,9.551456986660972,do(mcs_idx=0)
0.793926738698675,-8.578461719076355,-4.543500027760866,1.1420966759532054,4.482451791646137,131.32096698701775,76.89462110396119,-0.3021790612986811,3.0,0.08742575452262141,-19.6229743764318,0,2.0,0.3,1.0,0.6,56.0,3.0,3.7607263380730798,10.39484825500029,1.0,40.11977928000042,0.0,do(mcs_idx=0)
0.6478367622500174,-1.4767401045511277,1.695993351139606,1.770302551345412,11.93477619616091,182.87633537886228,90.50639739300709,-0.2704856915607246,-2.0,-0.06578867470024301,-2.595532843744866,0,2.0,0.3,1.0,0.6,60.0,3.0,5.6559210253315655,15.911191851192086,1.0,48.14355178355213,0.0,do(mcs_idx=0)
0.3144261605354143,0.24289356683068303,-1.3017496251760883,0.7193132393486736,3.901945331629964,103.84294706029881,254.6899782007254,-0.46913358358283774,1.0,0.13383221837692919,-3.2283180220184127,0,2.0,0.3,1.0,0.6,82.0,3.0,6.661735271471746,1.5396171747801481,1.0,27.23944316331658,0.0,do(mcs_idx=0)
0.16775942179245912,-2.150606860298533,-0.021356713152087807,0.9753343573594173,6.7743530169407915,15.859904713331877,209.5810109680934,1.1126073268290013,0.0,-0.13463671900122356,1.9583664064466157,0,2.0,0.3,0.5199399064068833,0.6,90.0,0.9308366703918627,9.940011642498778,0.1996182747979409,0.07308236729866047,8.737047217386452,9.21357206068872,do(mcs_idx=0)
0.43025669045612064,10.302552067714233,-1.1243048279800374,1.3421798434886358,15.291816795800475,170.99043567834408,154.39597443319246,-0.010509603603694505,-4.0,-0.06272273035442154,16.581287528034554,0,2.0,0.3,0.0,0.6,71.0,0.0,8.443098450444529,0.7542347473969353,0.0,2.0970687234864513,8.443098450444529,do(mcs_idx=0)
0.6786579140118212,-6.411292896626662,-1.516489710801911,0.898324778197496,7.039224186634593,154.66752580440556,203.54883282687393,0.7476903981427901,1.0,0.08964614638555173,-12.155299716711449,0,2.0,0.3,1.0,0.6,61.0,3.0,4.898767589061258,8.197027269617944,1.0,36.92294875580792,0.0,do(mcs_idx=0)
0.5269031256408536,13.97321309685713,0.8319631737820299,0.7199114471998873,12.38027034877398,91.75163985774724,207.3455148659868,-0.039637600279136605,-4.0,0.10444882599378427,15.712025553257439,0,2.0,0.3,0.0,0.6,65.0,0.0,8.53068891966374,0.5256106483179908,0.0,1.7645245793716229,8.53068891966374,do(mcs_idx=0)
0.2969862494786896,-6.87968252754597,-0.9397679081723181,1.199138695045123,22.18406967854335,10.26215050488866,287.6381582210052,-0.1390024091778543,5.0,0.007710982771513046,8.967279191599436,0,2.0,0.3,0.0,0.6,87.0,0.0,10.446913209530752,0.35865878180254096,0.0,1.521685500803696,10.446913209530752,do(mcs_idx=0)
0.8250654895171062,-13.173131108826864,-0.6506760030437869,1.0056580106989048,8.428401176753578,21.921948435673272,263.5201647130246,-0.081201667290306,-2.0,-0.08278595937027894,-20.564903500055724,0,2.0,0.3,1.0,0.6,50.0,3.0,4.203473833821522,8.993277587187329,1.0,38.08113103590884,0.0,do(mcs_idx=0)
0.37790056302189007,-4.321464389552512,-2.57364883965021,1.0642579621988577,7.473573446255422,21.451150470032488,159.04514560594063,-0.10145406849217375,0.0,-0.1389264823059709,-4.44102464365346,0,2.0,0.3,1.0,0.6,78.0,3.0,5.905730317376473,6.578937702220814,1.0,34.569363930503,0.0,do(mcs_idx=0)
0.38542203859523805,-8.283793744489271,-0.7127662515859232,0.9334102391336916,18.77298690980798,177.78450197520263,249.6160190908078,-0.39006760916493954,-3.0,-0.05356900153962573,1.7022372900096818,0,2.0,0.3,0.7680649879551631,0.6,74.0,1.8110886497757934,7.070824794130257,1.2175029056419904,0.3480101201551471,17.25962251550379,4.610106207928993,do(mcs_idx=0)
0.49907867971270514,0.24364230070933837,0.1600414461535091,0.6952422619821214,5.569130181687221,110.837193288826,48.112526008113434,-0.3329873783424698,-3.0,-0.031202101881696954,-4.268373289007262,0,2.0,0.3,1.0,0.6,68.0,3.0,5.956249486573906,3.8383106117920294,1.0,30.58299725351568,0.0,do(mcs_idx=0)
0.37446689237746883,-9.093475224344006,0.08138078445073804,0.930406314113056,25.055452462299282,60.26532485407373,234.18025329804166,-0.31895167158348486,-0.0,-0.09891701590347632,7.866139750487442,0,2.0,0.3,0.0,0.6,78.0,0.0,9.867990517479091,0.22756376607814885,0.0,1.3310018415682165,9.867990517479091,do(mcs_idx=0)
0.4295161918788098,-7.049533275276686,1.5970194172422278,1.4319089753483965,12.528110356059063,98.28874168813215,262.66130263516766,0.4504492892638219,1.0,0.031674836325629584,-3.039515592458467,0,2.0,0.3,1.0,0.6,76.0,3.0,7.1314847565348805,1.8931095809519143,1.0,27.75361393593006,0.0,do(mcs_idx=0)
0.6182061133546951,-3.0942802311384856,2.4789532719690133,0.7657248230985554,22.349683024603944,184.23178350574247,283.25705651154624,0.4839126883491528,-1.0,-0.054480398058900405,7.082746554767921,0,2.0,0.3,0.0,0.6,63.0,0.0,8.9218965536445,0.32487306209341654,0.0,1.4725426357722422,8.9218965536445,do(mcs_idx=0)
0.673908443216329,-2.628166824674879,0.37601928513072014,1.4986982833581997,11.289088330423695,64.21244673490948,264.209029933284,0.13546956142631786,3.0,-0.03389671074267498,-4.437649328748474,0,2.0,0.3,1.0,0.6,63.0,3.0,5.577408313288539,13.491855296565063,1.0,44.62451679500373,0.0,do(mcs_idx=0)
0.29278868735004593,-10.859480071589989,1.6585403047443699,0.6242419787718083,13.236519856890018,5.752356919424047,275.53053171130045,0.5265238585598324,-4.0,-0.01916436350492739,-3.1705497201826125,0,2.0,0.3,1.0,0.6,79.0,3.0,7.434107248049154,0.6374932429182831,1.0,25.92726289879023,0.0,do(mcs_idx=0)
0.49307097996715404,0.21404403272001943,-0.09226613608766732,1.1260249341620963,14.294115391929827,111.19688980288599,97.98516580169145,-0.6116899171830081,-2.0,0.056081785051350176,4.087740637871157,0,2.0,0.3,0.0078125,0.6,69.0,0.007874011993408203,8.643682841288761,0.6828483819553299,3.725290298461914e-09,2.056226106064109,8.643682809088533,do(mcs_idx=0)
0.7108995733568767,4.206933980097972,-0.8802564175616991,0.7944848793809003,11.12222530355275,45.886104592152506,54.926685612364714,-0.6644848728011393,-6.0,-0.10437471524268865,1.3434265866686057,11,6.0,0.93,1.0,5.58,52.0,3.0,40.17361405361594,0.0,1.0,25.0,0.0,do(mcs_idx=11)
0.533771731585452,0.09863881089913047,-0.8966034396996354,0.7436580807472268,22.677940233706877,165.1653413406962,190.21651501428445,-0.5588973118764374,-3.0,-0.10539234924560154,11.291492606835291,11,6.0,0.93,1.0,5.58,66.0,3.0,50.94599192750889,0.0,1.0,25.0,0.0,do(mcs_idx=11)
0.8735482107904258,-5.093762384419941,1.4018061201358845,0.9475844591705879,7.49201289736742,53.24467604200762,126.74471164219926,0.6135333213129865,-5.0,0.05034835315236195,-13.492429997918704,11,6.0,0.93,1.0,5.58,44.0,3.0,38.050344900321036,0.061920105230412324,1.0,25.090065607607873,0.0,do(mcs_idx=11)
0.39674197955633406,1.792571827132575,-2.561076373701334,2.1328802544733745,16.500640688084275,172.3960426689412,184.72581224331873,-0.2630129917768785,2.0,-0.3231330448212565,9.5621617038371,11,6.0,0.93,1.0,5.58,78.0,3.0,54.962917069418914,0.0,1.0,25.0,0.0,do(mcs_idx=11)
0.10944071516733483,2.59756095781584,1.0045440541452946,1.535512947754843,5.32905593550791,44.69328471174831,209.64627091624232,0.7923506094790903,-3.0,0.06175406233808605,5.830287217493138,11,6.0,0.93,1.0,5.58,90.0,3.0,76.38555948407833,0.06604329723503967,1.0,25.09606297779642,0.0,do(mcs_idx=11)
0.5760418205815293,0.7860557461708098,-0.22436217416028764,0.9095733235480536,24.162358068599445,107.29261177293026,147.36518908861487,0.5863008814538949,-3.0,-0.062355561393854876,14.117470581511295,11,6.0,0.93,1.0,5.58,63.0,3.0,50.34154556800328,0.0,1.0,25.0,0.0,do(mcs_idx=11)
0.2740340958008973,-11.176906129962871,0.932161338717257,0.7328583094007846,23.029752566404184,45.84475535936502,174.50509968017195,-0.3096965092510965,5.0,0.02529103773043194,5.7555862685709105,11,6.0,0.93,1.0,5.58,89.0,3.0,75.27652732576173,0.027401348777320547,1.0,25.039856507312464,0.0,do(mcs_idx=11)
0.5395280717267241,-3.4674451178852315,-1.693564001703448,0.566157427814004,3.4098927423777763,36.16860435858747,271.14363296986835,-0.8873006199354354,6.0,-0.18928339000107297,-11.635846388017523,11,6.0,0.93,1.0,5.58,74.0,3.0,54.738263655430636,0.0,1.0,25.0,0.0,do(mcs_idx=11)
0.34845062741690297,-7.482238441441197,-0.9778881129340395,0.6893776069204431,19.567480398470305,190.5939750699162,85.56146663952791,1.0762219615854598,-2.0,0.14145728011546893,5.76309136763654,11,6.0,0.93,1.0,5.58,77.0,3.0,59.18408705563171,0.1447390039455895,1.0,25.210529460284494,0.0,do(mcs_idx=11)
0.4251156894561171,-1.200905799579964,-0.8688338772278386,0.7787446814076179,5.833906543268249,8.312994855906675,153.50729953470548,-0.09374284196940155,1.0,0.05034984022204391,-3.707238594472739,11,6.0,0.93,1.0,5.58,76.0,3.0,58.7503598331895,0.054114774498017826,1.0,25.078712399269843,0.0,do(mcs_idx=11)
0.21957520380986045,7.197451725912518,-0.8275956302163434,1.087570135115632,20.992082126810562,63.01621121466995,299.5589934937678,0.04701891415209202,-2.0,-0.07655547891926064,23.13232796668823,11,6.0,0.93,0.37220444862977187,5.58,85.0,0.5623043721236115,88.05444012232596,0.0,0.019192265294539212,5.498434976988892,86.36447594713616,do(mcs_idx=11)
0.7666165303029214,3.3615671451710654,-0.20159102902553025,1.182121809304065,14.452593354645204,25.58765705094272,285.9566316641207,-0.03445239731823422,3.0,0.0979438100335495,3.036887717804399,11,6.0,0.93,1.0,5.58,58.0,3.0,46.39955126437576,0.10736542364747323,1.0,25.15616788894178,0.0,do(mcs_idx=11)
0.3206391082599974,15.129209275799198,-1.440511554933161,0.6802160165247937,20.197956497573742,145.85884107903502,219.4068588118916,0.2964304841725164,-1.0,-0.008574603095017263,28.53301907400798,11,6.0,0.93,0.0234375,5.58,80.0,0.023999691009521484,86.67999029215926,0.0,3.0174851417541504e-07,1.1919975280761719,86.67996413660099,do(mcs_idx=11)
0.8741666964443695,9.895088301948842,0.4850926170023623,0.9094753700253131,20.880711488400575,35.88986262256501,252.73439843699472,-0.04737631764370167,-9.0,-0.08867055652541478,14.044771109803232,11,6.0,0.93,1.0,5.58,40.0,3.0,33.1095607291081,0.0,1.0,25.0,0.0,do(mcs_idx=11)
0.4950461451598966,1.874728489783446,2.9904844017107934,1.08193105654911,4.021362294130105,146.62087496803255,110.19140233230932,0.010268118613725645,0.0,-0.036406434484559984,-4.084300633925296,11,6.0,0.93,1.0,5.58,71.0,3.0,65.95716286747084,0.0,1.0,25.0,0.0,do(mcs_idx=11)
0.5572694867199032,-1.3268600492824068,-1.3342079859760565,1.4887879238456507,21.981015152933526,47.88959344681971,251.7868382684472,0.3881332279124732,10.0,0.011707897003149802,10.00329669892632,11,6.0,0.93,1.0,5.58,77.0,3.0,58.07545797643312,0.019082735482176556,1.0,25.027756706155895,0.0,do(mcs_idx=11)
0.42362302839874494,0.04392769586340285,0.021873256686678375,1.1891579050577454,6.613341668322797,160.71250642304136,252.9444934061894,-0.8015465853210126,6.0,-0.2771257177634583,-3.1884981528294074,11,6.0,0.93,1.0,5.58,81.0,3.0,65.53076267782832,0.0,1.0,25.0,0.0,do(mcs_idx=11)
0.5992605233667684,9.010028587878663,-0.4957467907712053,1.6794273051832704,20.78324467880611,56.01543715244229,126.1893950386276,0.36097516484029274,-8.0,0.015886630758161744,18.57570210228989,11,6.0,0.93,1.0,5.58,57.0,3.0,44.92206147940466,0.030230211567238888,1.0,25.043971216825074,0.0,do(mcs_idx=11)
0.756805470476771,5.656397358619866,-1.1147855360637546,1.0391801291052902,17.896184147222005,178.26129446807036,292.3630565483758,-0.13122535055212972,-7.0,0.11437679358831997,8.27176187959054,11,6.0,0.93,1.0,5.58,49.0,3.0,37.39155245286842,0.12755745061032747,1.0,25.18553810997866,0.0,do(mcs_idx=11)
0.6298992843578624,1.6034869641037715,-2.4631334299642083,1.4798631746302522,7.750423826424438,18.932886629566024,138.669658920733,-0.7885608915741339,7.0,0.16405608567675656,-3.399917137136102,11,6.0,0.93,1.0,5.58,70.0,3.0,49.60272473357779,0.17428774311817816,1.0,25.25350944453553,0.0,do(mcs_idx=11)
0.6905576734776271,7.620786738685897,0.7733665491609816,1.0580999351534999,22.06287445364213,119.89228028817598,231.019425300693,0.04884530386722452,1.0,-0.07355570706366839,16.043303542623086,11,6.0,0.93,1.0,5.58,60.0,3.0,50.36323639097966,0.0,1.0,25.0,0.0,do(mcs_idx=11)
0.5287547635980446,-1.442710311197163,0.4867440014368851,2.2666358275877005,13.822122879504235,166.65305808321813,128.9393136249072,0.6088026144443109,2.0,0.242897346856339,2.285161411306533,11,6.0,0.93,1.0,5.58,71.0,3.0,58.77420793388779,0.25384631887605624,1.0,25.369231009274262,0.0,do(mcs_idx=11)
0.5057823335931728,-2.2622571950647643,-0.8067738313099082,1.3578525376392279,25.311244704018897,105.38260279745087,48.77747977732767,-0.11738124938319643,-4.0,0.0656048825505174,13.079104798405096,11,6.0,0.93,1.0,5.58,66.0,3.0,51.18555448327894,0.07438745374504252,1.0,25.108199932720062,0.0,do(mcs_idx=11)
0.5588885977434155,7.739054202467031,1.4963767715427274,1.8714746507206814,2.9440256097819555,36.75626426820072,114.10747179000047,-0.3591326810178198,0.0,-0.03366313928595157,-0.4011851446694137,11,6.0,0.93,1.0,5.58,67.0,3.0,58.19632545378906,0.0,1.0,25.0,0.0,do(mcs_idx=11)
0.3824570459089412,5.136928386518404,-0.24187537710933876,0.9043315400767369,7.155708294747797,88.44895869070292,61.23635552971427,0.44875975750194524,-4.0,-0.07489864750742597,5.124411869220318,11,6.0,0.93,1.0,5.58,73.0,3.0,58.28060833160481,0.0,1.0,25.0,0.0,do(mcs_idx=11)
0.693565499787414,-1.859933476415265,-0.8574005844452227,0.5918392507737817,4.971198374269349,21.994486690346886,76.26592512404729,0.07923184641824016,1.0,0.11308424930435385,-9.764191669311838,11,6.0,0.93,1.0,5.58,60.0,3.0,46.409582058925004,0.11779908374666716,1.0,25.171344121813334,0.0,do(mcs_idx=11)
0.6585174833309003,-15.912790079728051,-0.431143924538839,1.0612324627207592,20.859521902548465,162.0144270489845,185.46036502536293,0.08325292020251102,2.0,0.06437759505803985,-8.123469261709118,11,6.0,0.93,1.0,5.58,63.0,3.0,49.815154813834454,0.07164856174009908,1.0,25.10421608980378,0.0,do(mcs_idx=11)
0.3915405551460627,-8.722570224908432,-3.5825377113139965,1.0743189563052726,23.937375899430123,31.866864403369906,179.11560609387143,0.9110359035628461,4.0,-0.023930457335365446,8.28622542446704,11,6.0,0.93,1.0,5.58,81.0,3.0,53.73367472760217,0.0,1.0,25.0,0.0,do(mcs_idx=11)
0.23553934600943752,8.214525089888328,-0.775685829317202,1.9431488033888091,8.972332560605498,66.60392026417354,297.1622540845111,1.0105493803751309,4.0,-0.035995673238208924,12.793596221702913,11,6.0,0.93,1.0,5.58,90.0,3.0,69.91153865753618,0.0,1.0,25.0,0.0,do(mcs_idx=11)
0.6708431902664027,-3.2954216516220045,1.1266702564372495,1.8693686486387382,24.845898724227958,156.99807246511807,117.52025844461323,0.3002228052148948,-6.0,0.011908047788887504,8.646183775300367,11,6.0,0.93,1.0,5.58,55.0,3.0,46.95147487438359,0.02643588989951806,1.0,25.03845220349021,0.0,do(mcs_idx=11)
0.32667109632118235,0.3149630794716832,-0.21969497776778574,0.4892335568209692,14.785596707386677,175.6885642211133,207.01877646313238,-0.042490159087147567,-5.0,-0.014119515896169688,7.799139425863502,2,2.0,0.59,0.0546875,1.18,76.0,0.0,18.62592642113474,0.016147093552140244,8.944422006607056e-06,1.0234866815303858,18.625759822988563,do(harq_retx=0)
0.30419821005346165,-2.31732099681046,-0.23221046205800955,1.5835052730417922,24.558401019486475,153.61152272781334,46.89796179567031,-0.3337396207246692,-3.0,-0.04583293044301986,15.538536721924038,6,4.0,0.74,0.0546875,2.96,79.0,0.0,48.53624900829973,0.0,8.944422006607056e-06,1.0,48.53581487960598,do(harq_retx=0)
0.6484221919565499,-6.631803352971561,-0.05850141147350769,0.7191445308800747,4.925346219247686,19.81842880448553,154.57100002084908,-0.5462829675128523,2.0,0.04489997565499526,-14.593991699105839,0,2.0,0.3,1.0,0.6,64.0,0.0,8.040412230893882,0.5774115536680435,1.0,1.8398713507898816,0.0,do(harq_retx=0)
0.6129928619283684,-10.45787951106903,-1.1161026390460975,1.0352080922086184,22.58932399019534,68.99107518513915,239.0013055961804,-0.08313820072637412,1.0,0.09738068846596813,-0.06855509636695356,0,2.0,0.3,1.0,0.6,65.0,0.0,7.7329559693106225,1.0041511089691322,1.0,2.4605834312278283,0.0,do(harq_retx=0)
0.36240013857782566,-11.110268338489202,-1.055040854961488,0.8476057758917758,14.406144376833996,151.65145286730566,276.09320660282754,-0.5576365370862306,-2.0,0.04150078972939226,-5.215112555496189,0,2.0,0.3,1.0,0.6,76.0,0.0,9.070846438644438,0.4372957882393262,1.0,1.6360666010753837,0.0,do(harq_retx=0)
0.44871142256453683,-4.269117464104838,-0.9654319547025532,1.258528516036754,16.403926471556094,26.76668041294056,255.0317014960172,-0.15888737706880296,-5.0,-0.07273762648913072,2.996849086269422,0,2.0,0.3,0.04332214682718384,0.6,68.0,0.0,8.154408950605426,0.8066859868519308,3.522409791734127e-06,2.1733614354209903,8.154380227435492,do(harq_retx=0)
0.1822636625785588,2.508610441209665,0.05420120237311177,0.9351906262166609,2.3158417553426234,16.312576347370822,192.650670909705,-0.8623154549467565,-2.0,0.06818678901386444,-0.04728456787810609,0,2.0,0.3,1.0,0.6,87.0,0.0,10.991707679020703,0.30251412035978487,1.0,1.4400205387051417,0.0,do(harq_retx=0)
0.5458653694762783,9.068279779795168,1.1275904873295113,2.8571070827907885,15.871757428601132,107.15122597552238,238.1238511780623,0.5934402028714593,-2.0,0.10281585006682988,14.479537866521135,6,4.0,0.74,0.078125,2.96,66.0,0.0,43.33860381484928,0.129167746913191,3.725290298461914e-05,1.1878803591464595,43.336989326045874,do(harq_retx=0)
0.8638738786315858,0.4910587488615809,1.052688227650156,1.2233476686518439,20.622061082035245,83.35660307360787,183.78702875738355,-0.9432989703855102,2.0,0.03902357655031336,3.580841474870012,0,2.0,0.3,0.009164667221668324,0.6,51.0,0.0,6.764228727543996,2.202744987979618,7.054509088000316e-09,4.203992709788535,6.764228679825683,do(harq_retx=0)
0.6764860373682473,5.204120468039792,-0.08105183651351425,0.7884323573001515,7.356398735909023,46.28189263393331,83.92986923113536,-0.3196291199029578,1.0,-0.10191440413672358,-0.5618965014309222,0,2.0,0.3,1.0,0.6,61.0,0.0,7.6548517792278545,0.6210312213398058,1.0,1.9033181401306267,0.0,do(harq_retx=0)
0.17593669754578423,8.602659027123712,0.997805665864419,1.0297728951208787,21.98939914658585,22.008246618097427,119.18174994270474,0.055888425349896985,3.0,0.010740307998978625,26.88474564012615,11,6.0,0.93,0.046875,5.58,92.0,0.0,113.18405192459565,0.012018217837228588,4.827976226806641e-06,1.017481044126878,113.1835054746837,do(harq_retx=0)
0.666412989180192,-11.08248150088904,1.1359904219300418,0.7571093566834111,19.097880907284377,49.16578415579506,111.31095149058686,-0.26656710299065217,1.0,-0.045413921330235356,-4.966806840537529,0,2.0,0.3,1.0,0.6,62.0,0.0,8.255717858805873,0.4579295078850536,1.0,1.6660792841964416,0.0,do(harq_retx=0)
0.5775760560159833,-2.2933989228740415,2.5707384843392695,2.403189527926497,14.693310735794517,11.44208032087825,243.47449446921564,-0.9275365449304895,1.0,0.028544903246573917,0.2857780235701932,0,2.0,0.3,1.0,0.6,67.0,0.0,9.527108714239604,0.9759351979053669,1.0,2.4195421060441697,0.0,do(harq_retx=0)
0.5575735388704255,-5.154877276238175,-0.4352387483451057,0.6290476063829117,16.546522838842805,154.37532409419828,117.55487269177672,-0.4043803568813744,5.0,-0.06062601235305677,-0.17108958970626592,0,2.0,0.3,1.0,0.6,72.0,0.0,8.87457570375066,0.25707026330233357,1.0,1.3739203829852125,0.0,do(harq_retx=0)
0.26694668604881344,-0.41235700766232053,-1.4103608294342447,1.3442499180643492,16.77274120431796,70.76334268590035,294.4435751977942,-0.24466250648608656,-6.0,-0.11159117573337901,10.132754611450569,4,4.0,0.48,0.09486698365025398,1.92,78.0,0.0,29.231835802931236,0.0,8.099540262940241e-05,1.0,29.229468158620783,do(harq_retx=0)
0.3971315069339342,3.644021008244539,1.4731424967397668,1.0812515516209074,22.716060868561208,78.92135450575452,217.4804008344953,0.3072902329222122,3.0,0.017362467096285084,18.43267517945407,8,6.0,0.65,0.0625,3.9000000000000004,79.0,0.0,69.466689634078,0.02104283849978664,1.52587890625e-05,1.0306077650905987,69.465629656514,do(harq_retx=0)
0.7413888612128801,2.9399712984847772,0.15990700541785058,1.1010794951347262,16.917998282688465,98.15992276639261,168.4594757504488,-0.365989562893918,-0.0,0.0395211942327537,5.083766179442245,1,2.0,0.44,0.03125,0.88,56.0,0.0,10.431542280883413,0.363251065670393,9.5367431640625e-07,1.5283651864296626,10.431532332589459,do(harq_retx=0)
0.3588355751910611,-3.5722778201623706,1.3927908863510172,1.0933990481749696,26.862617427144922,55.32127949849974,204.42741491142203,0.3178818052738261,-1.0,-0.03507273607326982,16.18911399625997,7,6.0,0.55,0.0546875,3.3000000000000003,78.0,0.0,57.81829592854089,0.0,8.944422006607056e-06,1.0,57.8177787773024,do(harq_retx=0)
0.6298327345022771,-7.092032154922154,-0.8911801578748837,0.8785912378869735,11.11873419304441,172.31331572976646,235.22916970721465,-0.018861587611204912,-5.0,-0.1385943106835825,-8.749841611237692,0,2.0,0.3,1.0,0.6,58.0,0.0,6.982362770312516,1.1452883779985992,1.0,2.6658740043615987,0.0,do(harq_retx=0)
0.29654457908939147,0.6036210173225922,1.0968062072990188,0.6869684771593627,21.371787384769544,184.5208843949331,72.74441083262681,0.12710666576647572,-0.0,0.05432072974340007,15.69498975459251,6,4.0,0.74,0.0546875,2.96,82.0,0.0,53.76647642767398,0.05832455413491128,8.944422006607056e-06,1.0848357151053254,53.765995517619004,do(harq_retx=0)
0.9283512855496949,-10.501432184215457,0.44236138004004766,1.1315045082420114,8.732134148580506,199.4450941692844,245.72687677581385,-0.07705518629696234,-2.0,0.09373738444268095,-20.06367521536885,0,2.0,0.3,1.0,0.6,44.0,0.0,5.666622574547102,10.305565571326825,1.0,15.989913558293564,0.0,do(harq_retx=0)
0.07242473153413125,1.9425160926447536,-2.594200628010512,0.9336262463380794,9.02796084683982,93.4802982462782,273.7515539853458,-1.118453579684752,-4.0,0.013265434213698255,7.311453027686605,2,2.0,0.59,0.0546875,1.18,91.0,0.0,19.624864733924422,0.06420760716961353,8.944422006607056e-06,1.0933928831558015,19.62468920085242,do(harq_retx=0)
0.4002012376213178,10.279733808034795,2.303414403448458,0.5106689152537632,3.5923678325688857,68.55093907864949,176.73285665438337,-0.10186908419958986,5.0,0.11099115340879462,5.6026203681145,1,2.0,0.44,0.03125,0.88,81.0,0.0,16.69276747611696,0.15233101142788857,9.5367431640625e-07,1.221572380258747,16.69275155665335,do(harq_retx=0)
0.9089424180591489,-13.010224049167139,-0.47854139875507745,0.6848177973810007,6.918052211294679,124.71039304804629,70.44341006915343,0.46532387480800236,-0.0,-0.07124432485985586,-22.8795620424934,0,2.0,0.3,1.0,0.6,47.0,0.0,5.780303891828622,6.10923629650367,1.0,9.886161885823519,0.0,do(harq_retx=0)
0.5673715116790821,-8.87000205640308,1.290600950817991,1.5530516128364236,17.327858418154403,162.27336755871318,76.78024511076181,-0.2072571377438634,2.0,-0.08555966174028805,-2.986406470814748,0,2.0,0.3,1.0,0.6,69.0,0.0,9.255024233320581,0.5903536005294818,1.0,1.858696146224701,0.0,do(harq_retx=0)
0.25231861993659865,-10.34380172216281,0.35604833477088105,0.6694513543978017,24.526940749318427,162.59369095391023,156.10888112285636,-0.6166692580853722,-5.0,0.11379116462145888,7.7856155699664,2,2.0,0.59,0.0546875,1.18,80.0,0.0,20.176915109424897,0.14798319248823766,8.944422006607056e-06,1.2152482799828912,20.176734638581365,do(harq_retx=0)
0.843997162536255,5.618117881287844,-1.5090058491868459,0.8943286901314871,4.177015413364515,61.10602950678272,77.41717295255451,-0.12464907937806742,-2.0,-0.0011824747530002084,-6.1963282192070155,0,2.0,0.3,1.0,0.6,49.0,0.0,5.708169894356019,8.070133953683664,1.0,12.73837665990351,0.0,do(harq_retx=0)
0.19575416455767441,-1.0038097263580263,-0.7243645543719041,0.9817419098341749,14.489649262984974,144.75657779294002,295.8415514031416,0.21206183719670277,7.0,0.16869257481354263,8.734683371624179,3,4.0,0.37,0.05735018207546161,1.48,95.0,0.0,28.456620608380756,0.19142267938398227,1.0817806382457107e-05,1.2784329881948833,28.456312770168715,do(harq_retx=0)
0.5126480571196887,-3.599864951847562,-2.316935269037847,1.0782044539618512,10.63253924594794,175.74013031019362,147.2107263794101,0.10964204397361112,-3.0,0.0010085368736133173,-3.3392998509722296,0,2.0,0.3,1.0,0.6,67.0,0.0,7.464021622939124,1.1134504701049213,1.0,2.6195643201526124,0.0,do(harq_retx=0)
0.33462374334152784,-12.856908255304596,0.41573510006360836,1.751570767295295,23.935539224693727,28.177931670195612,289.4273505667545,0.034427321295744565,-4.0,0.03238683703566605,4.126215278065668,0,2.0,0.3,0.007779617935902053,0.6,76.0,0.0,9.775053965910454,0.6663474938295602,3.6629675959076735e-09,1.9692327182975422,9.775053930104749,do(harq_retx=0)
0.1798162695047026,-4.136200008455517,-0.26423947332580633,0.7151153434011228,4.0,16.058537103210345,127.65267481070154,0.5904094781022661,1.0,0.09459974108075202,-3.3646434702176444,0,2.0,0.3,1.0,0.6,90.0,3.0,7.717362909396046,0.7266706138151229,1.0,26.05697543827654,0.0,do(snr=4)
0.3523652065168281,6.956931133185307,-0.08647046473413553,1.3345607408353442,4.0,73.97301167813981,275.84957114359355,0.4558437171985187,4.0,-0.03710237747098831,3.906707230473882,0,2.0,0.3,0.0078125,0.6,83.0,0.007874011993408203,10.40050054408728,0.3589376167029639,3.725290298461914e-09,1.5850831747879406,10.400500505342395,do(snr=4)
0.24224600627760004,0.8644757521904526,-0.011864565106359689,0.7866437819858265,4.0,66.9665916852055,79.01778765142981,0.6903244598299925,-0.0,0.04524931588063844,0.48855118978158635,0,2.0,0.3,1.0,0.6,85.0,3.0,7.381825189921064,0.901755421945836,1.0,26.311644250103036,0.0,do(snr=4)
0.1643154603360685,-1.3416571113783111,1.690914440211436,1.2483498135973319,4.0,19.214456534285986,262.00512707872736,0.4485945386958261,-5.0,0.12601731615122863,-0.7199245082393633,0,2.0,0.3,1.0,0.6,85.0,3.0,8.010679091540155,1.0648131291569318,1.0,26.548819096955537,0.0,do(snr=4)
0.5573949589091333,-9.073097099128953,0.7780224275857559,0.6462630403335449,4.0,33.63036016489111,235.72275528715517,-0.10775917893477012,1.0,-0.10306374237259844,-16.121997578071795,0,2.0,0.3,1.0,0.6,68.0,3.0,6.138830902053613,2.389424487116098,1.0,28.475526526714326,0.0,do(snr=4)
0.7430954485176099,-6.4068641193952445,-1.1921189527112876,1.1733960972297235,4.0,79.09866206523328,177.08873880322196,-0.31764419376162845,1.0,-0.006057847683018765,-17.10874289812421,0,2.0,0.3,1.0,0.6,57.0,3.0,4.6578690235043965,10.583841929815227,1.0,40.39467917064033,0.0,do(snr=4)
0.36794327212079714,0.8132183833659089,0.5542166498921172,0.5604054926096893,4.0,168.43211803464672,272.0439040915138,-0.14578599944612475,-1.0,0.09129556205368042,-3.4260143170450292,0,2.0,0.3,1.0,0.6,77.0,3.0,6.876448618525976,0.9868119957716918,1.0,26.435362902940643,0.0,do(snr=4)
0.36499511192835965,5.773891367068488,-1.0233411670891153,1.1419292443358888,4.0,139.32775719008515,236.80412978157545,0.7597573242934447,-1.0,0.005552305650819036,2.633478880259977,0,2.0,0.3,0.10009874151615959,0.6,77.0,0.11112146474069214,9.054652266460067,0.5421708536572184,0.00010039555144303325,2.677583868699673,9.05374321965265,do(snr=4)
0.7667529631119828,6.386268426711674,0.17356171783205843,1.1346245402207795,4.0,165.09802414522838,245.87885418326096,0.021908756263445708,-8.0,0.07653866345883652,-4.812745837786957,0,2.0,0.3,1.0,0.6,47.0,3.0,4.119580430793153,10.316525138951361,1.0,40.005854747565614,0.0,do(snr=4)
0.516388629696309,-12.985756701116212,0.9414219510466263,1.1913330732334904,4.0,47.62781003108015,41.393482145496876,-0.011796490636217766,-4.0,-0.2045752144774774,-18.77341703371074,0,2.0,0.3,1.0,0.6,66.0,3.0,6.0051332739621985,5.735609563118056,1.0,33.34270481908081,0.0,do(snr=4)
0.4921373102194931,5.298849193829423,-1.1406472845138305,0.7079858272434182,4.0,109.9334233409451,39.1202756236922,0.11246118106281378,1.0,0.0034087092063338972,-0.1726602251130766,0,2.0,0.3,1.0,0.6,72.0,3.0,5.899725787410016,4.544141586409869,1.0,31.609660489323446,0.0,do(snr=4)
0.6089372361636034,-7.404115849938944,1.310438455186293,1.6195626096171432,4.0,12.469981410878825,237.29525693384088,-0.10253473033893748,-5.0,-0.11614063353898274,-15.25389564022155,0,2.0,0.3,1.0,0.6,59.0,3.0,5.462820671581203,14.500411918255722,1.0,46.09150824473559,0.0,do(snr=4)
0.8456676989084027,0.7233997760538573,-1.2799257764630239,1.8421554693383204,4.0,6.910965321139485,104.41311522653189,-0.01577128577115249,-4.0,-0.013697428046179561,-10.97519011063937,0,2.0,0.3,1.0,0.6,46.0,3.0,3.7414327655041486,16.61175568273215,1.0,49.16255372033767,0.0,do(snr=4)
0.4940278047734897,-4.659455025731421,-0.9940318624059414,0.9550283040213904,4.0,83.31530525598262,183.4471140467872,0.06589641728561943,-4.0,0.03407336363408041,-10.524454548252814,0,2.0,0.3,1.0,0.6,67.0,3.0,5.532702862674795,8.65320380742712,1.0,37.58647826534854,0.0,do(snr=4)
0.791924199091071,-5.1780010003945875,0.8824963048733068,0.8184155580467041,4.0,137.56178706305644,64.95254346082373,-0.15596293179048462,-1.0,-0.054584656839716895,-16.501571320461768,0,2.0,0.3,1.0,0.6,53.0,3.0,4.8087348387566875,7.33161575453178,1.0,35.66416837022804,0.0,do(snr=4)
0.11500352273645656,-4.638847974966662,-0.2678906007574557,0.5323355863110645,4.0,78.77893299084113,191.78976326665736,-1.1011307495572054,7.0,0.057223732749404725,-4.847102212948866,0,2.0,0.3,1.0,0.6,100.0,3.0,8.57326132518814,0.3628110531199873,1.0,25.527725168174527,0.0,do(snr=4)
0.8758896971264348,3.738980961389373,-0.18316279496846583,0.760167268916097,4.0,197.912412556759,284.33394830107056,-0.2953497158694163,4.0,-0.11011225524354587,-9.886771586445658,0,2.0,0.3,1.0,0.6,53.0,3.0,4.563339270868986,6.750397346724222,1.0,34.818759777053415,0.0,do(snr=4)
0.3946746732152327,-1.8836465780710965,-2.5897194713309495,0.5169699118398011,4.0,68.56059635614714,35.799416748713746,-0.23339072316575343,1.0,0.07014209121296026,-5.774405994147829,0,2.0,0.3,1.0,0.6,78.0,3.0,5.900284035715842,3.380839296764965,1.0,29.91758443165813,0.0,do(snr=4)
0.45155089544057014,10.024307091472886,0.024620225966391143,0.8905723913990753,4.0,100.16353215709289,142.95396801244192,-0.4112473584975455,-2.0,-0.08939564317882964,4.472280840362115,0,2.0,0.3,0.002372343525020068,0.6,71.0,0.0023779848904028717,8.953818820194892,0.34617315019588757,3.1674551870253254e-11,1.5225484612263323,8.953818819911284,do(snr=4)
0.8286879681512559,-6.812748770708347,0.9397205250839455,3.4496793999717537,4.0,158.10145065008376,230.08810101192947,0.3729522642381987,1.0,0.07711301966490737,-18.729289511567714,0,2.0,0.3,1.0,0.6,52.0,3.0,4.73093272001207,31.210469604409955,1.0,70.39704669732356,0.0,do(snr=4)
0.4257471652854304,-2.088502183125017,-0.7895311720355951,1.6591050724526917,4.0,183.225480264249,58.75600640455252,0.5925952915523206,1.0,-0.043814163080131724,-6.177055868519228,0,2.0,0.3,1.0,0.6,76.0,3.0,6.343429292985763,4.646441221698948,1.0,31.758459958834834,0.0,do(snr=4)
0.4999815712002644,-1.526906955699981,0.38011228866688307,1.7104560746075708,4.0,149.78978721392912,87.61176611445022,0.019544675693386106,5.0,0.047555004012851426,-7.530487931871487,0,2.0,0.3,1.0,0.6,76.0,3.0,6.7296536302163465,3.173863283745749,1.0,29.616528412721088,0.0,do(snr=4)
0.5309852938552896,-10.901756438943593,-0.8357366156769319,1.285907139531486,4.0,104.75062137919734,157.20554748612014,-0.27965091253514596,-10.0,0.025959492513347206,-17.80124525975466,0,2.0,0.3,1.0,0.6,59.0,3.0,4.9126597930709535,11.631271426784998,1.0,41.91821298441454,0.0,do(snr=4)
0.6917961969899372,2.417816619742963,2.2344854398878056,1.313007709005629,4.0,66.5643048940767,44.94767014926287,0.5726323601595646,-5.0,0.12789294045880853,-6.044135054064462,0,2.0,0.3,1.0,0.6,54.0,3.0,5.216670308034366,11.977787514234599,1.0,42.42223638434123,0.0,do(snr=4)
0.41722828072328777,4.483146062210931,0.05094408018703536,0.621333518510179,4.0,76.24781333006742,202.92375102821515,-0.3444607243227259,0.0,0.07724507534708147,-0.41980827371809304,0,2.0,0.3,1.0,0.6,75.0,3.0,6.533842122681637,1.4684698620145367,1.0,27.135956162930235,0.0,do(snr=4)
0.7846884436239008,7.973351461661284,-2.928111711656122,0.6135293542424524,4.0,76.00229673215291,233.73044900070656,0.48020286339236284,3.0,0.00048470330522927047,-2.7741081164840953,0,2.0,0.3,1.0,0.6,57.0,3.0,4.227941437478817,5.537587125343357,1.0,33.05467218231761,0.0,do(snr=4)
0.6220183847861821,16.83351074560939,0.851393385278099,1.5679841847197429,4.0,47.70852229610963,55.89700760661342,0.32755826764420976,2.0,0.03647048371449636,9.427124258978008,3,4.0,0.37,0.026567563307923647,1.48,65.0,0.027292151055253205,20.976119943362306,0.10952546210175387,4.982036403422541e-07,1.3776469714991222,20.97610949298299,do(snr=4)
0.930648688339398,0.6097733502801298,-3.7683026474892047,1.0168950008011248,4.0,136.72085979958837,210.3580380024491,-0.6695591427271991,4.0,0.10176490428719137,-14.086629007785486,0,2.0,0.3,1.0,0.6,50.0,3.0,3.526196321407517,9.279242286517336,1.0,38.49707968947976,0.0,do(snr=4)
0.5453187318624338,-2.89144456257773,2.8563498690914892,0.611681160604054,4.0,187.06871697799508,258.5722812753079,0.23619793161366198,1.0,-0.0697806079619027,-9.96858745305554,0,2.0,0.3,1.0,0.6,69.0,3.0,6.852176060754531,0.9287439073988014,1.0,26.35090022894371,0.0,do(snr=4)
0.5882404082006096,-5.580639141430169,1.3036576583477082,0.633522110123167,4.0,192.72696240480445,253.10391746821648,0.2320044202205755,-3.0,-0.12456732360076522,-13.439777017204978,0,2.0,0.3,1.0,0.6,62.0,3.0,5.73876460782801,5.592969720260811,1.0,33.13522868401573,0.0,do(snr=4)
0.15642025360853085,-5.309241738053373,-0.5871160776662201,1.5344770150741407,26.0,180.76978871743975,229.65245265960547,0.08917886426639905,-6.0,-0.13760909062777965,16.531300381320687,7,6.0,0.55,0.05176802145580589,3.3000000000000003,84.0,0.05458668407381148,56.04424948324038,0.0,7.182014328810382e-06,1.4366934725904918,56.04384697263754,do(snr=26)
0.711339302345598,-12.354949110198337,-0.839110061027038,0.9606076014792356,26.0,164.17205980737774,279.8609347007691,0.4637939111515079,-4.0,0.18073886776267484,-0.16619012571965974,0,2.0,0.3,1.0,0.6,54.0,3.0,4.495541211888691,8.850222471112767,1.0,37.87305086707312,0.0,do(snr=26)
0.8634584067968715,0.3624199004296939,1.0390811264189412,0.7568533943877706,26.0,149.57327786342293,126.65348016082984,0.2635890303371369,-2.0,0.046534952079067306,9.951830547481569,3,4.0,0.37,0.010170491792187375,1.48,47.0,0.01027498271999928,15.342876903854537,0.12233653796547017,1.0699606756148228e-08,1.2601439169824962,15.342876739691787,do(snr=26)
0.6350296196292464,-0.3156345504805842,2.011895686500672,1.514431653439632,26.0,150.09693652964953,177.90265263820922,-0.2664572486213408,-2.0,0.07878200709313277,12.736299512468449,5,4.0,0.6,0.027006581870479496,2.4,61.0,0.027755634732866432,33.69639631908188,0.10289038540960947,5.31959393312853e-07,1.371703820276909,33.696378393967336,do(snr=26)
0.7021547039415629,-0.48128529266971043,-1.939399064361985,1.0792282872190322,26.0,194.15173976188728,145.47630886196134,0.3466866235101213,-1.0,0.11819507214880727,11.930102857152587,4,4.0,0.48,0.015625,1.92,58.0,0.015872955322265625,21.067738371535928,0.16796479960157856,5.960464477539063e-08,1.3712960783622392,21.067737115800867,do(snr=26)
0.23955514718326376,5.1871615334817855,-2.3260781535704447,1.1082940315593293,26.0,131.07755142161542,204.90178203627838,0.718621225277668,2.0,0.10702816506494457,26.346263720222005,11,6.0,0.93,0.046875,5.58,88.0,0.049175262451171875,90.4580821369559,0.10920937919322116,4.827976226806641e-06,1.5522521057086058,90.45764540748581,do(snr=26)
0.6970687827461465,0.31301879789742604,1.2351313790800074,0.52897381570424,26.0,80.52575187391601,220.91238593227212,-1.3388787376493945,-7.0,0.16596831697090958,11.3279278560183,4,4.0,0.48,0.017486314783679985,1.92,52.0,0.017797432799931342,22.20194229092455,0.18754435058311208,9.349602958508285e-08,1.4151712450657956,22.201940215131096,do(snr=26)
0.30366332424872294,-3.8538661108321755,0.7122773004102226,0.6310847268554698,26.0,125.37209287879236,35.942163747093936,0.03992065012384425,2.0,0.1744705108994396,15.956763065329937,7,6.0,0.55,0.05679384652386529,3.3000000000000003,84.0,0.060202578407521135,59.74562818081469,0.17741569317708594,1.0404114761830563e-05,1.7396798173359305,59.74500658044258,do(snr=26)
0.6974596267755362,-7.458879814452578,1.847382293798998,0.6444832848077967,26.0,13.505113385033884,195.6223591412844,0.160820172272522,-3.0,-0.09884996425894609,5.4307862735529255,1,2.0,0.44,0.03125,0.88,56.0,0.032257080078125,11.250274344040863,0.05182994952745516,9.5367431640625e-07,1.3334456581194802,11.250263614943169,do(snr=26)
0.6170481895338161,8.994966827190378,-0.8831865362453473,1.2165165528659476,26.0,23.573444521764934,164.3258969319881,0.3708770051028394,3.0,-0.12227606654092071,23.545364936224022,10,6.0,0.85,0.0625,5.1,67.0,0.066650390625,67.90933166356326,0.0,1.52587890625e-05,1.533203125,67.90829544939604,do(snr=26)
0.8941208067444736,6.586829771277448,2.734266741947276,1.458904887528285,26.0,24.529449709273553,230.90948726727333,0.03664803748667873,-7.0,-0.10461089028494341,15.68048514419014,6,4.0,0.74,0.0546875,2.96,41.0,0.05784177780151367,28.72063354832543,0.0,8.944422006607056e-06,1.4627342224121094,28.720376658858676,do(snr=26)
0.730695943918767,3.2009277515543033,-1.3434100828218083,1.3792562053845465,26.0,26.54905164189638,271.5265172266488,-0.45144493457561546,-4.0,0.13487793318572203,14.669721404496205,6,4.0,0.74,0.078125,2.96,53.0,0.08470535278320312,30.346306979418745,0.16254560632877157,3.725290298461914e-05,1.9140727951074745,30.345176491388898,do(snr=26)
0.33530695042272796,-10.533806009742012,2.1224231789857746,1.0255389521574838,26.0,180.692938682894,208.7945747840498,0.3743633726885155,-2.0,-0.18970343920842847,8.409876907490176,3,4.0,0.37,0.07765058608383679,1.48,78.0,0.08414840262662221,26.48078422972746,0.0,3.635623919051589e-05,1.6731872210129777,26.47982148800205,do(snr=26)
0.3104975845642074,-11.596186755978529,0.9235499719482685,1.0517520474246438,26.0,163.94074753352064,48.5694019834681,-0.24110398626976498,3.0,-0.05164173705142945,7.645190880255798,2,2.0,0.59,0.0546875,1.18,84.0,0.05784177780151367,21.589081242777347,0.0,8.944422006607056e-06,1.4627342224121094,21.588888140923977,do(snr=26)
0.4290080178255066,-10.440160002291087,-0.7071520907543419,0.9860804709363746,26.0,122.54936556919587,133.34423781776493,-0.30362843463337824,-4.0,0.011635397067923412,6.468020611411387,1,2.0,0.44,0.0078125,0.88,71.0,0.007874011993408203,12.641948514248336,0.17682283175746116,3.725290298461914e-09,1.3201889421399364,12.641948467153407,do(snr=26)
0.8056235594599296,-3.2632610821432904,-1.8594169285351705,1.0935978314006642,26.0,104.77217067065737,146.37497420544838,0.44396354041509645,-4.0,-0.056968399425240596,7.642126269489258,2,2.0,0.59,0.0546875,1.18,49.0,0.05784177780151367,10.918596731608902,0.22260726581549714,8.944422006607056e-06,1.7865266090528324,10.918499071072015,do(snr=26)
0.9665986959020607,7.105204785104694,-2.0194518710251996,0.895511465554649,26.0,123.26447224906443,54.56763063472823,-0.08930900491575944,-4.0,-0.1580074125533084,14.786447116841025,6,4.0,0.74,0.078125,2.96,39.0,0.08470535278320312,21.521138651823097,0.0,3.725290298461914e-05,1.677642822265625,21.52033692693278,do(snr=26)
0.09872587062032553,2.8307459338380276,0.13515133990373746,0.8975781638771342,26.0,50.89519052478176,230.7432979976732,-0.09620576809154663,-0.0,-0.13528696756053354,25.970416313632118,11,6.0,0.93,0.06158157801151187,5.58,94.0,0.06560740401058715,109.81286009677714,0.0,1.4381469135460456e-05,1.5248592320846972,109.81128082651898,do(snr=26)
0.43663933763968077,-0.7904041635093165,0.3612978902715488,1.097554688917919,26.0,97.28560569027243,286.0969150448485,-0.35472521459200446,1.0,0.10047235031216994,15.725634484419668,7,6.0,0.55,0.09651907136781782,3.3000000000000003,75.0,0.10673416752786163,52.08011375439346,0.10731539039446657,8.678657296246062e-05,2.0099684535239355,52.07559389980122,do(snr=26)
0.47635151688211597,0.2789310183530347,-0.7010567015515499,0.8822446442238177,26.0,198.1721020483142,246.44621904227853,-0.26836469894386156,7.0,-0.07296347246419227,15.931113810622927,7,6.0,0.55,0.061202312176632745,3.3000000000000003,79.0,0.06517728210173686,52.316485488024206,0.0,1.4030440910861586e-05,1.5214182568138948,52.3157514646659,do(snr=26)
0.816185182027734,1.7138358800716287,-0.7125468822493786,1.3186158716657082,26.0,108.94714018040773,295.67213911710934,-0.38766203803763066,-1.0,-0.07717840148630167,11.309549365935718,4,4.0,0.48,0.01777347869122034,1.92,51.0,0.01809498981651501,19.776908354255617,0.0,9.979062698395325e-08,1.14475991853212,19.776906380705533,do(snr=26)
0.36878033256308407,-4.262214945989003,1.8790507649859645,1.4206966848815181,26.0,42.70430159241228,103.07025616563887,-0.08271459231612859,1.0,-0.1097065898966269,14.35171848691458,6,4.0,0.74,0.078125,2.96,79.0,0.08470535278320312,53.04607791278024,0.0,3.725290298461914e-05,1.677642822265625,53.044101792386044,do(snr=26)
0.3892608592178692,-0.6884353002794155,1.1236375867979302,1.5351125146451599,26.0,27.924848599406154,210.77516084250564,-0.12295758454283269,1.0,0.15707860635755846,17.34991490676486,7,6.0,0.55,0.01934697705040689,3.3000000000000003,78.0,0.019728524251720274,56.922406045618175,0.16501092137758816,1.4010462301428106e-07,1.3978440796538905,56.92239807052594,do(snr=26)
0.03769208232477951,10.335748939894968,-0.4088287627468449,0.7935743889699863,26.0,16.410722890295755,245.93914167410117,0.14072220965393395,-2.0,0.1911010474267309,34.9721943870278,11,6.0,0.93,0.015625,5.58,95.0,0.015872955322265625,108.78642435708954,0.19216927819140514,5.960464477539063e-08,1.4065025926747143,108.78641787291336,do(snr=26)
0.6674369628311894,-2.506057547111446,-1.1993495606137567,0.7928141130853505,26.0,43.02307730825464,220.63595392432137,0.9106189170027423,-3.0,0.0225848851829809,11.460197580507796,4,4.0,0.48,0.015625,1.92,58.0,0.015872955322265625,21.931008059101387,0.055861868785222986,5.960464477539063e-08,1.2082372699020858,21.931006751911443,do(snr=26)
0.4633463893338284,6.495774550661013,0.017103892036961395,0.9268897450027779,26.0,136.01120969981068,183.73476108811508,0.26129366128520576,4.0,-0.08584171213520964,23.19558834795373,10,6.0,0.85,0.0642768881212532,5.1,77.0,0.06867396761033755,81.69596740035847,0.0,1.706944384793907e-05,1.5493917408827005,81.69457289563033,do(snr=26)
0.24394386709174648,-2.1353959815717007,-1.3115404841325473,1.012877771779242,26.0,170.37489857066345,239.96501094462303,-0.8622174471662877,1.0,0.08243301237885282,17.187761845150057,7,6.0,0.55,0.024414260225869455,3.3000000000000003,86.0,0.025024868597038563,55.48147800682986,0.08795754200842025,3.552828772290795e-07,1.328137191697647,55.48145829521072,do(snr=26)
0.38887238613806036,-6.882592002930073,0.5957291632189216,1.593778936718316,26.0,81.31627521252622,138.12385047700138,-1.1605335333085534,0.0,0.06342034369011819,10.027232447373509,3,4.0,0.37,0.007814182420564253,1.48,77.0,0.007875721012751063,24.61535804823197,0.11465158417788762,3.728500286293013e-09,1.2297717087243905,24.6153579564536,do(snr=26)
0.8971887027315942,9.312622620498658,1.0384259107876683,0.8134823795611307,26.0,27.649089094356516,124.84788566430288,-0.9486713459427648,3.0,-0.019853481232847237,17.570883276912003,7,6.0,0.55,0.012441715483308635,3.3000000000000003,50.0,0.012598437698801724,36.38032260626704,0.0,2.3961889583645757e-08,1.1007875015904138,36.38032173452577,do(snr=26)
0.5452384858482613,4.39304410538605,-3.1394419515674814,2.2499884335535367,26.0,111.08772354403727,211.21249863770592,0.44905456412469685,1.0,-0.13438410156363959,19.833724585178253,8,6.0,0.65,0.01727074356785535,3.9000000000000004,69.0,0.01757417364416742,47.51509401680296,0.0,8.897011327668736e-08,1.1405933891533393,47.515089789379665,do(snr=26)
0.8478811850303317,-14.0,1.2808028788934953,1.190636851768985,27.008824059923075,194.6674657089204,192.5192807156275,-0.42890203528647564,-8.0,-0.07920051238790236,-4.080895884282279,0,2.0,0.3,1.0,0.6,42.0,3.0,3.8833796150035993,10.666297074827177,1.0,40.51461392702135,0.0,do(shadow_fading=-14)
0.8142169579417837,-14.0,-1.1724872295401374,0.8070835905825751,11.02875447347915,23.790334392957035,296.6823014853948,-0.5585123167082087,-5.0,0.19855415007548358,-19.134806034960675,0,2.0,0.3,1.0,0.6,47.0,3.0,3.8447079526435615,7.482483555083216,1.0,35.88361244375741,0.0,do(shadow_fading=-14)
0.37743422365689283,-14.0,-1.774705274369718,2.1827248398825776,20.046554756601275,152.71494494709987,164.15262362791373,-0.6461896484015329,2.0,0.06103181383033923,-2.6227551054281015,0,2.0,0.3,1.0,0.6,80.0,3.0,6.33486106325356,6.30330934106112,1.0,34.168449950634354,0.0,do(shadow_fading=-14)
0.3956303683526119,-14.0,1.3764380154347202,1.1273776081931912,19.9900323368765,163.20594329214498,171.31327812642382,-0.8234956025097796,-1.0,-0.1882915109574939,-3.228889791060442,0,2.0,0.3,1.0,0.6,76.0,3.0,7.058647256406997,1.3615791931957844,1.0,26.980478826466594,0.0,do(shadow_fading=-14)
0.7577777968183116,-14.0,-0.012697012297022305,1.0022179094362171,4.5361740822545675,30.809096011449686,55.24609517833964,0.0417587247819639,-5.0,0.12962594020184467,-23.509621760490557,0,2.0,0.3,1.0,0.6,51.0,3.0,4.428910655137218,9.174642572863696,1.0,38.3449346514381,0.0,do(shadow_fading=-14)
0.6145524238877007,-14.0,1.184502476342909,0.9575265185659793,27.107940904249794,181.88058164445093,242.3392042679959,0.9385039335636444,-2.0,-0.012450760016068065,1.5267885527881977,0,2.0,0.3,0.8711218893305253,0.6,62.0,2.291028995955281,6.158329834600577,3.5597816884665026,0.5758584008428249,24.506096241775346,2.6120038641848304,do(shadow_fading=-14)
0.5071010021584619,-14.0,1.327670122468963,1.6425766378641986,8.279977167412389,72.73751792007319,116.14444130149529,0.23715387424373693,-2.0,0.04718325931534671,-15.449776023205258,0,2.0,0.3,1.0,0.6,68.0,3.0,6.301223365838417,4.968060649514563,1.0,32.22627003565755,0.0,do(shadow_fading=-14)
0.36881946397765325,-14.0,-0.6529379907128016,0.7000200951166174,23.632953858695295,45.5004740991749,35.23675971609458,-0.666915312371258,-6.0,0.01679783518235375,1.8825813258483808,0,2.0,0.3,0.5933567032364234,0.6,72.0,1.1543332669215383,7.480567192543457,0.7314287199411824,0.12395481801157948,11.298562455286753,6.553314847568341,do(shadow_fading=-14)
0.49729295823843195,-14.0,0.3754957697672965,2.23343007661733,11.100091603512789,195.82341441111677,212.53284284335825,0.24885104359558033,-3.0,0.17966588528158392,-13.042301846236542,0,2.0,0.3,1.0,0.6,68.0,3.0,6.019905095012628,10.972960345639807,1.0,40.9606695936579,0.0,do(shadow_fading=-14)
0.5699113080104247,-14.0,-0.21721363584880393,1.3151887119351868,6.93542643170605,87.20148373079662,259.6374234330073,-0.43555399948923357,7.0,-0.053973938151780504,-18.94944430824832,0,2.0,0.3,1.0,0.6,73.0,3.0,6.274554102671127,4.039092828868019,1.0,30.87504411471712,0.0,do(shadow_fading=-14)
0.22320637806486296,-14.0,5.007044800326436,1.4561645616954986,18.42065066685954,92.93353349639004,66.98170389060459,-0.45013612221061666,4.0,0.08315283494161618,-0.8171282338383681,0,2.0,0.3,1.0,0.6,91.0,3.0,9.887268126915272,0.5908857892756306,1.0,25.859470238946372,0.0,do(shadow_fading=-14)
0.2984063734232221,-14.0,2.859708926968597,1.4785345260191525,2.077937234586722,46.860001475105626,225.96804111902648,0.3587986515196561,-2.0,0.17812524177150585,-17.89369180540224,0,2.0,0.3,1.0,0.6,80.0,3.0,7.9457195166842585,1.3288911150069975,1.0,26.93293253091927,0.0,do(shadow_fading=-14)
0.8031236316539334,-14.0,-2.725706448191648,0.42637229039773183,24.187792301458156,139.20299062846703,32.624910592788034,-0.5895548438768597,1.0,-0.08694571533988281,-5.6500463370675345,0,2.0,0.3,1.0,0.6,54.0,3.0,4.0529066664311735,3.7610642054996433,1.0,30.470638844363116,0.0,do(shadow_fading=-14)
0.45292090839265603,-14.0,0.02358180801027544,1.3149980257883254,13.984484008921974,132.40988521270285,124.53764252005433,-0.08056874621650507,6.0,0.008502923167440172,-9.323779734943846,0,2.0,0.3,1.0,0.6,79.0,3.0,6.8729218385149755,2.116321685321634,1.0,28.07828608774056,0.0,do(shadow_fading=-14)
0.5408420837842635,-14.0,-1.009846408148899,1.5467437716917305,10.329658777360203,31.27530640411256,108.57768872706271,0.13074161230359232,2.0,-0.17219658073575983,-13.89528883714494,0,2.0,0.3,1.0,0.6,70.0,3.0,5.775626023452644,13.787165958782095,1.0,45.054059576410324,0.0,do(shadow_fading=-14)
0.8312952634286874,-14.0,-2.490799801786915,0.5813785275328176,23.0108559874979,122.73514251158461,258.85452150223654,0.12837849585285255,-2.0,0.06171881375203954,-7.139104497958191,0,2.0,0.3,1.0,0.6,49.0,3.0,3.7276483456471574,5.3086600247357145,1.0,32.72168730870649,0.0,do(shadow_fading=-14)
0.38877012604649525,-14.0,1.1215934328723545,2.0566467834186617,9.952236569851305,158.29547907639423,147.5690302880979,-1.0643956376980304,1.0,0.0958497468275095,-13.317664873450354,0,2.0,0.3,1.0,0.6,78.0,3.0,7.158035181319638,2.7168527823571638,1.0,28.951785865246784,0.0,do(shadow_fading=-14)
0.2885377814409142,-14.0,1.2074789053696073,0.7531278846844046,13.103554908816022,155.62845997977306,91.85012570682113,1.3114005438730718,3.0,-0.10839361672499925,-5.831740730014201,0,2.0,0.3,1.0,0.6,86.0,3.0,7.92428418684776,0.4845597512836296,1.0,25.70481418368528,0.0,do(shadow_fading=-14)
0.1163974711616101,-14.0,-1.7782126358800696,0.8696431126384776,14.724978580443185,132.76270170548344,56.57497583059635,0.45347605150714465,3.0,0.06166392034950691,-1.7848712598756293,0,2.0,0.3,1.0,0.6,96.0,3.0,7.600370343323955,0.8856233208115833,1.0,26.28817937572594,0.0,do(shadow_fading=-14)
0.26635025936668927,-14.0,2.6194340888059156,0.6570975209880462,12.01237431200346,126.49174330555918,246.2289997255868,0.15062785450522423,-1.0,-0.06170352416571126,-7.937722358449003,0,2.0,0.3,1.0,0.6,83.0,3.0,8.157035920714906,0.39685567637248154,1.0,25.577244620178156,0.0,do(shadow_fading=-14)
0.8659803751887178,-14.0,-1.419226108226401,0.9228297417257861,18.59154069207288,138.21099548793168,105.8664654808762,0.2871668317827102,2.0,0.14400218531845901,-11.75174277010507,0,2.0,0.3,1.0,0.6,51.0,3.0,4.117243207880591,8.472540604393672,1.0,37.32369542457261,0.0,do(shadow_fading=-14)
0.7094860252577803,-14.0,-1.4045910116546247,1.5656944913733062,14.193046767651072,87.95526242454326,119.62038139961169,-0.227926793594638,-2.0,-0.09804225540846187,-13.71482791376154,0,2.0,0.3,1.0,0.6,56.0,3.0,4.524455373164309,14.032350529235613,1.0,45.41069167888816,0.0,do(shadow_fading=-14)
0.5629706126277592,-14.0,-1.7296429391330779,0.7161485664626237,17.360930129890903,176.04505407799707,173.11407185657606,0.10922723147899059,1.0,-0.020839542121963633,-7.975567001788506,0,2.0,0.3,1.0,0.6,68.0,3.0,5.39794549301751,6.4424012702032085,1.0,34.37076548393194,0.0,do(shadow_fading=-14)
0.5829126344329496,-14.0,0.08507579684545374,1.0778212294927372,22.37360735558378,136.96715338051806,57.307088978948514,-0.2662894678480334,3.0,-0.10618344404692724,-3.2688865554045616,0,2.0,0.3,1.0,0.6,69.0,3.0,6.021367206130151,5.086636847569105,1.0,32.39874450555506,0.0,do(shadow_fading=-14)
0.3622374077691684,-14.0,1.7284301273533063,1.598408834848661,25.856960696461854,145.3626616776406,143.53935837982937,-0.22998653669905925,1.0,-0.048164524523400594,3.9455809808867275,0,2.0,0.3,0.0078125,0.6,79.0,0.007874011993408203,10.801482024532575,0.3740202958608951,3.725290298461914e-09,1.6070216171994767,10.801481984293918,do(shadow_fading=-14)
0.6122764140235155,-14.0,1.3173354209912598,1.0892459328551307,10.087395580682182,162.90509349026368,148.53358511132248,0.5358517780091813,0.0,0.0847027606032329,-15.620375468461553,0,2.0,0.3,1.0,0.6,64.0,3.0,5.927689408099087,6.583117054152827,1.0,34.57544298785866,0.0,do(shadow_fading=-14)
0.4575734862735865,-14.0,-3.35481015263048,0.5830203188646207,15.469724348612345,33.088753041169134,274.04110120071675,0.0919743495255845,6.0,0.05322850022457425,-7.642097107198341,0,2.0,0.3,1.0,0.6,79.0,3.0,5.713317922093662,5.314986877977772,1.0,32.7308900043313,0.0,do(shadow_fading=-14)
0.27301154379143816,-14.0,-0.023962902539200248,1.1776943164852611,4.390420729754225,9.750149250767858,78.32402221896056,-0.47549294426321725,0.0,-0.037824126754522534,-15.40019187882246,0,2.0,0.3,1.0,0.6,84.0,3.0,7.290564711707762,1.3266860282424082,1.0,26.929725131988956,0.0,do(shadow_fading=-14)
0.5967552308513988,-14.0,-0.9323158245811647,1.935228145877415,21.091869627114338,27.658215339665464,133.23078922208663,-0.7428499853738934,3.0,0.11634491943030532,-5.057421007244827,0,2.0,0.3,1.0,0.6,68.0,3.0,5.633514414309951,17.581778935973958,1.0,50.573496634143936,0.0,do(shadow_fading=-14)
0.45718158362660427,-14.0,1.6668393646830872,1.1522026740774325,2.136852372792238,106.30060933177796,230.61896045635325,0.7489990602285077,1.0,0.12272641208676434,-20.555858898734535,0,2.0,0.3,1.0,0.6,74.0,3.0,6.966262421941554,1.828858799553107,1.0,27.66015825389543,0.0,do(shadow_fading=-14)
0.46166547274830155,14.0,2.085851778271539,0.9288622036172579,5.147494692184043,54.14273556539073,51.91144665110011,-0.0793740480966157,1.0,0.024069831076613826,10.20471645186817,4,4.0,0.48,0.08924496486762881,1.92,74.0,0.09792043475878134,32.47161196278939,0.040110996713380004,6.343586871782048e-05,1.8417067460169854,32.46955209787586,do(shadow_fading=14)
0.5165827983577257,14.0,-1.184115955776739,0.4340156467305129,26.235350023636524,133.0024655996015,40.76819862177154,0.5127674176385212,1.0,0.014862836509089518,30.642125881318805,11,6.0,0.93,0.015625,5.58,71.0,0.015872955322265625,78.08608932565042,0.016021010206888307,5.960464477539063e-08,1.1502869301517806,78.0860846713568,do(shadow_fading=14)
0.753488632058963,14.0,-1.2539278982858295,0.959513095891195,27.943472676743298,75.88263275409417,295.70453962990285,0.3450416773253446,1.0,-0.1482252449070248,27.52464301382146,11,6.0,0.93,0.046875,5.58,57.0,0.049175262451171875,62.14653395539461,0.0,4.827976226806641e-06,1.393402099609375,62.14623391340609,do(shadow_fading=14)
0.6555658219915941,14.0,-0.8036071393855715,0.7223912653894382,19.710581312439444,152.9107200429972,196.4915075835447,0.14402636320796533,4.0,-0.06690363866557801,20.757912472251736,9,6.0,0.75,0.0668187844025831,4.5,65.0,0.07158186351587825,58.33060951380974,0.0,1.9933992107423748e-05,1.572654908127026,58.32944675190007,do(shadow_fading=14)
0.6132125027823851,14.0,-2.77712771699019,1.2448499534352488,9.33266249707206,133.09103968358627,149.08736126615156,0.1565758553088841,-4.0,0.01969654542297762,11.314305800708519,4,4.0,0.48,0.01769915939789532,1.92,60.0,0.01801796408426825,20.776633418320166,0.07901769467837395,9.813198009744895e-08,1.2590785412972354,20.77663137946799,do(shadow_fading=14)
0.8632789664919562,14.0,-1.1969542463485208,1.4703922221799324,27.893408353667287,31.41149830847663,221.67885576251584,0.23906120921389365,0.0,0.012693078058075258,25.722153964819903,11,6.0,0.93,0.07709797481227532,5.58,49.0,0.08350035042873971,53.31409030117493,0.021417379832816857,3.533229770669166e-05,1.699155355914015,53.312206591864445,do(shadow_fading=14)
0.6587503100762517,14.0,1.0796717008855663,1.066405339605374,3.7412323237010745,168.67983393221573,172.5477932679555,0.7168675591357337,2.0,-0.04997166862043087,5.3090465845876125,1,2.0,0.44,0.03125,0.88,63.0,0.032257080078125,12.2118108862709,0.1468160146672868,9.5367431640625e-07,1.471607207413781,12.2117992401805,do(shadow_fading=14)
0.7980151133225856,14.0,1.2725412964189877,0.8282174687036472,12.256291158789466,47.77258541941743,252.38330370300653,-0.2738844927653193,2.0,0.029337773444787357,10.609587074752062,4,4.0,0.48,0.055074836945789796,1.92,55.0,0.05827512968019109,23.382600180799948,0.05929601369471197,9.200530729946976e-06,1.5524497846338372,23.38238504846844,do(shadow_fading=14)
0.672585286987986,14.0,2.394187951810479,1.287690245096845,24.27581098783622,154.1742003998113,223.3727045517051,-0.6383379680774106,-3.0,-0.05781474179876909,24.180749891255708,10,6.0,0.85,0.041090718748659716,5.1,57.0,0.0428485454236139,67.91836909621118,0.0,2.8508538366667224e-06,1.3427883633889113,67.91817547086806,do(shadow_fading=14)
0.4353910102539359,14.0,-2.7880056343364075,2.0649805533012153,10.650279402826868,183.05181932501014,242.99558660142773,-0.2212534622921852,2.0,-0.09984225819027714,15.130178652414866,6,4.0,0.74,0.06326151073868094,2.96,76.0,0.06751670323117759,40.24849083951947,0.0,1.6016154002818084e-05,1.5401336258494207,40.247846213491805,do(shadow_fading=14)
0.2273147224640749,14.0,0.7907662067913098,0.6432762977402869,7.5661432406292395,108.56369719338022,78.26208842519381,-1.387782885196794,-1.0,0.021680629614887786,15.222851354512033,6,4.0,0.74,0.05891747782787626,2.96,85.0,0.06259326544722298,54.414152243779206,0.02533612748003302,1.204970981438791e-05,1.5375986726396502,54.41349656903487,do(shadow_fading=14)
0.32225116534151843,14.0,-1.1100503228900689,0.832370142123118,8.438898080251327,84.77046597772977,93.48620322159962,0.533256975543709,2.0,-0.033751554744162166,16.3478747147213,7,6.0,0.55,0.0546875,3.3000000000000003,83.0,0.05784177780151367,53.859253527619316,0.0,8.944422006607056e-06,1.4627342224121094,53.8587717877268,do(shadow_fading=14)
0.2848168236157246,14.0,-2.2898924268002006,0.6249983980017243,27.123710265359563,187.7698505365245,59.115392155812096,-0.28143936574523004,5.0,-0.09403246903737444,34.68508098857729,11,6.0,0.93,0.015625,5.58,88.0,0.015872955322265625,91.09500579525186,0.0,5.960464477539063e-08,1.126983642578125,91.0950003655664,do(shadow_fading=14)
0.49889368740336404,14.0,-1.8266566317945938,1.01642131518909,7.006307085763951,158.23251632535028,192.4813057798205,-0.22317248731535186,-2.0,-0.07474843568424508,10.499375121373046,4,4.0,0.48,0.06540720757507257,1.92,69.0,0.06996512913588938,25.017296798735288,0.0,1.83021635911107e-05,1.559721033087115,25.01683892807667,do(shadow_fading=14)
0.60173153289389,14.0,0.05191532986223106,0.6014315349238539,25.718217995342407,163.6374797001191,50.29622039763408,0.5231332965984005,7.0,-0.04860447823727695,28.475782466192367,11,6.0,0.93,0.0234375,5.58,72.0,0.023999691009521484,84.28518103548724,0.0,3.0174851417541504e-07,1.1919975280761719,84.2851556025591,do(shadow_fading=14)
0.5027913445448362,14.0,0.54328874723898,0.9425805030069702,4.015562988754898,123.97148733951417,83.96728960889988,0.8141740367360916,-1.0,0.04614451089377142,8.846055574744335,3,4.0,0.37,0.05038941938045183,1.48,69.0,0.053056456417476805,21.853823824420136,0.08603479073572717,6.446996235975888e-06,1.5495931651372357,21.8536829329002,do(shadow_fading=14)
0.7951559954582171,14.0,0.25296719301605275,1.4027361042143696,26.357363994413078,131.74985146263705,133.99123665417775,0.8991226501296222,-0.0,-0.15982029684300295,25.84681271937445,11,6.0,0.93,0.06930680265261602,5.58,53.0,0.07444314612217928,62.19641689280292,0.0,2.3072967566428737e-05,1.5955451689774343,62.194981836893206,do(shadow_fading=14)
0.5425654433710825,14.0,0.1495914896978871,0.5651833784713604,8.673888195852236,129.5121740341261,58.445284189218825,-0.5924264035768537,-5.0,-0.09797756659057692,11.450404582705678,4,4.0,0.48,0.015625,1.92,63.0,0.015872955322265625,25.53080575836389,0.0,5.960464477539063e-08,1.126983642578125,25.53080423660928,do(shadow_fading=14)
0.5228098366608989,14.0,0.9648030056696566,1.57724158985471,15.305849842945872,68.95272364501943,188.65871728467226,0.3028080396884021,-1.0,-0.2976322815761401,19.208025100988237,8,6.0,0.65,0.02704729800832434,3.9000000000000004,68.0,0.02779864095993069,58.1361744535251,0.0,5.35174663252036e-07,1.2223891276794454,58.13614334051751,do(shadow_fading=14)
0.19076194755648712,14.0,0.9460617408649613,0.9299353495578192,10.647281391613653,61.668433724308144,78.2598908590619,0.2968171699148934,-7.0,0.003333824853706307,20.83027164667167,9,6.0,0.75,0.06342694810164873,4.5,81.0,0.0677050910478152,79.35985486782035,0.005733424699159503,1.61843499406622e-05,1.5499802552176627,79.35857048015792,do(shadow_fading=14)
0.43605779369316694,14.0,-0.9304627677581017,0.8426125450272347,25.88162864322713,142.62142122989093,266.49474351518046,-0.38068255286712943,0.0,-0.10549266047456661,30.263035334912555,11,6.0,0.93,0.015625,5.58,74.0,0.015872955322265625,82.48264329954849,0.0,5.960464477539063e-08,1.126983642578125,82.48263838319983,do(shadow_fading=14)
0.4957408701280141,14.0,2.731129347451862,2.1036545140194742,6.972018375545341,21.915889283962073,259.038045368117,0.5553122967087702,2.0,-0.07297282403711186,11.723397236930397,4,4.0,0.48,0.015625,1.92,73.0,0.015872955322265625,33.37348805533039,0.0,5.960464477539063e-08,1.126983642578125,33.37348606611549,do(shadow_fading=14)
0.8804000881355694,14.0,-3.6278572726171063,0.8826484272482977,16.862075148923157,171.931625840053,30.733382858018405,-1.081999643459755,-7.0,0.005450285930654043,13.056600912703693,5,4.0,0.6,0.0234375,2.4,41.0,0.023999691009521484,16.855020573075066,0.0752037728730794,3.0174851417541504e-07,1.3013848340733782,16.855015487097653,do(shadow_fading=14)
0.6315284014129042,14.0,0.634039509429383,0.8034089022205487,14.851142385456454,113.51453275575196,51.03838331871624,-0.09826407063872258,1.0,0.2767988517218387,16.600233863604142,7,6.0,0.55,0.04853676447376892,3.3000000000000003,64.0,0.05100692573876266,45.41060769196616,0.2835036600746772,5.5498761195593715e-06,1.8204243660187225,45.41035566871896,do(shadow_fading=14)
0.4605432176016286,14.0,-0.9656796200712934,0.8951537433947365,4.493056897346576,38.79859981427202,234.43166941843273,-0.40215605491759926,-2.0,0.12831112336355263,8.86794182981512,3,4.0,0.37,0.049021528438527806,1.48,71.0,0.05154244282646052,20.840203796092755,0.17066175817896223,5.7749388757688536e-06,1.6605748272356293,20.840083445189673,do(shadow_fading=14)
0.34569533427625354,14.0,-1.8399793258213615,1.1029083836505023,26.714745852265242,37.61658303249067,109.71425873936971,0.43559749506881046,-1.0,0.019762771872903262,34.270130184323286,11,6.0,0.93,0.015625,5.58,78.0,0.015872955322265625,82.79452860339241,0.022369432131014038,5.960464477539063e-08,1.1595209984050545,82.79452366845395,do(shadow_fading=14)
0.8477509812259214,14.0,1.0058944669188157,0.5543619984723208,13.927304694014728,169.51829063005397,164.13487563985254,-0.2981421911110663,2.0,0.1381218274338311,11.093943327628665,4,4.0,0.48,0.02114232303976804,1.92,52.0,0.021598771435668837,21.94978602584522,0.16134375633083187,1.9980705423527922e-07,1.4074719988756517,21.949781640123135,do(shadow_fading=14)
0.7136603923388178,14.0,0.4301625071724403,0.967528386749337,8.658745699408856,118.74138182474269,95.46527559395743,-0.5002991523931102,1.0,0.1339717104939939,8.361181461992404,3,4.0,0.37,0.08069405142744757,1.48,59.0,0.08773102309473196,18.488299185897084,0.1949127495331979,4.2400022104538415e-05,1.9853576386243255,18.487515281602928,do(shadow_fading=14)
0.7936090429934485,14.0,0.4300277726468785,1.0043882699760847,25.207970465784427,98.97190517579028,298.40395342234393,-0.4273560602408632,5.0,0.1843320569726979,23.20167647790203,10,6.0,0.85,0.0638963799994845,5.1,58.0,0.06824000015436818,62.81069300402038,0.18855220583164853,1.6668826144705662e-05,1.8201777551718887,62.809646023498665,do(shadow_fading=14)
0.4500846179809425,14.0,0.4381149657458818,1.1273353597742022,3.860688787229507,193.96766047732703,210.15260082300682,-0.2914057669432289,4.0,0.028551385929802706,8.036739881375674,2,2.0,0.59,0.053862528242689334,1.18,77.0,0.0569199646474073,19.333505453730023,0.09230512514732563,8.416798675914272e-06,1.58962171739355,19.33334272750692,do(shadow_fading=14)
