cell_load,shadow_fading,hw_impairment,traffic_burst,snr,doppler,delay_spread,eps_sinr,eps_sched,eps_queue,sinr_eff,mcs_idx,mod_order,code_rate,bler,se_phy,num_prb,harq_retx,mac_tput,queue_dep,pkt_loss,rtt_ms,goodput,regime
0.1,5.756206307276066,-1.4429534200048542,1.5032032892751799,27.50250145804013,160.09364834750332,130.4673354312991,0.01487775569814254,-0.0,-0.07226649750831378,30.302245021219182,11,6.0,0.93,0.015625,5.58,10.0,0.015872955322265625,10.846748099024005,0.3197675827175871,5.960464477539063e-08,1.5921001265309789,10.846747452507437,"do(cell_load=0.1,num_prb=10)"
0.1,-4.820785914087046,-0.031917315355492124,1.6152271192968959,22.498077300194865,13.997185479938782,54.40795714656712,-0.33917008277302074,1.0,-0.02574886742414567,15.192923360019932,6,4.0,0.74,0.06032035256969345,2.96,10.0,0.0641783758170931,6.146905338250958,6.117975468408495,0.10578656074854764,10.412300415130918,5.496645363270502,"do(cell_load=0.1,num_prb=10)"
0.1,-10.445371333755768,3.1442049952879927,0.8872641313217906,18.05124879374193,33.22482483131592,74.61202368929035,0.1992226470100105,-4.0,0.0482974321693902,5.4765074766651525,1,2.0,0.44,0.03125,0.88,10.0,0.032257080078125,2.1282269833307517,8.055856217348543,0.2633088772671599,12.975665684041063,1.5678459257802568,"do(cell_load=0.1,num_prb=10)"
0.1,-6.135412851548058,0.04698401417621218,1.4661557747646887,19.618080000161218,95.46111677048403,103.02586009787417,-0.2053094070557682,-2.0,-0.0028306419405985644,10.585251521688447,4,4.0,0.48,0.057356295045503713,1.92,10.0,0.06083472718768266,4.004926188445789,13.229225225310707,0.5608583904910269,20.729187236135218,1.7587297323587205,"do(cell_load=0.1,num_prb=10)"
0.1,-7.874027508409819,1.4630360330221666,1.0486124870732993,25.801081520284654,12.34850554302686,137.47052245949516,0.33970644156806534,8.0,-0.0598719257889048,15.883670610126424,7,6.0,0.55,0.0693566122619691,3.3000000000000003,10.0,0.07450058078938235,7.354751991206173,1.102798243490365,2.3139367687496915e-05,3.200074818664681,7.354581806895599,"do(cell_load=0.1,num_prb=10)"
0.1,-3.119175430744126,0.28437389746109815,1.2302201361035578,4.7211279930672925,138.14485153633993,84.07785016526375,0.6843894321787938,-1.0,0.1442951002220267,-0.4917041010227956,0,2.0,0.3,1.0,0.6,10.0,3.0,0.8813210727862408,11.247031828556626,1.0,41.35931902335509,0.0,"do(cell_load=0.1,num_prb=10)"
0.1,2.285586027368544,-1.7256995138239581,0.5703331683192491,3.116777983338145,174.1174986672192,44.18176206771183,-0.5494698631086316,-2.0,-0.07258401683021536,2.1143414595123264,0,2.0,0.3,0.36883907374947605,0.6,10.0,0.555059038100352,1.0627939246055247,5.074672827251002,0.025809282971039238,12.821814598986093,1.0353639754654793,"do(cell_load=0.1,num_prb=10)"
0.1,3.996986096302494,1.505187524855867,0.8975784524072387,17.163989866482616,196.8511235144768,246.61365276188198,0.8363814542743575,3.0,0.0032202821445399725,18.69515623759609,8,6.0,0.65,0.0464934959953065,3.9000000000000004,10.0,0.048755643606220506,8.742437814081542,0.4821409661645907,4.672709840392031e-06,2.091341099634623,8.742396963206339,"do(cell_load=0.1,num_prb=10)"
0.1,-8.700965669335533,-0.6675874935399456,1.4621199325824936,22.62938879914425,124.91375886813779,121.69215146842372,-0.3348827411114797,-3.0,-0.08682426373089064,10.749431350852545,4,4.0,0.48,0.041964436061369514,1.92,10.0,0.04379934991027408,3.871975857488407,13.108808127826101,0.5555349762973594,20.41775207612016,1.7209578412746371,"do(cell_load=0.1,num_prb=10)"
0.1,-5.230548456268346,-1.3505239752771532,1.425072250746232,6.071955165267546,53.26234273164491,199.59820164296113,0.46320963513303265,2.0,-0.032018023647748854,-1.436596873287707,0,2.0,0.3,1.0,0.6,10.0,3.0,0.8102875790051995,12.82925903933698,1.0,43.660740420853784,0.0,"do(cell_load=0.1,num_prb=10)"
0.1,10.252086856563688,-1.4855038321809355,0.8743400489164356,21.54551325131009,108.84317761098339,274.67766578760944,-0.2811324723586596,-1.0,0.07963252265145616,28.42299763504622,11,6.0,0.93,0.0234375,5.58,10.0,0.023999691009521484,10.808732369165503,0.3101002714521586,3.0174851417541504e-07,1.6430524683702208,10.80872910764657,"do(cell_load=0.1,num_prb=10)"
0.1,9.736906708195711,-2.0276525830498118,1.210878669977431,2.313793108201219,30.517812163060775,266.37430778017676,0.5868781136657344,1.0,-0.09327319482119834,9.896127240607376,3,4.0,0.37,0.011911220132005906,1.48,10.0,0.012054787227183422,2.787861726604106,10.834906801725106,0.44205266361972184,16.85630273669035,1.5554800245552842,"do(cell_load=0.1,num_prb=10)"
0.1,3.6306382127940138,1.0892187181078086,1.2826941185454426,11.217512596121688,156.48165826547336,125.5908439734718,0.20280092723212034,-0.0,-0.0008605656689987496,12.10204050122588,5,4.0,0.6,0.08303740108240815,2.4,10.0,0.09050517137746272,5.2433012354287465,11.57545385420361,0.4819030698939447,18.561065158952225,2.7165382736969206,"do(cell_load=0.1,num_prb=10)"
0.1,5.745048976893201,-0.7979789446768953,0.8517369012113076,7.154923421689011,125.53928515889967,235.90432009015325,0.7724615100649787,4.0,0.07241796029081408,10.586524394209574,4,4.0,0.48,0.05723696324664801,1.92,10.0,0.06070054550433731,3.8361985431186008,7.759343493722858,0.2411453956546965,12.771922173086127,2.9111169276282953,"do(cell_load=0.1,num_prb=10)"
0.1,-7.506949432929019,0.0018588515800542263,0.9092261563873444,24.839058250961347,94.49509166628205,49.1170931442191,-0.18312471519229262,6.0,-0.059422417133643025,14.638538972416992,6,4.0,0.74,0.078125,2.96,10.0,0.08470535278320312,6.138582116505985,3.4487625436547287,3.725290298461914e-05,6.694024703945231,6.138353436501935,"do(cell_load=0.1,num_prb=10)"
0.1,-0.4417513247309613,0.348451961084637,0.7188786715172607,19.28904810463426,196.2845352657339,132.356194813089,0.866008627545079,6.0,-0.01518414174605337,16.64327850091318,7,6.0,0.55,0.046519047099907784,3.3000000000000003,10.0,0.04878373707238295,6.99951919888113,1.020746650543164,4.682990104587503e-06,2.87499229736912,6.999486420201984,"do(cell_load=0.1,num_prb=10)"
0.1,-0.0502242702077833,0.7449932967576008,1.5102128632159801,22.57560651925436,36.910284465574385,247.73671811041285,0.14251149084221776,-1.0,-0.04303347818701789,19.922080163477005,8,6.0,0.65,0.015890187656937338,3.9000000000000004,10.0,0.016146697962326383,8.474549356697823,0.863107467761139,6.375527217272747e-08,2.384602627714813,8.474548816400622,"do(cell_load=0.1,num_prb=10)"
0.1,-5.600730597481778,-2.717960911625111,1.4249785317069388,19.925079155776917,54.568550853559415,34.66530154557212,0.1758648694953275,2.0,-0.005055135492842842,12.214338754521387,5,4.0,0.6,0.06373613879724269,2.4,10.0,0.06805734920875885,4.311063912942808,12.855376113162269,0.5441329703772162,20.243187685542463,1.9652719005072135,"do(cell_load=0.1,num_prb=10)"
0.1,6.347673721714184,1.509172273070225,0.9640194833799134,17.20296852662853,28.179024848937896,40.54008524509667,-0.10115604743668817,3.0,0.005843439962664441,21.274013429716955,9,6.0,0.75,0.04262655202140092,4.5,10.0,0.04452102838139217,10.095663500838214,0.3201099526264451,3.3015723543972086e-06,1.8217827035986938,10.0956301692747,"do(cell_load=0.1,num_prb=10)"
0.1,1.2469892039632724,2.290138600341028,0.6608782206715923,16.664221954055407,130.99633111000693,83.30739377061667,-0.15606312344027587,1.0,-0.11272181460584503,15.001507074279248,6,4.0,0.74,0.06929299096378805,2.96,10.0,0.07442722114522979,6.85128674196495,0.9669634229528534,2.305458083451395e-05,3.0019100207296256,6.851128788420937,"do(cell_load=0.1,num_prb=10)"
0.1,0.13647040692216078,0.09631055750027626,1.0569826804392186,15.471633784514204,43.49975773103766,170.1605258438745,-0.32202709930583495,0.0,0.005770556879361722,12.652026184505324,5,4.0,0.6,0.030956894118750966,2.4,10.0,0.03194489031069967,5.040119351514524,9.545039247843302,0.36523780302346875,15.139252573894037,3.1992772325912893,"do(cell_load=0.1,num_prb=10)"
0.1,7.226769405688022,1.9558729816791744,1.1689140504956137,19.921030775791472,29.80334474707762,86.70335212699459,0.45168929834080374,4.0,-0.11971505438930347,25.251026568223747,11,6.0,0.93,0.078125,5.58,10.0,0.08470535278320312,12.702549884582856,0.07352661394713472,3.725290298461914e-05,1.7845906243705483,12.702076677724348,"do(cell_load=0.1,num_prb=10)"
0.1,5.563911499385737,-1.4993048700607927,1.2330403605883649,27.073359092706564,167.6384932115304,187.3375388634903,-0.5924591897641653,4.0,-0.07875325743053126,28.925569995056833,11,6.0,0.93,0.020002368230616796,5.58,10.0,0.020410465807663248,10.806472505993625,0.24647090543016142,1.6007579684007567e-07,1.52178686163245,10.806470776138928,"do(cell_load=0.1,num_prb=10)"
0.1,12.670734986841252,-0.0045746131063649515,0.6813893350648643,16.328263219340595,11.453070354313395,170.16664445519368,0.40595628633934894,1.0,-0.02891619186533753,26.953196485410253,11,6.0,0.93,0.046875,5.58,10.0,0.049175262451171875,11.62953690475941,0.11566128116611074,4.827976226806641e-06,1.5616366903964451,11.629480757631706,"do(cell_load=0.1,num_prb=10)"
0.1,-13.464684616643604,-1.5324516448227887,0.7796466202913851,17.078728776606116,108.35700753189317,270.10007453742134,-0.8210881850196284,-1.0,-0.12653338026147568,-0.2917390065617056,0,2.0,0.3,1.0,0.6,10.0,3.0,0.8023831354318374,6.909777367868268,1.0,35.05058526235385,0.0,"do(cell_load=0.1,num_prb=10)"
0.1,0.31268564812729394,1.3581258482155412,0.8121001710205183,3.0377173538946067,153.50753758390496,42.289646212832,-0.013680284419089262,1.0,0.10191766485728582,0.6621761208549569,0,2.0,0.3,0.9988104595346388,0.6,10.0,2.9928684155507,0.9286588619326543,7.431121708317457,0.9962753802283154,35.75185162741281,0.003458901158304474,"do(cell_load=0.1,num_prb=10)"
0.1,4.554496095225221,0.46542678511985014,2.044815511396717,14.09804492936315,130.13963712832413,252.23890604058982,0.41175463715018784,2.0,-0.03993843492515931,15.936419213505706,7,6.0,0.55,0.06029044605615502,3.3000000000000003,10.0,0.06414453596831743,7.023690674181969,2.8499915956290383,1.3212773432580427e-05,5.658598608661505,7.02359787174843,"do(cell_load=0.1,num_prb=10)"
0.1,0.9725012953806222,0.9472866010236429,0.7347858257587025,27.807336121377276,150.27262673560674,242.4616428965522,0.8709110090878479,7.0,-0.05963640671140387,26.47862120877405,11,6.0,0.93,0.046875,5.58,10.0,0.049175262451171875,12.18314878866511,0.07685819487131505,4.827976226806641e-06,1.505195837604015,12.18308996871239,"do(cell_load=0.1,num_prb=10)"
0.1,-0.7357380370738159,1.254827136372257,1.1459171902691683,8.331514266307352,16.822807619405697,299.8034441547062,0.03830475849841926,1.0,0.05243842347321455,4.922203646166309,1,2.0,0.44,0.03125,0.88,10.0,0.032257080078125,1.9544891106377464,10.39434106565245,0.41692243695659637,16.377098190664924,1.1396187476255264,"do(cell_load=0.1,num_prb=10)"
0.1,-2.2270140047307416,-0.5492205176190281,1.0067983396297153,13.042700905196039,128.5232773780864,293.2240206277193,0.2676082853883415,-5.0,-0.021256358704519134,7.8969840416715025,2,2.0,0.59,0.0546875,1.18,10.0,0.05784177780151367,2.3892220502248644,9.065098656453653,0.3340354313667945,14.648332268162877,1.5911372320469448,"do(cell_load=0.1,num_prb=10)"
0.5,-10.707104850032728,-0.7392409083731106,1.1174876728665553,9.439996413364508,54.84522541275364,209.9803172099508,0.6361503559619711,3.0,-0.18424342661341264,-10.599242174805191,0,2.0,0.3,1.0,0.6,10.0,3.0,0.836846774325858,9.901082821007238,1.0,39.40157501237417,0.0,"do(cell_load=0.5,num_prb=10)"
0.5,0.1631853616482077,0.7589964076711511,0.8350667161767995,3.3048958849646906,11.3314464896077,119.48019697302573,-0.1631412988343668,-0.0,-0.09617115698223097,-6.226126938195374,0,2.0,0.3,1.0,0.6,10.0,3.0,0.9019426025401948,7.440305956513378,1.0,35.822263209474,0.0,"do(cell_load=0.5,num_prb=10)"
0.5,10.545795243688744,1.2978190461851837,1.2327312410158933,12.516968295124725,170.57896070130144,154.45905442849036,0.27781939265666666,-3.0,-0.039747669934331355,13.083584688073897,5,4.0,0.6,0.0234375,2.4,10.0,0.023999691009521484,5.347798572639988,11.085651780234095,0.4558691237786411,17.3165819356894,2.9099023231859293,"do(cell_load=0.5,num_prb=10)"
0.5,-7.262159290468591,0.6510057499498912,0.8379830141121435,19.033747532305153,77.17189439669684,41.75116890706344,-0.4199523083264731,-2.0,-0.02064662121289578,1.7377168004256345,0,2.0,0.3,0.7336942122397089,0.6,10.0,1.6669542842139644,1.0407747683871338,7.542150081149193,0.4492024480937509,25.306034391746905,0.5732561945134267,"do(cell_load=0.5,num_prb=10)"
0.5,4.488666819287638,0.3060948779597161,0.614750320021035,20.786533642613385,92.48408479256607,263.5599789836521,-0.6900130934186485,2.0,-0.10451597317225732,14.367940428430815,6,4.0,0.74,0.078125,2.96,10.0,0.08470535278320312,6.231952329974097,1.9338737757982594,3.725290298461914e-05,4.4905501325176385,6.2317201716585435,"do(cell_load=0.5,num_prb=10)"
0.5,9.927418169741964,-0.7905357273793205,0.6701018273375022,2.7870948843461427,92.48110829998303,184.78146872908616,0.0047105008908041555,-6.0,0.08277989763226164,2.6429230194768305,0,2.0,0.3,0.09862309476352625,0.6,10.0,0.10930886857714597,1.1906735720246935,6.130448889353213,0.10697392437256037,10.791487514949113,1.0633025473785176,"do(cell_load=0.5,num_prb=10)"
0.5,3.4088827456831714,1.6137149462390192,1.267907754261718,12.476491005115578,112.48270801332471,183.49796034840682,-1.3249143133514494,4.0,-0.07014155351431998,4.415451375941101,0,2.0,0.3,0.0032603039065983996,0.6,10.0,0.003270968143828077,1.3609962752940048,11.372725928697674,0.47126747191725915,17.56831455052906,0.7196030013473931,"do(cell_load=0.5,num_prb=10)"
0.5,-8.309886304064001,-0.9563360622182095,0.8387305576580187,14.08653283031238,187.91793684990964,229.80220389875097,0.3073070192759435,6.0,0.004311125180305845,-4.367515705019542,0,2.0,0.3,1.0,0.6,10.0,3.0,0.8274143641932777,7.573854408043918,1.0,36.01651550260934,0.0,"do(cell_load=0.5,num_prb=10)"
0.5,-4.1845146955677945,2.5753797226836106,1.0925659270277266,16.43952767942942,167.62591430383475,67.74147206977885,0.32057232761834853,-5.0,-0.13170740586371554,2.5669806329660636,0,2.0,0.3,0.1310202557642508,0.6,10.0,0.15043569717354605,1.3908635923996753,9.72870008556151,0.3769725711354305,16.354322065477838,0.8665461678741083,"do(cell_load=0.5,num_prb=10)"
0.5,3.8496380629222156,0.13069833381178228,0.5350011290949257,18.019036356565817,192.49663135493472,254.2519853401309,0.4394737186682761,-7.0,-0.07038593138851461,11.804027758030513,4,4.0,0.48,0.015625,1.92,10.0,0.015872955322265625,4.048709037446818,4.757999258693185,5.960464477539063e-08,8.04770983704094,4.048708796124954,"do(cell_load=0.5,num_prb=10)"
0.5,-8.97602142047959,3.0525860398928657,1.124977313000672,10.862075881536889,130.95427233201687,187.185717190875,0.021012307367347913,-1.0,-0.008467037823556886,-8.305530448867053,0,2.0,0.3,1.0,0.6,10.0,3.0,1.0015951175953453,10.144453212007496,1.0,39.75556830837454,0.0,"do(cell_load=0.5,num_prb=10)"
0.5,-14.543833389725254,-0.2548686497395773,0.9956229939439251,14.092500745878525,54.39596960521448,132.9490745598016,-0.7719033075059956,-0.0,0.08838599019473527,-11.024559337264566,0,2.0,0.3,1.0,0.6,10.0,3.0,0.8578919138389011,9.073883510538652,1.0,38.19837601532895,0.0,"do(cell_load=0.5,num_prb=10)"
0.5,14.428363149974395,-0.3115019974862087,0.6782620843580226,18.426904191487253,21.70763827289966,162.82296036443398,-0.9791650258870536,6.0,-0.15449549332190116,22.176755932608877,10,6.0,0.85,0.09670391408030654,5.1,10.0,0.10695990194660544,10.37670694671376,0.04822922849613259,8.745330158366205e-05,1.9258308206581272,10.375799469431705,"do(cell_load=0.5,num_prb=10)"
0.5,-3.867620886864899,0.6411560580686959,1.4863078769940992,23.605812221008332,52.27137296332276,69.62203639820905,-0.35454786277564554,-3.0,-0.024824050780913667,9.775391657375119,3,4.0,0.37,0.015684207108013937,1.48,10.0,0.0159340596869947,3.19998733304951,13.389104539090818,0.5678188778732074,20.602533625264417,1.3829741163888596,"do(cell_load=0.5,num_prb=10)"
0.5,3.569069274222341,1.0456839628214172,1.1918130491472043,23.81243814064798,10.07817513436067,246.8629846064788,0.5899623465289645,0.0,0.15846702403804222,18.184459175350824,8,6.0,0.65,0.0625,3.9000000000000004,10.0,0.066650390625,8.532899420840941,0.8550115520836424,1.52587890625e-05,2.7768562916671162,8.532769219128587,"do(cell_load=0.5,num_prb=10)"
0.5,-9.544204684498988,2.1809851073448896,0.6639641424672602,11.215292407716017,34.33920312212269,201.60161724524835,0.06653481036954817,0.0,-0.10599063737503389,-8.112375320377419,0,2.0,0.3,1.0,0.6,10.0,3.0,0.9637255598363641,5.886285748391985,1.0,33.56187017947925,0.0,"do(cell_load=0.5,num_prb=10)"
0.5,-1.382267769006718,0.2773812904942428,0.7825749375184529,17.788090973621518,53.075422551004074,214.68742300782844,0.0684210991135854,-7.0,-0.038562258544293876,6.505555162905964,1,2.0,0.44,0.0078125,0.88,10.0,0.007874011993408203,1.8714196940742918,7.024176552559736,0.1832462678362632,11.279976172397792,1.5284890195798964,"do(cell_load=0.5,num_prb=10)"
0.5,7.994451789445038,1.0517199057861344,1.029976759420364,24.614862309092597,180.78619353844527,258.8515406652995,-0.9432219077108512,8.0,0.04454916908265941,21.18400134544518,9,6.0,0.75,0.04684586847164046,4.5,10.0,0.04914320878087309,9.874150539261242,0.40523521352965686,4.815985590544969e-06,1.9825787081083037,9.874102985494526,"do(cell_load=0.5,num_prb=10)"
0.5,4.379048415044203,0.9038647812491657,2.1417027101921042,26.077081766520926,106.6050762041207,257.51465396638497,0.8492023622908984,1.0,-0.06799468905758797,21.046693742550314,9,6.0,0.75,0.05328216235733724,4.5,10.0,0.05627241864634044,9.794402898099316,0.7021526466749991,8.05985755114591e-06,2.471492289788904,9.794323956607158,"do(cell_load=0.5,num_prb=10)"
0.5,-0.4274997841588321,-1.2731915748376006,0.9983295390995783,27.594922659544395,38.94016720128945,247.0646646803469,0.5807627393753406,-5.0,-0.11685062951430236,17.7928719498285,8,6.0,0.65,0.07848846196636683,3.9000000000000004,10.0,0.08513242398381907,7.571935467020529,0.8456170980928187,3.7951004506320274e-05,2.9110478981873795,7.571648104463498,"do(cell_load=0.5,num_prb=10)"
0.5,-6.005884152776931,0.6673441770316471,0.7665907303706861,21.767898932660565,183.08997271594637,123.51463789391319,-0.18829844094173212,-5.0,-0.05142574816919914,5.358938288166742,1,2.0,0.44,0.03125,0.88,10.0,0.032257080078125,1.900467074168132,6.867055593426237,0.17031279694976276,11.246501140154072,1.576793211255625,"do(cell_load=0.5,num_prb=10)"
0.5,13.884503126216204,-2.101911498319466,1.244340674794665,12.105087280488684,145.27030776010344,275.0874798792695,-0.3672095356744826,1.0,-0.03570585174820919,15.21230373147065,6,4.0,0.74,0.05941189765794108,2.96,10.0,0.06315138178814651,5.5105263037530205,11.194468738273631,0.4617646350708987,17.78807467361227,2.9659601360519185,"do(cell_load=0.5,num_prb=10)"
0.5,-0.47901286835255896,-1.0136802022603328,1.1056142882796136,11.689182953245355,87.12792475927264,63.45316908184379,0.25378240492911774,5.0,0.1065052096159822,1.7283891176016881,0,2.0,0.3,0.742730404975407,0.6,10.0,1.7041049394465626,0.9526307358842536,10.084674161339485,0.5816041084759245,29.301456477520844,0.3985767860335284,"do(cell_load=0.5,num_prb=10)"
0.5,-13.683813882442402,-0.33502443292877404,1.2315679147088694,15.24681226707603,41.071133502890085,113.08498920485603,0.031773703930703404,1.0,0.25591421947947607,-8.090010902061964,0,2.0,0.3,1.0,0.6,10.0,3.0,0.8544092832589568,11.370814649727011,1.0,41.539366763239286,0.0,"do(cell_load=0.5,num_prb=10)"
0.5,7.332539308073056,2.076162296203665,0.795392780733912,7.495200586099445,141.86341638107305,80.94208674318557,-0.4890415112341447,4.0,-0.06488457480989644,4.359390893229901,0,2.0,0.3,0.004136248948960905,0.6,10.0,0.004153428269572844,1.3899322770589817,7.113535271313652,0.19051215986118264,11.380187820794621,1.1251332768957034,"do(cell_load=0.5,num_prb=10)"
0.5,-11.282208495201637,0.06187187953319022,1.227711066647342,13.889571273832798,152.10393824295275,196.32749925922775,-0.4633687783277275,-5.0,0.01872605556037766,-8.149892333392435,0,2.0,0.3,1.0,0.6,10.0,3.0,0.871653743731442,11.09881843205263,1.0,41.14373590116746,0.0,"do(cell_load=0.5,num_prb=10)"
0.5,-1.2219262972439893,1.6592184302887198,0.4196423506392733,5.534114160942154,162.46880933538452,288.1385941052903,-0.3667093691092494,-2.0,-0.026310214242555627,-6.533223257233328,0,2.0,0.3,1.0,0.6,10.0,3.0,0.9410556973159927,3.760962000276882,1.0,30.47049018222092,0.0,"do(cell_load=0.5,num_prb=10)"
0.5,-0.1119309214300187,-0.15987295770927262,1.1209313368259768,20.677071709204338,98.66692428049173,153.7065339063118,0.5857986867442783,2.0,0.009293273020231233,11.118499354253103,4,4.0,0.48,0.020758635123761193,1.92,10.0,0.021198501386361406,3.9870915568415217,10.125698587874663,0.40104574005811344,15.89787686618131,2.388085472748558,"do(cell_load=0.5,num_prb=10)"
0.5,-6.871393369931401,1.2192614532511787,0.6758026256014746,7.069471778760115,189.3631143887653,110.85363285985412,-0.5106942151300234,0.0,0.0775200691901761,-10.509553073074697,0,2.0,0.3,1.0,0.6,10.0,3.0,0.9219403252102237,6.176638765243479,1.0,33.98420184035415,0.0,"do(cell_load=0.5,num_prb=10)"
0.5,1.3197810195510093,-1.9895651114252682,0.6302140400553871,13.62151893026941,84.61905647825158,49.04622643990355,0.21871596837173332,-2.0,0.0706893923480054,5.487436240153016,1,2.0,0.44,0.03125,0.88,10.0,0.032257080078125,1.6561507953801011,5.758371103847868,0.0730336964338697,9.633869155312809,1.535195980941599,"do(cell_load=0.5,num_prb=10)"
0.9,0.047767158425240236,0.7859095599127885,0.8157616852555395,10.254987950602604,92.85377560247827,160.12218662706377,0.18864117530464333,-0.0,0.058992630852610986,-6.734033193582097,0,2.0,0.3,1.0,0.6,10.0,3.0,0.9031119326031072,7.421241840283849,1.0,35.79453358586741,0.0,"do(cell_load=0.9,num_prb=10)"
0.9,3.26217194996969,-1.2464306172106205,1.081521060360029,7.719732176598557,126.51419637669711,219.4848211504481,0.5066535944060125,-0.0,-0.2734296485778379,-5.9715419706750765,0,2.0,0.3,1.0,0.6,10.0,3.0,0.8148102559418834,9.487297921171415,1.0,38.799706067158425,0.0,"do(cell_load=0.9,num_prb=10)"
0.9,-1.3715971488316423,-1.715731952890446,1.0402126916060064,25.19029874942502,144.3746033567021,267.64986588847285,-0.2621272573418476,-1.0,0.23894101935131762,5.96069417939288,1,2.0,0.44,0.02112681031497396,0.88,10.0,0.021582582214238706,1.684014560148765,9.626860561095517,0.3704098679279906,15.175366928398299,1.0602389493352478,"do(cell_load=0.9,num_prb=10)"
0.9,-0.8154569626038591,1.6797634474069976,0.7791119042931713,12.26021197210477,63.227906089499214,202.8208449856521,-0.3495813528967523,-5.0,-0.022359087768127204,-6.097656014281744,0,2.0,0.3,1.0,0.6,10.0,3.0,0.9419483428873385,7.009125848477738,1.0,35.195092143240345,0.0,"do(cell_load=0.9,num_prb=10)"
0.9,-4.520880433126529,2.4393208257339443,0.4738036311642183,27.164574742664996,115.59840286403328,35.08716651237045,0.618684375709016,-5.0,-0.12858173263265435,6.334649190693635,1,2.0,0.44,0.0078125,0.88,10.0,0.007874011993408203,2.0709472447813475,4.1474960386244115,3.725290298461914e-09,7.095713606673683,2.0709472370664677,"do(cell_load=0.9,num_prb=10)"
0.9,-7.934158692332085,0.1519236232846233,1.4464185614065945,21.373589740345924,44.34311313499458,109.7265288863112,-0.49215666139092507,-7.0,-0.08834525081213991,-3.9448804965988433,0,2.0,0.3,1.0,0.6,10.0,3.0,0.8755663367358146,12.965582265882363,1.0,43.85902875037435,0.0,"do(cell_load=0.9,num_prb=10)"
0.9,-3.8654648118148573,-0.8624922715341453,1.3495848655553568,9.088452855737554,87.11865756623409,97.1828358939566,-0.09317187547321075,-2.0,-0.041528011628708346,-11.913974130014056,0,2.0,0.3,1.0,0.6,10.0,3.0,0.8314917150988613,12.138475400008376,1.0,42.655964218194,0.0,"do(cell_load=0.9,num_prb=10)"
0.9,0.23643153705819342,-1.8019313971154356,2.0330408952195107,17.390426644412535,100.41554644887381,41.59292117071388,0.056765277567285756,2.0,0.03603150294048731,0.7814265905827495,0,2.0,0.3,0.9950838823556453,0.6,10.0,2.9705998481708673,0.7930867950413185,18.384225582296555,0.9948807203149497,51.50549054143465,0.004060033118336694,"do(cell_load=0.9,num_prb=10)"
0.9,-0.2481001730176406,-1.3027244836033058,0.7537446172742831,26.331491105032143,90.57118097711573,226.39885250656982,0.27138479028353196,6.0,0.1685750200209045,9.006956345670114,3,4.0,0.37,0.04033312119759069,1.48,10.0,0.04202549419821291,2.8873552356424956,6.971120190921304,0.1789035234791071,11.476015140380328,2.3707972104502057,"do(cell_load=0.9,num_prb=10)"
0.9,0.20456994481913957,-0.37480696777692724,1.2232797835728522,20.754357237767323,51.103482785164815,253.21397273437384,-0.3368535665500299,-2.0,-0.2011491338555764,3.3960881930677838,0,2.0,0.3,0.014938207277987961,0.6,10.0,0.015164690776170112,1.2335811295734587,10.838950912889404,0.4422782746512274,16.88706430859395,0.6879949959433972,"do(cell_load=0.9,num_prb=10)"
0.9,-1.9244261843803594,0.4400583405347728,1.090941883608525,25.232627559078253,61.56362622679636,204.6196806200505,-0.19016345838952975,-4.0,-0.020063717213590623,5.929183038891242,1,2.0,0.44,0.022603895025988238,0.88,10.0,0.023126380241633222,1.8821323543915023,9.825686782353339,0.3828041850942776,15.476919088992467,1.161644212229089,"do(cell_load=0.9,num_prb=10)"
0.9,-2.632701425909555,-2.0746567251359065,0.6020466885981076,18.984352219057364,129.00580326623376,58.60795142700007,-0.09258750294564778,2.0,0.036975662090591714,-0.8048148285092231,0,2.0,0.3,1.0,0.6,10.0,3.0,0.7788252595285778,5.470447026688509,1.0,32.95701385700147,0.0,"do(cell_load=0.9,num_prb=10)"
0.9,-4.841781693417815,-2.0398458623662616,0.9256061732575239,26.02267168445054,146.79494396862964,182.38910982825078,-0.08937152166256582,4.0,-0.11119670732804852,3.640788268861457,0,2.0,0.3,0.0078125,0.6,10.0,0.007874011993408203,1.1301548827058003,8.242399006321097,0.2769232476934508,13.05193610514159,0.8171887221902991,"do(cell_load=0.9,num_prb=10)"
0.9,0.18300299433775286,1.8588478655075562,0.9696877981561229,4.183263158179616,135.5393849204805,146.23280846074866,0.4148921965671657,5.0,0.06224375756457631,-12.556835009269838,0,2.0,0.3,1.0,0.6,10.0,3.0,0.9497292520875699,8.813676135923577,1.0,37.81989256134339,0.0,"do(cell_load=0.9,num_prb=10)"
0.9,-5.9981135596427215,-0.058739854804214314,0.7436942016254628,25.828099942464316,180.06276403397655,278.40901320320114,-0.6605473101794391,1.0,-0.051038556493561794,1.458585401018953,0,2.0,0.3,0.8903040257656253,0.6,10.0,2.38863698730761,0.9249087143871081,6.660801613176234,0.6851613519321658,29.7975346085354,0.2911970092237957,"do(cell_load=0.9,num_prb=10)"
0.9,-3.2088737090097905,0.7385379399207959,1.4073452665477186,20.802928416858244,121.87453017252363,272.1345870390023,0.6148736044698804,-0.0,0.04987091979848027,0.6757264864164658,0,2.0,0.3,0.9983870106108417,0.6,10.0,2.9903324664075575,0.9019557540328702,12.751161950391628,0.9970350873308614,43.46980438637556,0.0026742200421344836,"do(cell_load=0.9,num_prb=10)"
0.9,-6.163969488826223,-0.9069114254152082,1.5442776926831168,19.136811052157057,53.49231516769771,233.56208881305747,0.24979475467463202,-7.0,0.029491879761318614,-3.9816290264201846,0,2.0,0.3,1.0,0.6,10.0,3.0,0.8295617794474771,13.966598056226434,1.0,45.315051718147544,0.0,"do(cell_load=0.9,num_prb=10)"
0.9,6.881427714977066,0.6878117688073968,0.7986876967052186,11.41824262843743,66.70810567768403,273.21150077809745,0.12125003093078436,-4.0,0.09478672544894999,1.0922608701680698,0,2.0,0.3,0.9853703111186041,0.6,10.0,2.9130748467386116,0.907005782018277,7.30294318821354,0.9545286662039811,34.927061593128585,0.041242762669072196,"do(cell_load=0.9,num_prb=10)"
0.9,-0.1621522651874812,-1.3902394881108115,1.0801952721960268,17.348525985919146,179.21615700198865,94.14654921806765,0.2594906560571979,-4.0,-0.06199881501285315,0.122314737680007,0,2.0,0.3,1.0,0.6,10.0,3.0,0.8085620084475992,9.686763516556281,1.0,39.089837842263684,0.0,"do(cell_load=0.9,num_prb=10)"
0.9,0.5871918165560973,-1.8990064988158184,0.8297963158279069,26.213549610149567,146.9965306210138,42.234051430546934,0.8554781540660901,-5.0,-0.264928998975486,10.60066743460589,4,4.0,0.48,0.055911053209493355,1.92,10.0,0.05921187959751666,3.617034577453695,7.223982751371367,0.19941138038727524,11.981306311502122,2.895756719455149,"do(cell_load=0.9,num_prb=10)"
0.9,4.562542947800348,-0.7376767790810532,0.5906964550265303,9.126898581236517,111.90557282664965,271.9482875408237,0.1326965906078278,1.0,-0.1705963999764818,-3.677613467107941,0,2.0,0.3,1.0,0.6,10.0,3.0,0.8369147330468232,5.16043910663795,1.0,32.506093246018835,0.0,"do(cell_load=0.9,num_prb=10)"
0.9,-3.0080861547811386,-0.03765396654931771,0.9098975749740065,26.782104093865875,95.1291545291177,148.27601694967873,1.3030598558459077,-2.0,0.04681376430552707,7.870085157807205,2,2.0,0.59,0.0546875,1.18,10.0,0.05784177780151367,2.452059947548228,8.258639378445928,0.27810305252573553,13.475300591060732,1.770134591158971,"do(cell_load=0.9,num_prb=10)"
0.9,7.764321653941739,0.056158875983878004,1.057224023240266,21.267600706390905,65.80670291446152,286.9191027842129,0.6264544244297273,-4.0,0.04446047373614734,12.312812836071403,5,4.0,0.6,0.046857519826591004,2.4,10.0,0.04915602863427333,5.017158498724043,9.585907283479541,0.36782912474365737,15.33638609595352,3.171701479438176,"do(cell_load=0.9,num_prb=10)"
0.9,-2.3133780189676534,-0.24254920295438487,0.553799553536549,4.038383800885283,54.51429729522603,107.1840818504858,0.16682852184035663,-6.0,-0.03525866262766411,-15.042401130550306,0,2.0,0.3,1.0,0.6,10.0,3.0,0.8584271725612923,4.962782308039686,1.0,32.21859244805773,0.0,"do(cell_load=0.9,num_prb=10)"
0.9,8.544206385375155,0.4206940235635622,0.7581895400822392,24.625616099801157,197.29255185617808,169.55889210299105,-0.46320808535999397,2.0,0.029648425813349057,15.148432539500156,6,4.0,0.74,0.062405859781557965,2.96,10.0,0.06654339019681065,6.284027627163276,2.357223618636981,1.5167062758947303e-05,4.961036021410094,6.2839323169218755,"do(cell_load=0.9,num_prb=10)"
0.9,-8.612390247862798,0.3579919581448195,0.8437572783850319,11.553395061671209,103.72684400322633,187.77419625424258,-0.9208186045415006,1.0,-0.056326705475050344,-15.303106729778914,0,2.0,0.3,1.0,0.6,10.0,3.0,0.8845196505952576,7.558582731949856,1.0,35.994302155563425,0.0,"do(cell_load=0.9,num_prb=10)"
0.9,4.439900407143502,-0.18771307816818156,1.1098408687088,24.7206486669832,136.58420470794155,88.01033311907837,0.2430228120509069,3.0,0.029329581761985787,12.218070225669884,5,4.0,0.6,0.06309479219359487,2.4,10.0,0.06732692238531952,4.942778989690616,10.045643421858896,0.39624101388797794,16.15046035633186,2.9842472313914112,"do(cell_load=0.9,num_prb=10)"
0.9,-5.2603281520593,-0.7560195621710897,0.9565717458828479,8.845482281055059,110.74043791337517,77.07613683679908,0.5750322564307148,-2.0,0.09985642571399916,-12.907295122442415,0,2.0,0.3,1.0,0.6,10.0,3.0,0.8361177707470493,8.732916432306695,1.0,37.70242390153701,0.0,"do(cell_load=0.9,num_prb=10)"
0.9,4.450520595932398,-1.9168600845889217,1.0283093934940737,19.929656016230354,71.89218319191984,238.4156675279616,-0.9776740804365136,1.0,-0.09135356806154907,6.108232017089001,1,2.0,0.44,0.01421097417296828,0.88,10.0,0.01441579589154151,1.6672768597482606,9.189138708222456,0.34223918159753,14.481346306364996,1.096669391771516,"do(cell_load=0.9,num_prb=10)"
0.9,-3.310801972292965,1.4678075252484941,1.050886542895405,27.572831551676828,155.94046218722977,102.68044752695981,-0.5836683785797807,2.0,0.001558493134612067,6.3927743108902995,1,2.0,0.44,0.0078125,0.88,10.0,0.007874011993408203,1.9812853156822536,9.485809542765633,0.3614663849585076,14.860533249060914,1.2651172750512139,"do(cell_load=0.9,num_prb=10)"
0.1,-9.982742221856046,-0.3011468335925424,0.9279902547109689,27.84361738262309,69.53205133077172,181.3224938154149,0.24947784553558508,-0.0,0.09467004272090372,15.332684015899464,6,4.0,0.74,0.0546875,2.96,50.0,0.05784177780151367,30.348704368401055,0.11328212203173926,8.944422006607056e-06,1.6275082180946392,30.34843291678183,"do(cell_load=0.1,num_prb=50)"
0.1,-10.530568405715796,0.6273303981753581,0.8837588437070693,10.321533273298124,66.57351240611771,287.0227446589535,0.49976301739180706,2.0,-0.09129731989307942,-2.6583189612478897,0,2.0,0.3,1.0,0.6,50.0,3.0,4.481109707189819,7.884626244563214,1.0,36.46854726481922,0.0,"do(cell_load=0.1,num_prb=50)"
0.1,2.8746549965151624,0.00809994066137837,0.7098073174995964,5.419478227107151,187.67352091385584,116.16699312828344,-0.044214949982810496,-2.0,-0.07944341850377658,5.242843555898629,1,2.0,0.44,0.03125,0.88,50.0,0.032257080078125,9.19923112233998,0.23603732748149892,9.5367431640625e-07,1.6013836624162712,9.199222349269528,"do(cell_load=0.1,num_prb=50)"
0.1,0.06513739012017006,2.0122293759651697,1.1059630788776942,21.540108227346217,197.06473234223853,244.49655996869404,-0.4862868839263447,-1.0,-0.0900947699555863,17.819774233884157,8,6.0,0.65,0.07554602464777915,3.9000000000000004,50.0,0.08168438289874276,44.52449624731282,0.0,3.2572152843468594e-05,1.653475063189942,44.52304598861577,"do(cell_load=0.1,num_prb=50)"
0.1,6.006971994045985,0.9683598083223002,1.709517634054295,19.134218151385113,120.55625852184482,194.66061768612352,0.18475974129109635,-1.0,-0.019643766441158162,22.331754836147066,10,6.0,0.85,0.09375,5.1,50.0,0.103363037109375,55.28561010150255,0.0,7.724761962890625e-05,1.826904296875,55.28133941972248,"do(cell_load=0.1,num_prb=50)"
0.1,1.6101550144312964,-2.3601674365638226,0.8275125128264303,15.150276255771793,84.2702163169485,164.14372477995238,1.03167624419471,-5.0,0.11641462518026205,14.990666806667077,6,4.0,0.74,0.06980112850810855,2.96,50.0,0.07501341093579064,27.107288280310936,0.13778359630024586,2.3738308878584746e-05,1.8005197911957735,27.106644799128876,"do(cell_load=0.1,num_prb=50)"
0.1,2.2955831365953516,0.179581479448513,0.788083727830181,3.2252732755620404,15.706194509498761,74.36335786872012,-0.27204620674874375,-3.0,0.0833592592504584,3.0227383967722616,0,2.0,0.3,0.039276942061115136,0.6,50.0,0.04088021192019071,6.317827049726094,2.39031116143644,2.379855959855348e-06,4.803857930178166,6.317812014207736,"do(cell_load=0.1,num_prb=50)"
0.1,-6.28710858908251,0.9772882218454575,0.5276626441525252,4.674365124800492,106.64447120438284,122.33513318212803,-1.0051801253769455,-1.0,-0.19898764639675445,-5.40259334790095,0,2.0,0.3,1.0,0.6,50.0,3.0,4.5571350275043585,4.56316771707978,1.0,31.637334861206952,0.0,"do(cell_load=0.1,num_prb=50)"
0.1,8.366412073933082,-0.9242959919257565,0.50294864575743,25.780606115542202,69.08116173792658,232.04373252983444,0.7738061694572845,4.0,0.0467198807411708,32.04941708694729,11,6.0,0.93,0.015625,5.58,50.0,0.015872955322265625,55.74953840181017,0.049435354897937024,5.960464477539063e-08,1.1988896133387608,55.749535078878736,"do(cell_load=0.1,num_prb=50)"
0.1,3.3805271307392086,1.4680354671731097,0.6435769335740691,13.915918929217225,70.14864903519099,65.82712275037214,0.46822937202585785,1.0,-0.20343663788865385,15.289405586177896,6,4.0,0.74,0.05579774821853892,2.96,50.0,0.05908485700393669,33.06825217333229,0.0,9.693189236270605e-06,1.4726788560314934,33.06793163650626,"do(cell_load=0.1,num_prb=50)"
0.1,14.07906398953507,2.509809918282561,1.2182751545497472,14.534190067610208,9.576136741887687,88.76825532353052,-0.628001999357973,2.0,0.08849385485583047,25.75263876676483,11,6.0,0.93,0.07519267469071744,5.58,50.0,0.08127174776321583,65.14828095703665,0.09323561823254109,3.1967018607192976e-05,1.7857894268076047,65.14619836072707,"do(cell_load=0.1,num_prb=50)"
0.1,-5.122796117016601,-0.08985880103645405,0.6977567482182577,10.371797186279853,103.36883657094457,172.50878699150826,-0.6858250357864695,-1.0,0.04510164458582148,1.6726056218052274,0,2.0,0.3,0.7967706665282283,0.6,50.0,1.9374388362520663,4.859458836672793,6.342356297255592,0.4780157104673607,25.72475621329739,2.536561168373754,"do(cell_load=0.1,num_prb=50)"
0.1,6.372247406542877,0.8058711606824221,0.6654948555945212,11.319402220763086,84.93237281496847,38.895947388780904,-0.5999801828303463,0.0,0.09697994300255092,14.658568745210646,6,4.0,0.74,0.078125,2.96,50.0,0.08470535278320312,31.926669809292143,0.10891004143172145,3.725290298461914e-05,1.8360574279844926,31.925480448159117,"do(cell_load=0.1,num_prb=50)"
0.1,-4.899664994867301,-2.830010945140641,0.8034387275250546,20.108298066952276,49.2783830700972,120.87459730636918,-0.2939686666669935,-1.0,0.24788111834482054,12.368370771306152,5,4.0,0.6,0.04425324161246216,2.4,50.0,0.0462982543145325,21.48497865824354,0.2832646483549452,3.83513234591959e-06,1.7824073412143622,21.484896260506936,"do(cell_load=0.1,num_prb=50)"
0.1,11.361375228583345,-1.0721718462212488,0.8575265467549216,2.1181593126110148,97.84249097153918,90.70452123185957,0.4704337108490223,0.0,-0.1255322387705718,11.285256478294489,4,4.0,0.48,0.018153055060614542,1.92,50.0,0.018488570506748594,19.02648490286565,0.0,1.0859226695636437e-07,1.1479085640539888,19.026482836736523,"do(cell_load=0.1,num_prb=50)"
0.1,5.04342032882639,1.4845032435644079,0.6387926171228865,17.876748521609965,74.18806171888069,231.06689476768443,-0.5325394941606503,3.0,-0.08242853102815417,19.49645737950021,8,6.0,0.65,0.022540543656574763,3.9000000000000004,50.0,0.02306007207660948,43.83788467415731,0.0,2.5814133186585764e-07,1.1844805766128759,43.83787335778737,"do(cell_load=0.1,num_prb=50)"
0.1,6.723823489059148,-1.5834763462576817,0.572838479592131,12.699306506738951,35.35080493251723,103.3805557049574,-0.2499113558046103,0.0,0.014368136459044174,16.74519420384743,7,6.0,0.55,0.04174174852486484,3.3000000000000003,50.0,0.04355685181416957,31.699517551820772,0.024800473752492114,3.035865657086134e-06,1.384528230880618,31.69942131634409,"do(cell_load=0.1,num_prb=50)"
0.1,9.827895330274638,0.38942712899716764,1.0197827702021078,2.393719725547176,197.40358528306075,177.32039399516637,-0.4912542656699286,2.0,0.10980837061525305,8.555528284235303,3,4.0,0.37,0.06854737503726638,1.48,50.0,0.07356820413465119,15.669666495709063,0.20659972996554038,2.207818225130609e-05,1.8890543312089045,15.669320537956352,"do(cell_load=0.1,num_prb=50)"
0.1,-0.6220205297889028,0.849972580299663,1.2421795654267858,19.778987705624495,72.80583579173673,194.26497853013797,0.03722237902695251,1.0,-0.01567016806160205,16.376767244223554,7,6.0,0.55,0.0546875,3.3000000000000003,50.0,0.05784177780151367,35.81186421151213,0.0016375649846745964,8.944422006607056e-06,1.4651161351170907,35.81154389508578,"do(cell_load=0.1,num_prb=50)"
0.1,6.425870096659837,-0.29118286076702893,0.7966651921009222,21.314535905133173,143.2032735183724,283.6740786747921,-0.18552023506515847,-2.0,-0.061648950402805304,24.337851923482738,10,6.0,0.85,0.03550520732534512,5.1,50.0,0.03681058563804418,52.480581747981006,0.0,1.5891621470975892e-06,1.2944846851043534,52.48049834782704,"do(cell_load=0.1,num_prb=50)"
0.1,-9.68690340279502,1.5429250442958884,1.2275352970478555,8.257186241824845,147.62482224774658,255.24015161198446,0.08791901136354002,-4.0,0.026762483699777753,-4.5273939809291734,0,2.0,0.3,1.0,0.6,50.0,3.0,4.6800147510022105,11.105268539556665,1.0,41.153117875718785,0.0,"do(cell_load=0.1,num_prb=50)"
0.1,0.9864097137575515,-0.5381851774211952,1.2496494176283122,6.719439315906264,107.57536664442064,58.33693238718313,0.49388665672738324,-2.0,-0.04896431852267839,5.607718940695633,1,2.0,0.44,0.03125,0.88,50.0,0.032257080078125,8.948062691812325,0.5636390814303985,9.5367431640625e-07,2.0778953045237616,8.948054158274754,"do(cell_load=0.1,num_prb=50)"
0.1,-0.32276827614297643,2.399710877650123,1.2729300911640737,4.181925115894681,14.830241786803558,259.2658833751282,0.9182265377469594,-1.0,-0.021302036823510968,2.139611280569736,0,2.0,0.3,0.35138257809360735,0.6,50.0,0.5182374014718409,6.546975769886987,2.7875093158197783,0.015244770815473707,9.200458216603497,6.4471686247406,"do(cell_load=0.1,num_prb=50)"
0.1,-0.12612768253875312,-2.6736690917048263,1.3907281139223926,16.849319350468605,24.405691654605356,101.05506216123563,-0.23405216145828733,-0.0,-0.13431795952851885,14.128576996487439,5,4.0,0.6,0.0078125,2.4,50.0,0.007874011993408203,21.805422520684537,0.0,3.725290298461914e-09,1.0629920959472656,21.805422439453007,"do(cell_load=0.1,num_prb=50)"
0.1,-10.147946845215134,-0.4049994770879456,0.8707401520415861,16.09419523969106,52.157569785258254,293.77045528968546,0.08129047236630761,-0.0,0.04731592193105294,3.1338138644485696,0,2.0,0.3,0.023134280047338404,0.6,50.0,0.02368185630965148,6.150576604013634,3.3386326842729233,2.864335952867947e-07,6.045647845783282,6.1505748422818645,"do(cell_load=0.1,num_prb=50)"
0.1,-2.575774747952645,-0.5606461430844623,0.8351334525685853,22.186674464116578,127.17095082709331,107.48932031535337,-0.8195698000439373,-4.0,-0.19735758482478744,15.978225901563167,7,6.0,0.55,0.0546875,3.3000000000000003,50.0,0.05784177780151367,33.388988786544886,0.0,8.944422006607056e-06,1.4627342224121094,33.388690141338806,"do(cell_load=0.1,num_prb=50)"
0.1,4.377075603717736,0.09461740989274903,0.7565520450707923,8.023786460663118,182.16404514025652,208.95024063238117,1.0044092367153474,-6.0,0.18260616928606635,10.20605442040642,4,4.0,0.48,0.08914043607557803,1.92,50.0,0.09779476487040771,19.962539569657263,0.22224071116371136,6.31391916270374e-05,2.105617335201387,19.96127915104601,"do(cell_load=0.1,num_prb=50)"
0.1,-14.514643201025452,1.7155644541287685,1.372014961139247,2.3163527207149928,198.88215726972697,48.76348853247674,-0.1898382488366281,1.0,0.08404351445642995,-15.207125309757902,0,2.0,0.3,1.0,0.6,50.0,3.0,4.717519174517629,12.466478538738123,1.0,43.13305969270999,0.0,"do(cell_load=0.1,num_prb=50)"
0.1,-5.444827545537438,-1.4100282780304814,1.18057658150926,4.166684612019502,40.03871316615792,101.00429930486077,-0.21738340430007044,3.0,-0.07984371052160094,-3.9413297366163604,0,2.0,0.3,1.0,0.6,50.0,3.0,4.038511098220964,10.574859937599461,1.0,40.38161445469012,0.0,"do(cell_load=0.1,num_prb=50)"
0.1,-4.59009264620382,1.3128548964398417,0.474334632006203,26.15340196292965,121.32600995423358,264.5215330896425,-0.2710189699248783,3.0,-0.14510460120663068,18.17280222829995,8,6.0,0.65,0.0625,3.9000000000000004,50.0,0.066650390625,43.206114736771426,0.0,1.52587890625e-05,1.533203125,43.205455463780446,"do(cell_load=0.1,num_prb=50)"
0.5,-3.53158076866148,-0.7967771143223612,1.366884506250866,24.579224795028168,175.17108784022471,128.23069877505117,-0.413274234947438,0.0,0.049547018031565956,10.428008200948108,4,4.0,0.48,0.07180029697075871,1.92,50.0,0.07732573044073346,19.13490558605958,0.12878779867346793,2.657693915075754e-05,1.8059335506872756,19.134397038838166,"do(cell_load=0.5,num_prb=50)"
0.5,-4.662210708179865,2.8287319266636555,1.2175547780540066,13.999138478146627,33.120177338942696,269.012121810005,0.37765184350631215,0.0,-0.15414361599674273,-0.24525230024815986,0,2.0,0.3,1.0,0.6,50.0,3.0,4.959345211654518,10.834288255940658,1.0,40.758964735913686,0.0,"do(cell_load=0.5,num_prb=50)"
0.5,-6.429090638377609,1.0091798417208513,1.1092607605755314,19.73174705741139,168.7183689096327,242.82754005617795,-0.39464840083475516,1.0,0.045135465821844446,2.483967342810668,0,2.0,0.3,0.1738239835006266,0.6,50.0,0.20929081368109811,6.416455859960084,2.8982701292846023,0.0009129327636644424,6.88999215204457,6.41059806717892,"do(cell_load=0.5,num_prb=50)"
0.5,-8.889843987356656,-1.1752242916212272,0.9988359473540956,17.383881686915462,115.62868775999189,69.10139079056277,0.2976247200654922,2.0,0.07008792664098872,-1.0657675557691109,0,2.0,0.3,1.0,0.6,50.0,3.0,4.0895202400960775,9.084582351511694,1.0,38.21393796583519,0.0,"do(cell_load=0.5,num_prb=50)"
0.5,2.405072154562453,3.4046452112255414,0.45183947368357047,10.213656625867749,168.50093099008186,264.689916165346,0.22769916550027444,-2.0,-0.12104478253726957,2.387296277015102,0,2.0,0.3,0.22367000180146535,0.6,50.0,0.2848880946825684,7.0703255071580715,0.4944869667513022,0.002502827769763072,3.9983585272806232,7.0526297001374925,"do(cell_load=0.5,num_prb=50)"
0.5,-11.541435701661813,-1.1371156730712293,1.1697502177846446,3.6946618646471454,170.14807759770022,209.3452815611274,0.2653709239890745,-3.0,0.12813858238089398,-17.949965332326805,0,2.0,0.3,1.0,0.6,50.0,3.0,4.0977990089534915,10.6851342978873,1.0,40.54201352419971,0.0,"do(cell_load=0.5,num_prb=50)"
0.5,14.57610622836961,-0.26052252814639953,0.845543596056753,26.208385271499214,11.220251018172597,60.39137437605906,0.14453166805034343,-6.0,-0.004475933329948621,31.5796747956444,11,6.0,0.93,0.015625,5.58,50.0,0.015872955322265625,57.689443958816426,0.0,5.960464477539063e-08,1.126983642578125,57.68944052025761,"do(cell_load=0.5,num_prb=50)"
0.5,10.503975004879994,-0.9664607948820251,1.452394862050534,26.68587864998736,97.4809898562988,286.6842082091967,-0.19873827873996716,0.0,0.07759758361260288,26.719796146362025,11,6.0,0.93,0.046875,5.58,50.0,0.049175262451171875,55.350472003259625,0.08555898433344096,4.827976226806641e-06,1.5178515313671073,55.35020477249665,"do(cell_load=0.5,num_prb=50)"
0.5,14.506172209434572,-0.32016522458585156,0.6767269017192213,24.636909985931418,43.85533386870258,251.8784708600695,-0.38215593178155227,4.0,0.04910544514814871,28.7725860073341,11,6.0,0.93,0.02239274303878447,5.58,50.0,0.022905406483365524,57.454672580103356,0.052534377034799,2.514369998873889e-07,1.2596568911902684,57.454658133872854,"do(cell_load=0.5,num_prb=50)"
0.5,4.844011964075933,2.1762695489237265,0.6128706897309004,19.07367376958353,153.00675224108682,122.43412387121361,0.03861070016881987,1.0,-0.07851601905179846,13.82535723758886,5,4.0,0.6,0.0078125,2.4,50.0,0.007874011993408203,27.90913610078641,0.0,3.725290298461914e-09,1.0629920959472656,27.909135996816776,"do(cell_load=0.5,num_prb=50)"
0.5,-5.008503101822889,-1.5582354045795332,1.2925272014536626,23.439470420658783,99.78676284241725,283.4741549415611,0.42863530469261507,-6.0,0.23480020250013445,8.584720385292943,3,4.0,0.37,0.06672286872116384,1.48,50.0,0.07147185622048015,14.177259829224493,0.39371347608381596,1.9819780540664134e-05,2.1444489967948464,14.17697883904601,"do(cell_load=0.5,num_prb=50)"
0.5,-9.44888543083182,-0.14040322792741802,1.2484221301602676,2.1007682722900434,30.15629809264413,238.18073458528337,0.862649690304312,-2.0,0.06573848344385524,-16.37870781998056,0,2.0,0.3,1.0,0.6,50.0,3.0,4.3143261953123195,11.332748208140261,1.0,41.48399739365856,0.0,"do(cell_load=0.5,num_prb=50)"
0.5,-11.809991276559844,-0.12216419011382468,0.8751418216340242,15.769187301803715,184.24900820300542,84.78797705035981,-0.7438046183996198,5.0,0.011580804522922213,-6.892534608021468,0,2.0,0.3,1.0,0.6,50.0,3.0,4.318288469044239,7.909735744769984,1.0,36.505070174210886,0.0,"do(cell_load=0.5,num_prb=50)"
0.5,6.635699110633167,-0.9291753011089434,0.6896265194844877,12.063825921470121,77.41593612555074,56.43162581643705,0.5654797863271088,0.0,0.024148727593119836,9.59322413187706,3,4.0,0.37,0.02137694227982828,1.48,50.0,0.021843684640643016,14.76963729613533,0.1003350070780862,2.0882492701712607e-07,1.3206913056023604,14.7696342118669,"do(cell_load=0.5,num_prb=50)"
0.5,-4.134424899782964,0.14412928684662576,1.5107873336408302,12.08661841787797,144.16483538370568,263.5027420226577,-0.11771869072013211,-0.0,-0.12608137098249741,-2.5542393905746117,0,2.0,0.3,1.0,0.6,50.0,3.0,4.376138431280474,13.508774315125981,1.0,44.64912627654688,0.0,"do(cell_load=0.5,num_prb=50)"
0.5,3.8959800983659854,-1.4701514530100424,0.6943922563716115,13.526351059896367,171.93432415015292,242.23108296619097,-0.2580505537942993,1.0,0.03978179943515345,6.73266315383278,1,2.0,0.44,0.0078125,0.88,50.0,0.007874011993408203,8.55069079243163,0.44240691200636995,3.725290298461914e-09,1.7064930588656217,8.550690760577826,"do(cell_load=0.5,num_prb=50)"
0.5,-4.5177922543626075,-1.0643991956850658,1.5327216618103976,22.627260233893846,8.500023891649136,193.6891733183021,1.049572720052853,-5.0,0.020084246099827813,9.478476986399299,3,4.0,0.37,0.02496279057600831,1.48,50.0,0.02560148682546905,14.656676916804097,0.192821206480275,3.8830459792027483e-07,1.4852791040296072,14.65667122554906,"do(cell_load=0.5,num_prb=50)"
0.5,3.764740574355499,1.166907222363126,1.9886180833883527,14.651950030483077,129.26908308923922,148.742597744502,0.869940045771404,4.0,-0.08272716212916473,9.162248302798295,3,4.0,0.37,0.03484493693853968,1.48,50.0,0.036101414232989265,16.358104306829055,0.08661292746069507,1.4742078909835143e-06,1.4147937538067434,16.358080191582605,"do(cell_load=0.5,num_prb=50)"
0.5,-6.335275270580399,-0.17793423778781406,1.2780689311894515,23.476002040887174,7.124286335579991,91.82785448096111,-0.5578535886714863,-3.0,0.006100029070119229,7.157305495890748,2,2.0,0.59,0.0546875,1.18,50.0,0.05784177780151367,12.174143623134489,0.24401166966638682,8.944422006607056e-06,1.8176602873813992,12.174034732456354,"do(cell_load=0.5,num_prb=50)"
0.5,-9.773858558652195,-3.3501604186458245,1.3242526745700764,6.840729555586909,75.10953632542568,222.7409348139227,-0.3272269590394007,-1.0,-0.01069306766761647,-13.340635418473816,0,2.0,0.3,1.0,0.6,50.0,3.0,3.6170341159493558,11.940687320327312,1.0,42.36827246593063,0.0,"do(cell_load=0.5,num_prb=50)"
0.5,-15.845007574100926,3.238841166716461,0.5374409943774512,25.54330868925596,160.50536082394964,135.30258622472437,0.22827093610831783,7.0,0.08866183860924698,-0.2578913503896053,0,2.0,0.3,1.0,0.6,50.0,3.0,5.048437908631508,4.93906681286574,1.0,32.184097182350165,0.0,"do(cell_load=0.5,num_prb=50)"
0.5,-5.472238013479981,-0.18838977006232688,0.9079272828597088,22.65083632155466,197.6043507201786,135.2677530030249,-0.4355150350181528,3.0,-0.09594344868463375,6.462664027882998,1,2.0,0.44,0.0078125,0.88,50.0,0.007874011993408203,9.142166097406697,0.31647453543949666,3.725290298461914e-09,1.5233186929501699,9.142166063349475,"do(cell_load=0.5,num_prb=50)"
0.5,-5.3501481103763435,-0.9912837371438914,1.6961801513281511,9.793049521416238,16.560756142213908,218.15990847192876,0.08308025124186204,2.0,0.19050992648186746,-5.252460229339061,0,2.0,0.3,1.0,0.6,50.0,3.0,4.129479739861844,15.498535792218417,1.0,47.54332478868133,0.0,"do(cell_load=0.5,num_prb=50)"
0.5,-0.2021330127969476,-1.6670225599578052,0.9452816300861522,26.99221862626289,160.72417499751498,49.181731939705585,0.04991280174684952,-2.0,0.012015734643776345,16.917907883097595,7,6.0,0.55,0.03364579481001334,3.3000000000000003,50.0,0.03481592268742723,31.596872275526714,0.029354734655414234,1.281513448581073e-06,1.3212251773618384,31.59683178370996,"do(cell_load=0.5,num_prb=50)"
0.5,-2.8686446528662186,-1.1827841834646706,0.9380739305848819,16.196136560858086,199.41892858619025,144.6680956335005,0.8153330693642655,5.0,0.022734372834668636,3.8354118679283795,0,2.0,0.3,0.0078125,0.6,50.0,0.007874011993408203,5.920430351269822,5.722869002380625,0.0697360388966809,9.387165190319083,5.507562990008579,"do(cell_load=0.5,num_prb=50)"
0.5,2.5963291808708613,2.2293179731561055,0.8128260753398575,3.016493529217155,199.91690065019984,273.10375643856264,-0.3851705924299939,0.0,0.09946640700837278,-5.324460047482884,0,2.0,0.3,1.0,0.6,50.0,3.0,4.829127697616671,7.43522173695058,1.0,35.81486798101903,0.0,"do(cell_load=0.5,num_prb=50)"
0.5,6.0978112398527475,-0.5152223729853695,0.9991171581976607,4.500563029609546,107.91418427967986,126.93872384338228,0.46420709019728335,3.0,0.11683722956429088,1.0616661451513452,0,2.0,0.3,0.9863263962753767,0.6,50.0,2.918703690888864,4.2688004208911625,9.13386958229817,0.9645599977705301,37.635258010453704,0.15128629643354466,"do(cell_load=0.5,num_prb=50)"
0.5,6.847284327564182,-0.31928188440211225,1.3001148733931784,4.566472440258023,32.134217986855816,203.89568978847177,-0.5408519847054724,-1.0,-0.08584683776074206,1.0304722375031128,0,2.0,0.3,0.987301205889384,0.6,50.0,2.9244502250241973,4.309144441619811,11.647689894612682,0.9743648535287407,41.337696192357484,0.11046554892673675,"do(cell_load=0.5,num_prb=50)"
0.5,-3.415539011094438,-0.09812389768388638,0.43874553786602055,24.505177292708865,11.189014166915547,190.813635564904,-0.08620617950702535,-1.0,0.158600167337976,11.310887009853364,4,4.0,0.48,0.017752578005007125,1.92,50.0,0.018073326827258016,20.00685255338732,0.18146437350661243,9.932206002094546e-08,1.4085347942640458,20.00685056626551,"do(cell_load=0.5,num_prb=50)"
0.5,0.03117974828419317,-3.5239553282079026,0.7282268258346815,9.494907683760562,191.1325511107518,253.14363778855096,0.45493968992776757,-0.0,0.12143523100155325,-0.5179129971897456,0,2.0,0.3,1.0,0.6,50.0,3.0,3.5792786700789727,6.693682334159547,1.0,34.73626521332298,0.0,"do(cell_load=0.5,num_prb=50)"
0.9,6.124525286133046,-3.201297170502267,0.8098444507805973,11.196313356768423,123.7207831104226,293.88908637841695,0.2639002674949554,-2.0,0.018130790910602844,0.01277348997344413,0,2.0,0.3,1.0,0.6,50.0,3.0,3.6493733733046803,7.326976959205487,1.0,35.657421031571616,0.0,"do(cell_load=0.9,num_prb=50)"
0.9,-5.098191248484101,0.2941729853111588,1.1273424986556118,13.020481127160668,70.10897639525116,46.97214707918355,-0.19044864366315514,0.0,0.20601280928769153,-9.073605510348267,0,2.0,0.3,1.0,0.6,50.0,3.0,4.408734131291735,10.38027885965458,1.0,40.098587432224846,0.0,"do(cell_load=0.9,num_prb=50)"
0.9,7.469997094441123,-0.15993977090069644,1.3439457254444378,27.93252625427723,107.2274594868461,208.04723906427932,-0.10455494716111789,3.0,-0.08508293737931186,17.92310016662494,8,6.0,0.65,0.0642447507542559,3.9000000000000004,50.0,0.06863730176702484,40.2085523380149,0.0,1.703533169816751e-05,1.5490984141361988,40.20786737198872,"do(cell_load=0.9,num_prb=50)"
0.9,-5.717691101102155,0.3531010471437036,1.249333592260644,13.344387717068168,35.82321232813151,181.78839898135544,-0.495888586560425,-1.0,0.18795786893263397,-9.8879018872377,0,2.0,0.3,1.0,0.6,50.0,3.0,4.421535744724322,11.463193539084935,1.0,41.673736056850814,0.0,"do(cell_load=0.9,num_prb=50)"
0.9,-0.9362617548246492,2.6891679692296564,2.2911813814684043,18.184333666662877,143.9575277232511,71.92076477827499,-0.07028042131854653,-0.0,0.07309331725311914,0.021778967892354367,0,2.0,0.3,1.0,0.6,50.0,3.0,4.929026145039547,20.751005285005448,1.0,55.18328041455338,0.0,"do(cell_load=0.9,num_prb=50)"
0.9,1.0595034377870625,-1.8903838863430342,0.5584735910508416,23.030096801532036,29.658871993071813,78.41632351711993,0.40839940624367527,2.0,-0.03996515750484596,7.776540136044635,2,2.0,0.59,0.0546875,1.18,50.0,0.05784177780151367,11.122406220030909,0.09511048797559817,8.944422006607056e-06,1.601076750376616,11.122306736535949,"do(cell_load=0.9,num_prb=50)"
0.9,-1.3405499881107572,0.8120232352312824,0.9124708091802978,16.71083616394269,173.11048482631833,113.24895484186695,0.5824327283933999,-6.0,0.09576090860865395,-1.4090389144897182,0,2.0,0.3,1.0,0.6,50.0,3.0,4.521232633860588,8.330809961460833,1.0,37.117541762124844,0.0,"do(cell_load=0.9,num_prb=50)"
0.9,-10.058895333625463,1.489222988527366,1.3046670102769682,13.048322999744576,44.284242432973386,53.257430093224336,0.5391830643900948,8.0,-0.10276687990664105,-13.182228951558102,0,2.0,0.3,1.0,0.6,50.0,3.0,4.6683484423352555,11.671852887842986,1.0,41.97724056413526,0.0,"do(cell_load=0.9,num_prb=50)"
0.9,6.653945593531631,-1.973454827891381,0.5095246682338319,8.587609098691098,79.65790937261262,96.92859849556172,-0.3916202575166576,5.0,-0.0321581372445084,-2.1637608461072655,0,2.0,0.3,1.0,0.6,50.0,3.0,3.916111537389113,4.566301993565821,1.0,31.641893808823014,0.0,"do(cell_load=0.9,num_prb=50)"
0.9,-2.0398756024455174,0.14680179475510396,0.9857410928276449,16.603333654492427,157.71681599465688,184.77315489573107,-0.5060670171794452,2.0,0.15893786260636977,-3.4294275639907985,0,2.0,0.3,1.0,0.6,50.0,3.0,4.376719010584729,9.055251225375857,1.0,38.17127450963761,0.0,"do(cell_load=0.9,num_prb=50)"
0.9,4.462668520118707,-2.2507671103648477,0.5094297382934742,20.852052518845678,158.6392457991513,62.84540878028155,0.022143302819567345,-1.0,-0.06202875803592887,8.169992520826229,3,4.0,0.37,0.09264336025033348,1.48,50.0,0.10202129115840346,13.583286294357817,0.00814695944441133,7.36643219221289e-05,1.8280204520954624,13.58228569078347,"do(cell_load=0.9,num_prb=50)"
0.9,-0.005683315616135549,0.5491469765106921,1.3119681060591744,13.813283838264327,144.95678767568447,255.21355258230767,0.16214964105131197,-5.0,0.09006050494312554,-3.6079881212483045,0,2.0,0.3,1.0,0.6,50.0,3.0,4.464125032828185,11.930572662127163,1.0,42.353560235821334,0.0,"do(cell_load=0.9,num_prb=50)"
0.9,3.4994620177353974,2.1423872223914935,1.0214369623952602,11.679371729422304,32.63109583932998,49.76867860178395,-0.18097927925912735,-1.0,0.15519070200031987,-1.6389494389397068,0,2.0,0.3,1.0,0.6,50.0,3.0,4.810242741416083,9.373659287617535,1.0,38.63441350926187,0.0,"do(cell_load=0.9,num_prb=50)"
0.9,11.249023866221794,-0.5783967002719643,1.239774268643154,17.943735665947756,66.51697927115984,181.34171985734764,-0.5351117317709451,-1.0,0.053175596270562675,11.492883752531368,4,4.0,0.48,0.015625,1.92,50.0,0.015872955322265625,19.53047517215133,0.12160658459613802,5.960464477539063e-08,1.3038659474452348,19.530474008044294,"do(cell_load=0.9,num_prb=50)"
0.9,-15.371141818250548,-1.8772363463478279,1.7339148855316913,4.5417735331349,35.32734555759155,179.4762173659553,-0.3364338135812566,4.0,0.05005243599121757,-28.177119003181122,0,2.0,0.3,1.0,0.6,50.0,3.0,3.9370141730347816,15.698634277914715,1.0,47.83437713151231,0.0,"do(cell_load=0.9,num_prb=50)"
0.9,-0.006251226162906515,-0.41193798499733913,1.6858024171135413,4.515024686774714,77.93735882114672,113.19835938053545,-1.1544356041196187,2.0,-0.055889154516560846,-13.698225399644446,0,2.0,0.3,1.0,0.6,50.0,3.0,4.255337610155751,15.158477659933135,1.0,47.04869477808456,0.0,"do(cell_load=0.9,num_prb=50)"
0.9,-4.6479714543273705,-0.45962211413653276,0.5873957114413887,6.967024184908071,190.24208777961786,141.12563894531863,-1.2608093332269925,3.0,-0.1671782951450362,-16.41829899645538,0,2.0,0.3,1.0,0.6,50.0,3.0,4.244978644170339,5.1340680006134916,1.0,32.467735273619624,0.0,"do(cell_load=0.9,num_prb=50)"
0.9,-2.111977987559313,-0.1868171662273368,0.7930624048545178,26.896247634712292,27.215281027298182,185.39135852048125,-0.5311811214938652,4.0,0.048203294651759716,7.274275876676014,2,2.0,0.59,0.0546875,1.18,50.0,0.05784177780151367,12.168687983550095,0.19601832347870668,8.944422006607056e-06,1.7478517838356828,12.168579141669504,"do(cell_load=0.9,num_prb=50)"
0.9,-6.819551468402391,0.7748331454972538,0.8032237882531398,21.07777446634036,121.15173160324873,88.27658014640616,-0.5442285324492601,-3.0,0.05090520524625891,-3.4236652250672606,0,2.0,0.3,1.0,0.6,50.0,3.0,4.513153407470092,7.299999894230839,1.0,35.618181664335765,0.0,"do(cell_load=0.9,num_prb=50)"
0.9,1.5031619149082385,-0.4582163529585076,0.951286178021021,13.585690155887896,157.17434769195987,234.11770265333035,-0.6176902683064721,2.0,-0.09638224606023077,-3.1063541397211907,0,2.0,0.3,1.0,0.6,50.0,3.0,4.245284033667635,8.488975510579477,1.0,37.34760074266106,0.0,"do(cell_load=0.9,num_prb=50)"
0.9,4.471542523830211,-3.65855338866557,0.8458704151946488,26.040946237618922,88.43521327923168,263.47228148102965,0.01833821001555067,2.0,-0.10890576080807374,13.129054537513538,5,4.0,0.6,0.0234375,2.4,50.0,0.023999691009521484,20.51636476802071,0.0,3.0174851417541504e-07,1.1919975280761719,20.516358577238126,"do(cell_load=0.9,num_prb=50)"
0.9,-5.456910834841699,-1.0017203605088176,0.9121408589871816,7.857839715785109,191.17157601401993,43.35520451248919,0.6873053184482422,-1.0,-0.1498030304060504,-14.090538277358851,0,2.0,0.3,1.0,0.6,50.0,3.0,4.127212473406705,8.082268221953257,1.0,36.75602650465928,0.0,"do(cell_load=0.9,num_prb=50)"
0.9,-8.357231433237894,1.3305645379276143,0.4841508281602437,2.8731098918747096,100.68774240890757,164.4139705428954,-0.06460218263985543,0.0,0.13891004893495762,-22.812319337252617,0,2.0,0.3,1.0,0.6,50.0,3.0,4.633881261687723,4.508371273081153,1.0,31.557630942663494,0.0,"do(cell_load=0.9,num_prb=50)"
0.9,0.502126041305645,1.5318393308200124,0.790151789704434,22.5802336715989,179.73439879074905,137.90982142560006,-0.03698620605783029,-4.0,-0.15613403436320067,5.603178738552934,1,2.0,0.44,0.03125,0.88,50.0,0.032257080078125,9.89980893142,0.11824143579434976,9.5367431640625e-07,1.4300441835985995,9.899799490226485,"do(cell_load=0.9,num_prb=50)"
0.9,2.2944355799185883,1.5369718248658315,2.1365274677516144,14.734151852242713,106.90971700537455,235.6898113078248,-0.010881404312791816,-1.0,-0.08219496517939853,-0.4056461717476634,0,2.0,0.3,1.0,0.6,50.0,3.0,4.678721465401888,19.199965431278905,1.0,52.92722244549659,0.0,"do(cell_load=0.9,num_prb=50)"
0.9,-10.486201268421617,-1.288850110424907,0.44190815553903245,16.58225539942417,172.73299349883493,220.68918419285853,0.42397041323566564,3.0,-0.07444449907096444,-11.076190354059714,0,2.0,0.3,1.0,0.6,50.0,3.0,4.0648360104939,3.9137766046688003,1.0,30.692765970427345,0.0,"do(cell_load=0.9,num_prb=50)"
0.9,6.334435835415615,-1.5833589451334213,1.2551582108246402,8.091188319999121,163.37011746079878,197.21939202750858,-0.3747117761842384,-2.0,-0.18254827296328813,-3.4762447515042387,0,2.0,0.3,1.0,0.6,50.0,3.0,4.000856505022739,11.145254579729079,1.0,41.21127938869684,0.0,"do(cell_load=0.9,num_prb=50)"
0.9,-10.38771928739309,2.1758574469425858,1.1376432300912418,27.93720601396534,15.601768067172095,119.84391574011153,0.23704098168235244,3.0,0.13632639970652688,1.0273541342283008,0,2.0,0.3,0.9873986466167218,0.6,50.0,2.9250250551080335,4.855170702876066,10.403556551279973,0.9711871548715313,39.532646333635135,0.13989128153424668,"do(cell_load=0.9,num_prb=50)"
0.9,5.546888688656128,1.0001851047533281,2.1097062853994264,15.479435687592847,94.23677761064599,259.8459086656653,-0.1140187213767839,-4.0,-0.0344139805158221,3.494445756396172,0,2.0,0.3,0.011864533423975823,0.6,50.0,0.012006970713940602,6.603165705410673,4.346093555878347,1.9815391438804397e-08,7.4176463924436655,6.6031655745663596,"do(cell_load=0.9,num_prb=50)"
0.9,-10.89040262049873,2.272833592037352,0.9909579395021805,26.379233486477105,119.1030859769778,161.8946242462574,0.19836729989254104,2.0,-0.21109651877636226,-1.6342013149111976,0,2.0,0.3,1.0,0.6,50.0,3.0,4.838581090683976,8.732298885230808,1.0,37.70152565124481,0.0,"do(cell_load=0.9,num_prb=50)"
0.1,5.885139415506724,0.2659581867624311,1.0403378173693156,4.066427906853775,96.87576750346327,166.89657814733079,0.572086171401988,2.0,0.021153523210148722,7.668498396311537,2,2.0,0.59,0.0546875,1.18,100.0,0.05784177780151367,24.893539208856858,0.05374665181919455,8.944422006607056e-06,1.540911170512756,24.893316550536937,"do(cell_load=0.1,num_prb=100)"
0.1,-10.296118448436165,-0.3484456420243132,1.130585771971508,15.643983305964989,94.41508443610542,248.04254868417794,-0.46847307928137233,7.0,-0.12253999420147432,1.8801162227746258,0,2.0,0.3,0.5957447718391236,0.6,100.0,1.1620934740898137,10.542733053451617,0.19910715780216537,0.12596240932668035,10.586358204067114,9.214744997150822,"do(cell_load=0.1,num_prb=100)"
0.1,-2.3298128592382192,-0.5722715473130892,2.4811546387322556,9.552732098398625,49.56262068947051,130.93816469571584,-0.4224420075548331,2.0,0.07833188105593168,4.227099758956919,0,2.0,0.3,0.006203297921976256,0.6,100.0,0.006242017535603748,12.228019798091943,0.5344799304058023,1.4807800541305483e-09,1.8273614936023608,12.228019779984935,"do(cell_load=0.1,num_prb=100)"
0.1,-2.8839485773473315,-0.599673870139477,1.814708416501436,14.268692885557705,7.671576210104666,230.14922313944075,-0.29883681040425875,-1.0,-0.012917043314784389,8.543341472905746,3,4.0,0.37,0.06930905074536364,1.48,100.0,0.07444573823296041,29.81516501034337,0.024943583373236038,2.3075961367524656e-05,1.6318474816792994,29.814476996747427,"do(cell_load=0.1,num_prb=100)"
0.1,5.405092339478285,2.398233235943059,0.9845776301262597,5.920092147094515,188.5139094366066,277.97695724799365,0.5786716105686056,-3.0,0.21637277567180913,8.572216346025328,3,4.0,0.37,0.06750437117538977,1.48,100.0,0.07236881793054745,34.433072337241036,0.2313204979341015,2.0764791950234063e-05,1.9154167222576182,34.43235734165775,"do(cell_load=0.1,num_prb=100)"
0.1,-11.933501701035002,0.4792479351932968,0.44222649786185586,14.838418525987533,199.11740399841392,91.22710138184999,0.292129950370368,-1.0,-0.001914852489937323,0.23257604696087547,0,2.0,0.3,1.0,0.6,100.0,3.0,8.897880137359847,0.21931592166344904,1.0,25.319004976965015,0.0,"do(cell_load=0.1,num_prb=100)"
0.1,3.389512046384789,0.5585865137023522,1.4997544957144977,19.157410126971744,92.06937925177813,286.4051304811361,-0.1050475140715432,3.0,-0.05115326914766876,19.3910151919197,8,6.0,0.65,0.02418807783752025,3.9000000000000004,100.0,0.024787292499026004,83.87555458784809,0.0,3.422988420487272e-07,1.198298339992208,83.87552587734288,"do(cell_load=0.1,num_prb=100)"
0.1,3.6143215254110315,3.110848556237695,0.9906916645941942,3.6838896283791183,173.58734246440127,153.67213490154913,0.3246842522824448,-3.0,0.024275194064303972,4.559708642368003,1,2.0,0.44,0.09485205399544397,0.88,100.0,0.10470234173937276,21.02423113105986,0.07018481108488002,8.09444281836269e-05,1.9397057318566258,21.022529336692955,"do(cell_load=0.1,num_prb=100)"
0.1,-1.2451995988233524,-1.6263553897339444,0.9617282889165241,14.282625780662476,38.14672824357999,174.0612954556098,-1.0035339583318057,3.0,0.11718065213094991,9.418992087370611,3,4.0,0.37,0.02682169367065479,1.48,100.0,0.027560392535650947,28.435091382310915,0.13948516131991978,5.175410380253709e-07,1.4233706476596364,28.435076665984205,"do(cell_load=0.1,num_prb=100)"
0.1,-5.169985955422722,-0.4499872057168931,1.142661563494591,12.695627682936092,161.5013030863378,218.84165693573073,-0.04092814715550135,2.0,0.12243058533422951,4.322168460173754,0,2.0,0.3,0.004717849465463206,0.6,100.0,0.004740212579424048,12.307756852819622,0.3286977307759045,4.954231469511683e-10,1.5160274908548899,12.307756846722075,"do(cell_load=0.1,num_prb=100)"
0.1,-8.45099308916522,0.314096483813731,0.8054129577864374,11.764264223087952,96.02116812969837,261.6725798288022,-0.19622925090529372,3.0,-0.06098895708020731,0.08966346430167729,0,2.0,0.3,1.0,0.6,100.0,3.0,8.826124679174242,0.3539702575704492,1.0,25.51486582919338,0.0,"do(cell_load=0.1,num_prb=100)"
0.1,-7.180436907042212,-0.42907386956092797,1.0006053119545384,15.705295204410035,18.327689440181267,259.4646639266171,0.30710860587374045,2.0,0.24619532211715245,6.172233063525365,1,2.0,0.44,0.011210925121263746,0.88,100.0,0.011338019006691704,18.052833239566482,0.3129791114774083,1.5796679520008183e-08,1.545946496020673,18.05283295439166,"do(cell_load=0.1,num_prb=100)"
0.1,-1.8623011274622665,1.0576437583467257,0.9061348883371922,13.818280551844701,18.94073213853869,78.71089946552819,0.22793357175803045,-4.0,0.027767287822045864,9.923740515014762,3,4.0,0.37,0.011048305306775086,1.48,100.0,0.011171718968868162,32.6688333466923,0.0432085792687243,1.489987644376356e-08,1.152222594323635,32.668832859930724,"do(cell_load=0.1,num_prb=100)"
0.1,2.3840904740218845,0.49057366980477823,1.0162297992516067,13.095269848865382,81.25584958396345,150.013907393885,0.9581345951093205,2.0,-0.006053950026522211,13.679677800683999,5,4.0,0.6,0.011961316406917055,2.4,100.0,0.012106100839604473,51.54264857273377,0.0004228468852434516,2.046990910109514e-08,1.0974638567317354,51.542647517660434,"do(cell_load=0.1,num_prb=100)"
0.1,4.611087044079824,0.9311368599532441,0.7392994177981969,6.262746879133545,134.1628265747806,200.127874118743,0.22690163857132384,6.0,0.1335589180192939,8.052748603242058,3,4.0,0.37,0.09997110509934415,1.48,100.0,0.11096446035755905,31.994449654318068,0.14675017559728484,9.988447048259186e-05,2.10117048372925,31.991253905655963,"do(cell_load=0.1,num_prb=100)"
0.1,5.380845127028659,-0.1374886745871614,0.408503742311787,21.58082543285268,144.6137609892452,270.8812475454123,0.06272427351530195,-1.0,0.01892650374521719,23.822759120481436,10,6.0,0.85,0.057871536128703716,5.1,100.0,0.06141446923460654,105.39285124453995,0.019513379082974167,1.1216569232863627e-05,1.5196988507248146,105.39166909832733,"do(cell_load=0.1,num_prb=100)"
0.1,16.785559007216538,0.6972319048961773,1.0721899627465383,26.6738950834417,88.86346241972988,220.81124582499203,-0.2558145021951538,5.0,-0.043949845657933605,40.27227789004552,11,6.0,0.93,0.015625,5.58,100.0,0.015872955322265625,120.97704225278194,0.0,5.960464477539063e-08,1.126983642578125,120.97703504198832,"do(cell_load=0.1,num_prb=100)"
0.1,11.205195475415925,4.0886210654621795,1.951128575107923,21.603686638845936,27.199567741456338,67.65800172769708,0.8285141629354066,5.0,-0.035294554800916894,31.365640857398727,11,6.0,0.93,0.015625,5.58,100.0,0.015872955322265625,140.79999402037382,0.0,5.960464477539063e-08,1.126983642578125,140.7999856280402,"do(cell_load=0.1,num_prb=100)"
0.1,-6.809287324297586,-2.757290310265607,1.0674211019545876,20.881415416432223,91.02284065824973,104.5599553123519,0.582795771476511,-1.0,-0.04699989771950003,11.975041787374764,4,4.0,0.48,0.015625,1.92,100.0,0.015872955322265625,34.678734633683554,0.0,5.960464477539063e-08,1.126983642578125,34.67873256666989,"do(cell_load=0.1,num_prb=100)"
0.1,0.3988830273192166,-3.657404724159911,0.7432433380875543,24.78259548126899,132.10408629435784,252.22885188444312,0.15294299130247513,-5.0,0.06469988168920465,22.200430303391656,10,6.0,0.85,0.09522426590638289,5.1,100.0,0.1051553880686183,86.15563826570424,0.06631761888839342,8.222247269962235e-05,1.9377050956593367,86.14855433608902,"do(cell_load=0.1,num_prb=100)"
0.1,-9.980190698464444,-2.0534264891570717,0.9129818445111263,3.373185722961657,44.3729904781999,273.4721603430258,-0.05712155422439723,-4.0,-0.02485428580148138,-9.489427244457923,0,2.0,0.3,1.0,0.6,100.0,3.0,7.797476766780031,0.7459645292835899,1.0,26.085039315321584,0.0,"do(cell_load=0.1,num_prb=100)"
0.1,2.7666254088413003,-2.1156465390242087,0.9404403485137691,23.58744578668273,89.02581945203495,205.59456293698443,-0.1744936356154334,2.0,-0.07106776268805763,23.275638355301485,10,6.0,0.85,0.0625,5.1,100.0,0.066650390625,94.82271711316787,0.0,1.52587890625e-05,1.533203125,94.8212702333291,"do(cell_load=0.1,num_prb=100)"
0.1,3.6838696193758946,-1.5264856196684766,0.602374284496637,15.35201795986921,65.3909807919089,207.84870851135656,-0.02945267522772908,-2.0,0.08800410934853868,16.19460601621514,7,6.0,0.55,0.0546875,3.3000000000000003,100.0,0.05784177780151367,63.460130314314384,0.09048114064594381,8.944422006607056e-06,1.594343154260755,63.45956270012826,"do(cell_load=0.1,num_prb=100)"
0.1,-6.69445288671084,1.464608545341283,0.8126945945120858,18.503945020745455,44.58560367883056,146.9488641278268,-0.5821641333627259,-3.0,-0.22810333885850853,8.639681112038094,3,4.0,0.37,0.06328782329959193,1.48,100.0,0.06754666167065006,33.02142858973549,0.0,1.604281723133205e-05,1.5403732933652003,33.02089883299191,"do(cell_load=0.1,num_prb=100)"
0.1,3.9093291078563404,-1.1011868140291143,0.9960033905679592,14.108152226934694,60.67572900176532,153.0084415074618,0.2334191664060329,-8.0,-0.09193236123597243,15.57315028395172,6,4.0,0.74,0.0546875,2.96,100.0,0.05784177780151367,58.232272655623945,0.0,8.944422006607056e-06,1.4627342224121094,58.23175180160291,"do(cell_load=0.1,num_prb=100)"
0.1,-11.851338044616345,-0.0834110633332045,1.3611035736555348,18.0887825965159,177.4308380850256,87.23906252929586,-0.24915275784444896,-2.0,-0.07804568238466254,3.0902751349560886,0,2.0,0.3,0.028724326719892168,0.6,100.0,0.029573113732398456,12.492036766493358,0.1576489002424693,6.807684675980141e-07,1.465892401120961,12.492028262308631,"do(cell_load=0.1,num_prb=100)"
0.1,-8.13811224801338,1.5399651808115824,0.7373917004225184,4.657126168888455,150.0029817546624,80.06559741667456,-0.44099859505814176,2.0,-0.06621512962427205,-6.722366354006356,0,2.0,0.3,1.0,0.6,100.0,3.0,9.358743492352618,0.24262247423340344,1.0,25.35290541706677,0.0,"do(cell_load=0.1,num_prb=100)"
0.1,-4.241805169143618,-0.5659334314143126,1.6482163852230434,12.146966145959313,33.660625810288984,148.32176467444594,-0.8311199366607943,1.0,-0.054255157563602475,4.539869487069007,0,2.0,0.3,0.0013162709202248768,0.6,100.0,0.0013180057698906767,12.241041873636142,0.2478542172265827,3.0018210139814983e-12,1.371059271215973,12.241041873599396,"do(cell_load=0.1,num_prb=100)"
0.1,-7.992103723602176,-1.441337147759615,0.8886585559056733,16.60589934968531,43.17567867374067,238.90475782438259,-0.7260663811408037,-5.0,0.017944187452489758,5.1244840676269865,1,2.0,0.44,0.03125,0.88,100.0,0.032257080078125,17.06563135986627,0.0860428534129057,9.5367431640625e-07,1.3832098819528629,17.06561508481195,"do(cell_load=0.1,num_prb=100)"
0.1,11.337183496469052,1.181207103273809,0.747358854691151,24.780562113441913,102.26223189867403,169.27636250489576,-0.29100107130408315,1.0,-0.04105635377820489,32.946996024787865,11,6.0,0.93,0.015625,5.58,100.0,0.015872955322265625,123.80591754839955,0.0,5.960464477539063e-08,1.126983642578125,123.80591016899182,"do(cell_load=0.1,num_prb=100)"
0.5,-17.2834712225605,0.940289715382991,1.8593823596190246,14.08548826694057,117.651644264584,74.18952708796311,-1.2524494099927965,-4.0,0.0023416877831152023,-14.331705979741361,0,2.0,0.3,1.0,0.6,100.0,3.0,9.098194841856056,0.8614030372370557,1.0,26.252949872344807,0.0,"do(cell_load=0.5,num_prb=100)"
0.5,4.121307495518597,0.012214033617533003,1.2694101678780993,5.740649818805559,178.50417993661577,83.43086544702908,0.08197528018057987,-1.0,-0.27030451101757985,-0.14501146292023498,0,2.0,0.3,1.0,0.6,100.0,3.0,8.694961959433826,0.4208322256320591,1.0,25.612119600919357,0.0,"do(cell_load=0.5,num_prb=100)"
0.5,-5.782330072392498,1.0003459514556934,1.1185123127477055,5.489466097343223,73.57518509127934,147.47498126116466,0.2591367900355335,-2.0,-0.0778703467746581,-9.954420612667377,0,2.0,0.3,1.0,0.6,100.0,3.0,9.1242882409773,0.43371067638966554,1.0,25.630851892930423,0.0,"do(cell_load=0.5,num_prb=100)"
0.5,-1.261074491833271,0.3232792248031433,0.7045504994911848,23.013547856699248,19.700794578314888,213.9699504110464,0.24255035617051524,0.0,0.2585593320082809,12.205056761522544,5,4.0,0.6,0.06533148134391895,2.4,100.0,0.06987853178754395,50.68341129144932,0.26321264919038206,1.8217552193333653e-05,1.941883016759089,50.68248796375878,"do(cell_load=0.5,num_prb=100)"
0.5,14.364037962698255,-1.2544144684562641,0.7040883644088363,24.559496212909906,154.8229181834815,291.72784116558444,0.8073414762703096,-2.0,-0.06982563796253166,29.268187466556455,11,6.0,0.93,0.015625,5.58,100.0,0.015872955322265625,109.56950684628669,0.0,5.960464477539063e-08,1.126983642578125,109.56950031543515,"do(cell_load=0.5,num_prb=100)"
0.5,13.956334716697981,-0.3571705429692391,0.5955404958064102,14.787101759084344,126.54397146628413,155.66485211684926,-0.9853371216790828,6.0,0.03167110898864558,17.62650226903502,8,6.0,0.65,0.09668514580315368,3.9000000000000004,100.0,0.10693697764925499,79.16749670272397,0.03321559456369383,8.738542966546525e-05,1.9038094132866856,79.16057861700907,"do(cell_load=0.5,num_prb=100)"
0.5,-0.7115177403572707,-1.419766486021903,0.8165455801106726,5.030296453684743,86.4186492486242,243.21284665780723,-0.36005813983240675,-0.0,0.025620889174743706,-6.202193945341449,0,2.0,0.3,1.0,0.6,100.0,3.0,8.072791112969792,0.6202519262616343,1.0,25.90218462001692,0.0,"do(cell_load=0.5,num_prb=100)"
0.5,17.861218855355315,-0.4251204260048698,1.3015667830961426,15.295457464051882,75.15598031632884,42.746436251662196,0.5979496994280666,-2.0,0.06649945789817407,24.1449240041931,10,6.0,0.85,0.042770057204719436,5.1,100.0,0.04467757331387696,104.12566779522727,0.06841642245569067,3.3462572450737582e-06,1.456935382810202,104.12531936395702,"do(cell_load=0.5,num_prb=100)"
0.5,-3.9891117693654192,3.03866383648504,1.0336757812364599,19.650170621133025,192.8136079729048,245.2808116206408,-0.7537226650885862,2.0,-0.15631398680064235,4.417236821329597,0,2.0,0.3,0.003232406322403153,0.6,100.0,0.0032428885466741506,14.50730138276098,0.0,1.091701173905335e-10,1.0259431083733932,14.507301381177216,"do(cell_load=0.5,num_prb=100)"
0.5,0.757056105537353,0.24695937134136847,1.076671963981215,20.287678874364488,63.828756488059064,193.1346751613981,0.1042232815488375,-1.0,0.05683871531719529,11.172238501041662,4,4.0,0.48,0.019918960955189968,1.92,100.0,0.020323629107377977,40.69381319766505,0.0682093334875011,1.574224696154758e-07,1.2618026088408436,40.69380679154448,"do(cell_load=0.5,num_prb=100)"
0.5,0.689617741472873,1.7448412087715548,1.488556478238982,10.492656825374983,107.87459455471662,188.88447841616335,-0.40492175350409837,3.0,-0.11090385031632106,0.6372990121753974,0,2.0,0.3,0.999587869180875,0.6,100.0,2.9975278944224972,9.450175335309861,0.4922171646492834,0.9983524955543969,25.696175394869844,0.015569205876652064,"do(cell_load=0.5,num_prb=100)"
0.5,6.111864418082263,1.1642577919187422,0.5011458824979068,16.93364199729415,142.8018405291302,228.69006883897592,-0.30636676977001354,-3.0,-0.008142826585228607,12.412558819917702,5,4.0,0.6,0.042181926833795735,2.4,100.0,0.044036296718302156,52.98394711317782,0.0,3.1659616963608528e-06,1.3522903737464174,52.98377936803074,"do(cell_load=0.5,num_prb=100)"
0.5,-4.521021708968288,-0.8032061920810677,0.5301689735236722,7.853046424638393,142.1119948918025,296.67404017577394,0.5856932095237554,2.0,0.002077337575989919,-6.515300946990818,0,2.0,0.3,1.0,0.6,100.0,3.0,8.340675930337191,0.34052128590103325,1.0,25.49530368858332,0.0,"do(cell_load=0.5,num_prb=100)"
0.5,3.0063280970607096,-1.1567744285913415,1.159908577573129,12.109974191968139,38.18919642005621,201.33122159333976,-0.768244108499546,2.0,0.1553728132549736,4.47819570054406,0,2.0,0.3,0.0022799238346771777,0.6,100.0,0.002285133738533333,11.867164401324326,0.3875535157805524,2.701971979490736e-11,1.5819952746799792,11.867164401003679,"do(cell_load=0.5,num_prb=100)"
0.5,0.00885862198217804,0.21101051609282237,0.8466544997953124,15.568729771566508,101.5058703590867,298.68278870345074,-0.2542116891590174,-0.0,0.09817687148661225,5.01986924010708,1,2.0,0.44,0.03125,0.88,100.0,0.032257080078125,18.585048805732413,0.15083465218122394,9.5367431640625e-07,1.4774524983431438,18.585031081648697,"do(cell_load=0.5,num_prb=100)"
0.5,-11.552261708289068,1.5711287723790648,1.5683432529839092,26.36536895918238,37.26206980447096,88.97767848942051,0.2869001091783855,-1.0,0.10295467364789149,5.504254517761624,1,2.0,0.44,0.03125,0.88,100.0,0.032257080078125,19.83574649620762,0.18637418496060865,9.5367431640625e-07,1.5291463642040672,19.83572757936564,"do(cell_load=0.5,num_prb=100)"
0.5,-3.9183654315176866,-0.8450587367052216,1.044499518933143,6.822953121050142,160.6587894416506,170.2563459411358,-0.8971633212861985,2.0,0.10295051519042181,-8.257388283867414,0,2.0,0.3,1.0,0.6,100.0,3.0,8.322491721293593,0.7754896781652452,1.0,26.127984986422174,0.0,"do(cell_load=0.5,num_prb=100)"
0.5,-1.2406045298787038,-1.4997385922444932,0.9538037315184994,5.593340017138764,183.16858382446642,95.43407554029032,-0.3948709075239315,-0.0,-0.0606773884840364,-6.179638841417766,0,2.0,0.3,1.0,0.6,100.0,3.0,8.038044611645496,0.646461524798715,1.0,25.940307672434493,0.0,"do(cell_load=0.5,num_prb=100)"
0.5,-1.081324666017125,-0.7476481216983777,1.5307695997229338,23.16750920359658,84.95238510014457,176.43931889907677,0.4536069895728903,7.0,-0.059693230452629115,12.509429442656613,5,4.0,0.6,0.03764111639290932,2.4,100.0,0.03911130198911321,48.232958661514246,0.0,2.007474246501495e-06,1.3128904159129058,48.2328618350919,"do(cell_load=0.5,num_prb=100)"
0.5,5.160408231767434,0.9527476476688324,1.4678055071001066,10.966743921800342,198.82899900425508,292.59891512621965,0.22693961079727465,4.0,-0.12462332142652513,5.775209211324292,1,2.0,0.44,0.02982141819318905,0.88,100.0,0.03073725586990005,19.271485937308768,0.0,7.908846963999849e-07,1.2458980469592005,19.271470695785464,"do(cell_load=0.5,num_prb=100)"
0.5,3.308455293344161,-1.3221946103588633,0.6462863926466019,6.702148482322998,92.48128556179218,170.93685859030532,-0.6628498236695357,-0.0,-0.06362644025413165,-0.6997878088084076,0,2.0,0.3,1.0,0.6,100.0,3.0,8.115184410671665,0.3969690521527693,1.0,25.57740953040403,0.0,"do(cell_load=0.5,num_prb=100)"
0.5,-0.7711244946021438,-1.1750534069713714,0.8597891184047003,12.916858415270621,172.46315023667853,173.42479155918298,-0.1563547213137199,0.0,-0.035599233676142095,1.6858910142465346,0,2.0,0.3,0.7839004426007119,0.6,100.0,1.880107093163128,9.25083287711769,0.33918281287698615,0.3776101319048979,16.534213564035188,5.7576246541591125,"do(cell_load=0.5,num_prb=100)"
0.5,-11.373187215401696,0.020543884012717215,1.2384458005159569,13.410923310840486,139.93426094475896,103.38664187277071,0.3168289407786814,4.0,0.025471311609432834,-7.686444524675941,0,2.0,0.3,1.0,0.6,100.0,3.0,8.698581135812422,0.6987061751378943,1.0,26.016299891109664,0.0,"do(cell_load=0.5,num_prb=100)"
0.5,12.346365282818512,0.33826587733861857,0.8192247630618193,3.449474867889677,57.19419646966434,67.84906333475092,-0.9469782196795202,0.0,-0.20134159304071533,5.223722159029059,1,2.0,0.44,0.03125,0.88,100.0,0.032257080078125,18.70206656185406,0.0,9.5367431640625e-07,1.258056640625,18.702048726173516,"do(cell_load=0.5,num_prb=100)"
0.5,3.6078312453197126,-2.406949695806608,0.7290041467862037,16.205249666546475,131.2537367302149,141.2950228348691,0.45512214372550613,-3.0,0.18921535364133688,10.155145453715726,4,4.0,0.48,0.0931176990982886,1.92,100.0,0.10259601978879049,34.930036998190445,0.1999412977186772,7.518460887279144e-05,2.1115918640829454,34.927410797020826,"do(cell_load=0.5,num_prb=100)"
0.5,10.474893426464714,-1.01088646156303,1.0291663952814547,25.75833424249551,74.9598877937921,34.36215986260257,-0.26565052440853476,-1.0,-0.04956538498012326,26.393614287582125,11,6.0,0.93,0.046875,5.58,100.0,0.049175262451171875,110.44255994106999,0.0,4.827976226806641e-06,1.393402099609375,110.44202672701617,"do(cell_load=0.5,num_prb=100)"
0.5,6.880905146418477,1.1561925157759423,1.0866915459817836,13.8558430446774,74.14184359801172,115.8041034749337,0.5534179042584965,-3.0,-0.1090216917433605,11.446145725287675,4,4.0,0.48,0.015639160576346012,1.92,100.0,0.015887568998062557,42.54948293491025,0.0,5.982101192181233e-08,1.1271005519845005,42.549480389557125,"do(cell_load=0.5,num_prb=100)"
0.5,-0.7526254519004099,0.6215126196523223,1.1687669234559206,21.410715904058364,89.85991534398221,246.4644314652997,-0.4781827738713512,3.0,-0.043021537325846765,10.000357105462195,3,4.0,0.37,0.008654036855292813,1.48,100.0,0.008729577330376347,32.003923502176555,0.0,5.60886470601929e-09,1.0698366186430108,32.00392332267088,"do(cell_load=0.5,num_prb=100)"
0.5,-9.241049158342259,3.055354982792941,1.143255461741176,5.961442434542684,15.424095854772716,147.86813344795914,0.5855280227166696,-0.0,0.10067142613226139,-12.321380039540863,0,2.0,0.3,1.0,0.6,100.0,3.0,10.01715423390314,0.4828174877577261,1.0,25.702279982193055,0.0,"do(cell_load=0.5,num_prb=100)"
0.5,-9.32286914139432,-2.056823735924252,1.345556005124573,8.00939929361008,165.13673841322137,214.39420296038304,-0.022984578115848888,2.0,-0.16301604531522293,-11.70085256727593,0,2.0,0.3,1.0,0.6,100.0,3.0,7.796000721632911,0.9739651221686965,1.0,26.416676541336287,0.0,"do(cell_load=0.5,num_prb=100)"
0.9,1.4896117130647533,-1.3244951047765126,1.3043278599556585,19.764627980155527,16.24380954297788,70.62102247867574,-0.36645743630555777,1.0,0.0639161248568881,4.270887146766039,0,2.0,0.3,0.005519119987458743,0.6,100.0,0.005549748789072531,11.755781838587302,0.33217187577429297,9.278533497081298e-10,1.5275570823479154,11.75578182767966,"do(cell_load=0.9,num_prb=100)"
0.9,3.411569844216164,-0.988252351861473,2.013470584942569,25.414913984535406,163.87448885101114,126.951819205097,0.32877503033651206,2.0,-0.06489076187097302,11.782378498533765,4,4.0,0.48,0.015625,1.92,100.0,0.015872955322265625,38.23664397741822,0.0,5.960464477539063e-08,1.126983642578125,38.23664169833663,"do(cell_load=0.9,num_prb=100)"
0.9,-15.968490716075937,0.5460813945032863,0.8010551307666739,14.688244814138837,196.18325339110564,151.5748884923666,0.3578606367751186,2.0,0.08100740214658578,-18.43802547008096,0,2.0,0.3,1.0,0.6,100.0,3.0,8.926918123129015,0.4770596750430699,1.0,25.693904981880827,0.0,"do(cell_load=0.9,num_prb=100)"
0.9,25.454048800988907,-1.9072215768617211,1.0275618213103843,14.424195352177344,33.91513407424987,210.08688424286126,-1.1506526240511181,-4.0,0.15191187111498572,21.663863020738713,9,6.0,0.75,0.0390625,4.5,100.0,0.04064798355102539,84.97029736190451,0.15421347916040218,2.3283064365386963e-06,1.5494943835506063,84.97009952501425,"do(cell_load=0.9,num_prb=100)"
0.9,3.3441936892465156,-0.802882839964564,1.5337103168323705,2.996946090598716,114.2510592029895,51.92354360611354,-0.42085662334819945,1.0,0.07737469069614498,-11.070706196541863,0,2.0,0.3,1.0,0.6,100.0,3.0,8.340816421256774,1.056384379740594,1.0,26.5365590978045,0.0,"do(cell_load=0.9,num_prb=100)"
0.9,2.8300230586857293,0.0728052727319782,0.6780559566589097,19.841454402963535,27.278891678066618,72.79736460485104,0.4628609098859694,-4.0,0.11675900973147646,6.444709296640921,1,2.0,0.44,0.0078125,0.88,100.0,0.007874011993408203,18.52539169854181,0.15926035994287555,3.725290298461914e-09,1.2946435285914482,18.52539162952935,"do(cell_load=0.9,num_prb=100)"
0.9,0.3341483639542354,-2.1588326906794286,2.696969720809114,9.995177408770969,45.689920537816306,72.77783740906092,-0.4926258862666308,-0.0,0.03918526917394072,-6.950317916699833,0,2.0,0.3,1.0,0.6,100.0,3.0,7.75167958956687,2.376240895948153,1.0,28.456350394106405,0.0,"do(cell_load=0.9,num_prb=100)"
0.9,-9.818198162390974,1.0203009033187378,1.0663211773766563,16.544508261168588,43.887911369372205,207.2980752629221,-1.2707849940330784,-1.0,0.050863588594829305,-11.654803082692357,0,2.0,0.3,1.0,0.6,100.0,3.0,9.132958323510898,0.5369478126548392,1.0,25.78101500022522,0.0,"do(cell_load=0.9,num_prb=100)"
0.9,3.8874699613960644,0.59090101643905,0.6559930321477283,23.351919942856767,91.32760867500726,82.81370227743659,0.3304921087363875,2.0,-0.0067776790116792045,10.553709794798753,4,4.0,0.48,0.06031333194141253,1.92,100.0,0.06417043163885974,41.11549657480345,0.0,1.3232846811095378e-05,1.513363453110878,41.114952499735715,"do(cell_load=0.9,num_prb=100)"
0.9,4.740810377425166,-1.4112959400009462,1.5527230426029641,13.50758186091409,31.97586975507838,194.46658663559023,0.6081415017767032,-1.0,-0.0655069525923777,1.8331550774068361,0,2.0,0.3,0.6412383814141698,0.6,100.0,1.3160937126837053,9.780145381032904,0.4955223564936041,0.16907447084112914,12.249509492733067,8.126572475985453,"do(cell_load=0.9,num_prb=100)"
0.9,10.997331743618167,1.8651315737537473,1.0830397500775104,19.289321638562786,170.49544217210473,296.5033096609297,-0.07981311037911047,-1.0,-0.1709993462379751,12.494104965993381,5,4.0,0.6,0.03835945123649828,2.4,100.0,0.039887342654254865,54.77242260757663,0.0,2.165157742761714e-06,1.319098741234039,54.77230401664173,"do(cell_load=0.9,num_prb=100)"
0.9,-2.341689488946405,0.17368091427363078,0.9179358858204928,4.093448586460716,119.4356150037721,65.55546527421873,0.17554466839476218,-1.0,-0.05875608159909218,-15.130520938108443,0,2.0,0.3,1.0,0.6,100.0,3.0,8.765116535167165,0.4263663439101563,1.0,25.62016922750568,0.0,"do(cell_load=0.9,num_prb=100)"
0.9,5.926655754618642,-1.5374943252525868,0.6164328934316375,23.834486779461947,174.75626588020407,78.46636064143841,0.09145872125495223,-1.0,0.21728926643319257,12.589264198304416,5,4.0,0.6,0.03389886222191851,2.4,100.0,0.03508694937835294,46.281930537279386,0.22222898198852156,1.3205063298382669e-06,1.6039377506464914,46.28186942169715,"do(cell_load=0.9,num_prb=100)"
0.9,-3.114610610527567,2.517821221622705,0.9634599631213762,27.506940173923663,62.02195463341819,51.207814972062266,0.6430718801871635,2.0,-0.015782936664329086,8.248693702790558,3,4.0,0.37,0.08772453637756294,1.48,100.0,0.09609522310081735,34.495466742513386,0.0,5.922217136333785e-05,1.768761784806539,34.493423846070705,"do(cell_load=0.9,num_prb=100)"
0.9,-0.2809924584423078,-0.9159621069768582,0.7714963249662099,19.026102109420968,145.58908283332804,224.19309707200344,-0.36485259267444203,-1.0,0.11836913026748336,0.8533924943280223,0,2.0,0.3,0.9928349478636055,0.6,100.0,2.9572146712308554,8.328548153962151,0.6137011091860962,0.9716463505657257,25.550373528662984,0.23614473465391536,"do(cell_load=0.9,num_prb=100)"
0.9,-3.1021777170955853,-1.949997727573562,0.9583884487301153,27.369249844333652,129.883577694007,285.4749858852275,0.8230679506011281,1.0,0.21417562645096655,7.511033476511451,2,2.0,0.59,0.0546875,1.18,100.0,0.05784177780151367,22.171586220981187,0.2533916239468038,8.944422006607056e-06,1.831303857243824,22.17138790895747,"do(cell_load=0.9,num_prb=100)"
0.9,-0.7535719596601751,-0.3963113779871293,0.896465657550271,11.638644245589951,40.22930428579633,192.04338902338108,1.1494253772318,-3.0,-0.05287324189142008,-5.027869360942615,0,2.0,0.3,1.0,0.6,100.0,3.0,8.51746471163318,0.474692392040726,1.0,25.690461661150145,0.0,"do(cell_load=0.9,num_prb=100)"
0.9,2.643042900172665,-0.6228986450479365,1.4910478047926132,15.25592307105809,11.799685016369512,168.09368832432054,0.228803420478547,7.0,-0.018670352607646993,1.2782164280785528,0,2.0,0.3,0.9410327994051129,0.6,100.0,2.659900282748474,8.726021711118705,0.7824603498696961,0.7841859258698866,23.417326407252805,1.8831982964243514,"do(cell_load=0.9,num_prb=100)"
0.9,-12.36738341410335,-0.8303328606691132,0.8752895452305223,21.62286544223166,91.26218171857685,119.09820802121854,-0.7586068203719859,-1.0,0.11372276147934382,-8.62353168499787,0,2.0,0.3,1.0,0.6,100.0,3.0,8.328889860536869,0.6756032693562628,1.0,25.9826956645182,0.0,"do(cell_load=0.9,num_prb=100)"
0.9,-3.7323540307863534,-0.31262475111505506,0.656566832238319,24.131848367519737,44.18832792051589,147.82374997171976,-0.641802517817845,-4.0,0.007905602332850292,2.7699888461092677,0,2.0,0.3,0.07876905935220795,0.6,100.0,0.08546235178943322,12.246059845613471,0.1281120480296397,3.8496623255834805e-05,1.8700436114494874,12.245588413661226,"do(cell_load=0.9,num_prb=100)"
0.9,5.059284772847761,2.3477359785993683,0.8930356938716097,12.682019745273202,56.04545754197892,282.1698053182069,-0.2312206031002374,-4.0,-0.10546948167582942,0.21541521536567088,0,2.0,0.3,1.0,0.6,100.0,3.0,9.70970597690869,0.22498097612161116,1.0,25.32724505617689,0.0,"do(cell_load=0.9,num_prb=100)"
0.9,-2.231467787993132,3.129501357124908,0.9021980983211858,4.36118060767074,10.271649452327972,202.05391157974887,0.610480563915837,-4.0,-0.09871834738970214,-14.16826000698243,0,2.0,0.3,1.0,0.6,100.0,3.0,10.049369555164615,0.1997561685043402,1.0,25.290554426915403,0.0,"do(cell_load=0.9,num_prb=100)"
0.9,8.826506335245618,-0.7111259514818146,0.6460222470576327,12.42311456261309,123.23015737004405,209.42146878840288,-0.16602501427938351,-3.0,-0.08353664223222018,3.6525005927938956,0,2.0,0.3,0.0078125,0.6,100.0,0.007874011993408203,12.13765484459373,0.03774453628301301,3.725290298461914e-09,1.117893239631648,12.137654799377442,"do(cell_load=0.9,num_prb=100)"
0.9,-8.629153631471869,-1.6269922895609383,0.6186456098233363,2.4841946339921175,117.77300355624865,94.02576270122667,0.18802510541429657,3.0,0.1256811602268738,-23.10084574243685,0,2.0,0.3,1.0,0.6,100.0,3.0,7.982755074190764,0.5977992442551748,1.0,25.869526173462074,0.0,"do(cell_load=0.9,num_prb=100)"
0.9,3.6686737316823312,0.9840064240607074,1.2018096547035606,10.304559849086374,43.275603848750364,57.82512371876675,0.09214988852311325,2.0,-0.13195644131868456,-2.657343771840361,0,2.0,0.3,1.0,0.6,100.0,3.0,9.11718899804017,0.4192304913355652,1.0,25.609789805579005,0.0,"do(cell_load=0.9,num_prb=100)"
0.9,-10.031883303196814,-2.0807852577774937,0.7538914454463346,20.758701955536004,175.2720286879335,192.5735013556798,-0.1360895861237641,3.0,-0.008708693554974885,-6.959219587623498,0,2.0,0.3,1.0,0.6,100.0,3.0,7.785589853517365,0.6320793179989094,1.0,25.919388098907504,0.0,"do(cell_load=0.9,num_prb=100)"
0.9,-1.0596202431888204,-0.3642514562419771,1.1845876791042644,15.511023451565714,176.81011855376573,153.43366398166506,0.4369351381449527,3.0,-0.03679509687709048,-2.5827532627198626,0,2.0,0.3,1.0,0.6,100.0,3.0,8.531394194874174,0.6559926069640367,1.0,25.954171064674963,0.0,"do(cell_load=0.9,num_prb=100)"
0.9,-2.7861643256661006,-0.7662208427278269,0.7195087472257409,20.633330923496217,70.44115237623129,40.218706908258554,0.5188340392332055,3.0,0.02387377669392355,1.586292247387807,0,2.0,0.3,0.8543864752243852,0.6,100.0,2.208044558690962,9.102478988806514,0.3557455529696652,0.5328653241717772,19.181804546574483,4.25208357166934,"do(cell_load=0.9,num_prb=100)"
0.9,7.46794317117803,1.9956666110185164,1.2878013869518443,12.880028580534114,169.58109022100177,251.8964292242831,0.33105456568770714,-1.0,-0.13891903872381736,3.037606316404589,0,2.0,0.3,0.036953829618563985,0.6,100.0,0.03836987875680602,13.7779711028321,0.031860209030446784,1.8648238219176605e-06,1.3533011522805527,13.777945409343369,"do(cell_load=0.9,num_prb=100)"
0.9,-0.5599665622291481,-2.535337448080398,1.2406475030138626,15.819401157790729,49.2463048856406,225.56831321991933,0.3039983812184614,-5.0,-0.05296779404636476,-1.6065987466656209,0,2.0,0.3,1.0,0.6,100.0,3.0,7.588094763937483,1.131329777761033,1.0,26.64557058583423,0.0,"do(cell_load=0.9,num_prb=100)"
0.502207120794686,-4.876501645317173,1.0518430933206755,1.0506881008918048,12.310952559592254,106.98698205445599,168.39824376031245,-1.1103431660153118,-0.0,0.019112442523635288,-3.8101405364957337,0,2.0,0.3,1.0,0.6,10.0,3.0,0.914666286123588,9.501572553072164,1.0,38.820469168104964,0.0,do(num_prb=10)
0.4843520574638688,-12.868967788136464,0.6901185602459603,0.37370606821768826,23.031727977982978,12.968253861602715,253.5120937660307,-0.6189284819132765,-4.0,-0.04099442434094486,0.008832142205034255,0,2.0,0.3,1.0,0.6,10.0,3.0,0.8989499788244796,3.3317028413236884,1.0,29.846113223743547,0.0,do(num_prb=10)
0.27504149854157145,-7.323582835521795,1.0663928919095402,2.0326611650927826,5.244260941960777,131.86059005854602,259.0900035411113,0.19659784793649746,1.0,-0.194373726540212,-8.177838027036257,0,2.0,0.3,1.0,0.6,10.0,3.0,0.9152984497864147,18.150393288422134,1.0,51.40057205588674,0.0,do(num_prb=10)
0.46055687716581273,7.658029233029918,0.6639427033915376,1.007832641493037,2.4984140738903786,199.5555750927967,177.40273576517754,0.6572719746649928,0.0,0.08314457924989312,1.1434868442949986,0,2.0,0.3,0.9789254948442375,0.6,10.0,2.8753201482152173,0.9095439035703463,9.178834168724544,0.9462249887223491,37.35359270386653,0.04891073367201403,do(num_prb=10)
0.4995691036050779,9.997616436168084,-1.6625194358934792,0.6763146927300734,19.237450379400187,198.1452932956051,62.6998784689372,-0.6245898020104655,-5.0,-0.07021208090308101,18.549340098482254,8,6.0,0.65,0.0556070046899213,3.9000000000000004,10.0,0.05887108824674543,7.443467535876664,0.6369054700146493,9.561323413453948e-06,2.3973766623589077,7.443396366476236,do(num_prb=10)
0.6436920329186119,19.931714186931323,0.9727010331511476,0.976911263673764,26.22355752230518,95.72280652585214,151.97073011245857,1.063827855788251,-2.0,-0.07785940267338831,34.614934573078294,11,6.0,0.93,0.015625,5.58,10.0,0.015872955322265625,12.258718222325573,0.10047744971559047,5.960464477539063e-08,1.2731326603462567,12.258717491649028,do(num_prb=10)
0.49973548433141973,-0.9012424464172063,1.5520769026888985,1.343025532276245,11.369305480179642,181.56407981610116,190.1153051200489,-0.07909973559639506,-3.0,-0.08401615476570129,0.03234236940596301,0,2.0,0.3,1.0,0.6,10.0,3.0,0.9364005826685522,12.036789274027399,1.0,42.50805712585803,0.0,do(num_prb=10)
0.7661744432948,-4.03579862200212,-1.8085693185900973,0.6959388828063139,26.632117471647202,47.79800857530584,240.29388297003112,1.0083924680440504,1.0,-0.20961898093106,8.825045435766548,3,4.0,0.37,0.05170255306656357,1.48,10.0,0.05451391594637364,2.804019614454942,6.071229436395917,0.10159120808834876,10.266990507783232,2.5191558743190385,do(num_prb=10)
0.2647784937978045,-3.271241452146056,0.053272541419175395,1.333571818197289,4.721992987649596,42.191390592508114,70.58792316879038,-0.17783762034307052,6.0,-0.03278582611839026,-4.055222236505273,0,2.0,0.3,1.0,0.6,10.0,3.0,0.8712801173168332,12.002699833112132,1.0,42.45847248452674,0.0,do(num_prb=10)
0.16324025504189002,6.0107687946227975,1.1536976754053025,0.7449293702011504,5.604360835001432,184.366527782456,197.01249529681525,0.14034363198399588,2.0,0.022309147011046627,7.435063391201875,2,2.0,0.59,0.0546875,1.18,10.0,0.05784177780151367,2.5983987415851413,6.7452967130764225,0.16015557763573252,11.274074895977815,2.1822506901986127,do(num_prb=10)
0.8645018171281925,2.055557912839643,-0.07568609835828502,0.9612701843995612,6.6638922212379335,79.05994363838512,214.02736169814028,0.15970831408259287,-1.0,-0.12057329269130322,-7.76245168634107,0,2.0,0.3,1.0,0.6,10.0,3.0,0.8656770867609848,8.55489012151473,1.0,37.44347654038506,0.0,do(num_prb=10)
0.47961787029587055,4.199436998176479,1.01491878731462,1.3183854807114284,20.13558567445727,91.93346398650768,203.06376394868377,-0.650569658740143,-3.0,-0.1329015202464409,13.941179667243134,5,4.0,0.6,0.0078125,2.4,10.0,0.007874011993408203,5.289512082167144,11.76552744317419,0.491633557550741,18.176486558746088,2.689010439503684,do(num_prb=10)
0.3879610614468853,-13.132137235341968,-1.3138872945186457,1.2731072087760988,20.273383550051555,6.67867908974274,194.45736169261374,0.03862791597507049,-3.0,-0.043993016858075336,-0.47328430563748863,0,2.0,0.3,1.0,0.6,10.0,3.0,0.8118793796174658,11.445799542346206,1.0,41.64843569795812,0.0,do(num_prb=10)
0.28209409606780483,-2.082907754639867,2.7037711980124275,0.7738413116720151,13.390348169271276,195.80632481802866,30.244781795954474,-0.2576725318296649,-1.0,0.03104285786199358,5.037257474550917,1,2.0,0.44,0.03125,0.88,10.0,0.032257080078125,2.087726862807125,7.014960695701923,0.18249398892838742,11.461635834373253,1.7067292598205044,do(num_prb=10)
0.11787270025431017,-1.6088985720192956,1.3194739404837292,0.5905890015065327,25.537888166640975,20.220628631551637,259.0098207120797,-0.8249370626590827,-0.0,0.2041888636772674,20.11189236907371,9,6.0,0.75,0.09710097673905299,4.5,10.0,0.10744510266129777,9.913675061665849,0.40833713241516184,8.889849199500421e-05,2.453505741166981,9.912793750902738,do(num_prb=10)
0.4840015134760277,-4.066541217999264,1.9822242632761342,0.9743870383519799,21.35521415395775,127.55101060091214,278.84172524823504,0.2537732202226803,-2.0,-0.15288592441723214,7.468685822181826,2,2.0,0.59,0.0546875,1.18,10.0,0.05784177780151367,2.700170189599946,8.640957096709379,0.3051815246873062,14.031399090353023,1.8761281342226217,do(num_prb=10)
0.8969337990660954,0.5295189936267024,-0.6777436211698723,1.4600911962512073,11.811237855553017,106.68310406439323,146.23645625853294,0.34845585435275006,-0.0,0.02293997981291555,-4.499323657397621,0,2.0,0.3,1.0,0.6,10.0,3.0,0.8395187254250331,13.200263025980052,1.0,44.20038258324371,0.0,do(num_prb=10)
0.6390061018028785,-3.443733883863301,0.7648423492402954,0.5876209632017647,18.456887547951688,79.74925966324417,130.34182798463948,-0.23847265648548124,-1.0,0.16875241895926324,2.3680676947442247,0,2.0,0.3,0.23358473953488648,0.6,10.0,0.30089138105453617,1.2516915864853506,5.4720316118551855,0.04894615110561962,11.366449756589287,1.1904261009556059,do(num_prb=10)
0.4395329633645714,-4.453829317324871,0.5644158619618015,1.0411853105815256,6.21001352536823,103.73486554719541,282.9753977447226,-0.4929904263265147,-1.0,0.07563691625201241,-7.936646691863475,0,2.0,0.3,1.0,0.6,10.0,3.0,0.893488413312823,9.472334344250273,1.0,38.777940864364034,0.0,do(num_prb=10)
0.9027599413781615,3.345716885982035,-1.8338772776722956,0.8884019880386561,4.914535550684054,16.906289776615775,122.41127043557967,0.5394646371464251,-2.0,0.03359486206521305,-8.023930105547288,0,2.0,0.3,1.0,0.6,10.0,3.0,0.7892867113838934,8.051422804114077,1.0,36.71116044234775,0.0,do(num_prb=10)
0.6937709240202508,2.187360609201517,-2.681621727576969,0.7796567625645681,26.489512151833566,189.21636127349032,157.39319673454278,-0.4565374566579407,-1.0,0.05165299966816368,14.420794518687925,6,4.0,0.74,0.078125,2.96,10.0,0.08470535278320312,5.315020365798843,7.088055281813384,0.18847718821210324,11.987541413994183,4.313260271963013,do(num_prb=10)
0.3683696971119481,-0.9876460317607572,1.4666181396938414,0.7939356963121391,4.8644059477510275,25.607766739185806,46.784710043286,0.5409533415069248,-7.0,-0.1859657912427816,-2.5988848058596252,0,2.0,0.3,1.0,0.6,10.0,3.0,0.9326875467591118,6.9793038679742665,1.0,35.15171471705348,0.0,do(num_prb=10)
0.30133769238433356,-13.682480456293884,-1.1686547508919465,0.6998601147871945,3.774605877314693,54.91567188082637,53.690677391789514,0.06815446245930655,5.0,0.0928378029713683,-15.827551992083379,0,2.0,0.3,1.0,0.6,10.0,3.0,0.8181894832371086,6.409075338925792,1.0,34.32229140207388,0.0,do(num_prb=10)
0.45335834247755585,-2.610419284747403,-2.4977776815057813,1.281514259325292,13.37245745551332,163.56665207472088,33.81559127576606,0.26041730915813627,2.0,-0.19722384399117765,1.9948229058145592,0,2.0,0.3,0.48462267264418807,0.6,10.0,0.8332998691064322,0.9801288230694531,11.36844234641957,0.5002176906015285,24.202315093098107,0.48985104670165713,do(num_prb=10)
0.38046827893276114,0.16870129264755532,-1.3656176219992102,1.0057836904023043,10.103702206331425,5.210194797296482,206.4392625255449,0.8054025304321776,-1.0,-0.1352498500316005,3.546499293075065,0,2.0,0.3,0.010237860402760424,0.6,10.0,0.010343747257292361,1.1721474302989552,8.941947955849187,0.3257772995658873,14.089219732020792,0.7902884057630675,do(num_prb=10)
0.2491598617716316,-5.9397245724339784,0.19470019864780763,0.6188537761670313,9.064881847893327,123.01265260414985,232.94072389358857,0.08034376787072264,0.0,0.24646686190674005,-2.5520453886217447,0,2.0,0.3,1.0,0.6,10.0,3.0,0.8774249051826288,5.831622191814192,1.0,33.482359551729736,0.0,do(num_prb=10)
0.6740608178615757,-3.6769231160557685,-1.7423947701080957,1.3390884815319741,14.490421914794002,22.546594968660255,179.93871391686565,0.4235073460669831,5.0,-0.010212418277154148,-1.636798182865962,0,2.0,0.3,1.0,0.6,10.0,3.0,0.7932614686090966,12.0750611275489,1.0,42.563725276434766,0.0,do(num_prb=10)
0.7148120396992794,-2.0238561902817906,0.1678962832435536,1.1430361743030408,4.411504362808594,131.33946163810404,87.03848538902135,-0.1618152047329072,-1.0,0.1876227211820163,-11.607123497881338,0,2.0,0.3,1.0,0.6,10.0,3.0,0.8762603212719614,10.50352419426695,1.0,40.2778533734792,0.0,do(num_prb=10)
0.7236954421224794,-16.767746937473603,-0.13373937300340713,1.1910553792831142,27.08206447330533,144.06897599338458,72.20970705200607,0.9843258989392467,2.0,0.009553541865009955,-2.685185571684761,0,2.0,0.3,1.0,0.6,10.0,3.0,0.8631547720695071,10.758828339895107,1.0,40.64920485802925,0.0,do(num_prb=10)
0.8322776348061511,9.62590433122378,1.0229880540338632,0.8158436328061613,16.244026504838295,25.934233777340214,287.6653325545645,-0.16817798595706054,3.0,0.04553852822390305,9.772495474919848,3,4.0,0.37,0.01577471280974113,1.48,10.0,0.016027479778181794,3.2591369807887753,7.408527314299503,0.21404268398510284,11.904259568115641,2.561542553945641,do(num_prb=10)
0.17480892485009386,-2.3662917187324974,0.9738411853330997,0.6852686921057897,17.837155995802203,147.75127145457827,287.55502566638967,0.3726878097911159,-2.0,-0.05793478637838635,11.260784744494885,4,4.0,0.48,0.01853542590123336,1.92,50.0,0.018885355982814215,21.081911005694685,0.0,1.180348569995715e-07,1.1510828478625137,21.081908517294334,do(num_prb=50)
0.5185942811758792,-2.6948623707868453,-0.6462482619398299,0.5572804552268702,25.474132579560322,144.59734054773043,47.829427481513385,-0.27025092878519813,4.0,-0.0864564925657854,12.303544465349663,5,4.0,0.6,0.04840390724863275,2.4,50.0,0.05086025285067683,24.20109610984428,0.0,5.489359582111497e-06,1.4068820228054146,24.20096326132545,do(num_prb=50)
0.30438611688473666,-3.6112106572990714,-0.3808968357938577,0.8999649486263426,19.81777347560437,38.92496587021899,231.08455581635542,-0.1615186740788256,6.0,-0.03719971450789227,9.638061211550875,3,4.0,0.37,0.019975783540021552,1.48,50.0,0.02038278644347939,15.197577811140775,0.0551601590760289,1.592264795569065e-07,1.243295250203877,15.197575391283962,do(num_prb=50)
0.49691810065157904,5.229446585545847,-3.448646597457254,1.6733927625180858,26.127196783667724,99.00544935681748,79.83508212339784,0.40111327491503057,-1.0,-0.06780284674083757,21.978157068752846,9,6.0,0.75,0.037060772980531176,4.5,50.0,0.03848517687926357,38.87813761309081,0.0,1.8865047055616202e-06,1.3078814150341085,38.878064269301255,do(num_prb=50)
0.3670679833839768,2.7779278011035298,-0.11496769652917246,1.1848448843265622,12.190228487788485,107.71384070727596,282.4013286144278,0.6529821519209544,-4.0,0.35708413752347257,7.712581049944395,2,2.0,0.59,0.0546875,1.18,50.0,0.05784177780151367,12.212815864763114,0.5756771813129251,8.944422006607056e-06,2.300082849776364,12.21270662818413,do(num_prb=50)
0.9827740050468615,-1.2293127454117596,3.950938363323442,1.2206511649804848,16.63268409838307,99.14144460849367,173.25772233407358,-0.9093821090495322,1.0,0.058453425930250914,-4.272944504316334,0,2.0,0.3,1.0,0.6,50.0,3.0,5.2031348858254365,11.074830189879115,1.0,41.108843912551436,0.0,do(num_prb=50)
0.26632335258729556,-9.616823280246983,-2.626071958622575,1.1154853050964304,16.99901489455339,159.65013307039374,86.74263115286166,0.6299540724045731,0.0,-0.1112070922298889,2.1696203315275895,0,2.0,0.3,0.33590916119346403,0.6,50.0,0.48664642407040526,5.100468611409987,9.956047786265387,0.39855383624074514,19.374695445312895,3.06765727970703,do(num_prb=50)
0.24881497066636166,-5.136223681824028,0.40554419786871154,1.204404811838378,20.480010213486977,42.86317249984421,166.1873184504422,-0.4495542302877194,5.0,-0.09113694758568783,9.593269061011759,3,4.0,0.37,0.02137553824436894,1.48,50.0,0.02184221865448979,15.803330870492605,0.020740251707390536,2.0877007012032323e-07,1.2049053880830318,15.803327571230112,do(num_prb=50)
0.7330574663753088,-6.711890923565068,-1.4696733009325078,1.140090584012456,23.51798292057224,187.80390614466393,188.312455527459,-0.7620594102584473,2.0,-0.04515964900640385,1.4754018396820985,0,2.0,0.3,0.8855744023916157,0.6,50.0,2.364321084677595,4.3089069700320906,10.244157871706003,0.7721391337571619,34.81516194535676,0.9818312747513149,do(num_prb=50)
0.748134012800926,-1.142474339579885,0.5240296171139577,0.4284293082268806,21.669846440810367,22.888279357472424,246.36596054235008,-0.0939292040605469,4.0,-0.09706223195387244,6.101438143252737,1,2.0,0.44,0.014529437009043189,0.88,50.0,0.014743608778956287,9.461177897280805,0.07584175206703374,4.456512670003576e-08,1.2282641459655175,9.461177475642213,do(num_prb=50)
0.6662278501594905,-1.784539791271541,0.9956811679390972,0.8766121894746435,14.947258181314783,56.28772583341766,224.47260474792796,0.5148902547605515,-2.0,0.06287374433902736,0.6841664314789774,0,2.0,0.3,0.9981232623276381,0.6,50.0,2.9887536559328516,4.566443404796441,7.974298754347678,0.9944400788384983,36.50900925378671,0.025389065319127716,do(num_prb=50)
0.8092835431483875,-12.413921217494797,-1.888733188803721,0.7998653709859086,8.689262838250224,184.9230864137213,175.6537353752074,0.14703247763109395,3.0,-0.04998746969254388,-19.48515880057526,0,2.0,0.3,1.0,0.6,50.0,3.0,3.93451658312195,7.1687975034552744,1.0,35.42734182320767,0.0,do(num_prb=50)
0.8155747573808734,8.396281373707694,-0.19871333571063554,1.2877859922511041,27.185703036870926,151.06807528324376,200.366314842778,-0.7480874402156796,5.0,-0.0011525570082612736,18.854822829515445,8,6.0,0.65,0.03651433400034687,3.9000000000000004,50.0,0.03789631502475285,40.31397179885421,0.012725540011887273,1.7776797902602226e-06,1.3216803965789499,40.31390013352128,do(num_prb=50)
0.747263654387466,-14.283667402016262,0.6768314928586036,1.4686230993960983,27.94462177620754,140.5153621384837,222.14350781614112,-0.11717039895014088,1.0,0.07778933441863234,-1.2151077340566119,0,2.0,0.3,1.0,0.6,50.0,3.0,4.491863393276179,13.332112806468407,1.0,44.392164082135864,0.0,do(num_prb=50)
0.6062922741132959,-7.1066813731973735,2.171887966938859,1.0664498670267777,6.683975700975388,182.88086050040658,218.86321082278215,0.6812877958842205,5.0,-0.08984059138308688,-12.073951156477092,0,2.0,0.3,1.0,0.6,50.0,3.0,4.816651523852236,9.534869458533572,1.0,38.86890103059429,0.0,do(num_prb=50)
0.3889595394923528,-5.194472125547249,-0.8491679526762026,0.553963539008536,18.415674457437326,137.47575297461236,215.95002555759083,-0.22381951773189696,-1.0,-0.007281828169178508,4.708342441673164,1,2.0,0.44,0.04375918548429489,0.88,50.0,0.04575784478876666,8.787370733941835,0.28276554093170336,3.66671300144894e-06,1.777358090574429,8.787338513175316,do(num_prb=50)
0.23978382681238347,12.79991259624815,0.04740947483666806,1.0045811803174312,4.0478843445123225,187.2817911161223,196.84628446049763,0.2797977497745831,5.0,-0.016520337553531154,11.422366109285887,4,4.0,0.48,0.016010717076373943,1.92,50.0,0.016271164373902598,20.15858819532457,0.03489919968484497,6.571176502934151e-08,1.1809317872600862,20.15858687066816,do(num_prb=50)
0.7748283868124266,-4.614834021779204,2.0773374390292805,0.6877600443257083,9.25249510713688,37.93649003663082,269.36579457690056,-0.030027925571325012,-2.0,-0.01814215802619202,-10.32529999166064,0,2.0,0.3,1.0,0.6,50.0,3.0,4.796111236754636,6.18889224201332,1.0,34.0020250792921,0.0,do(num_prb=50)
0.843532546406583,2.358883426171872,0.8714452151273058,0.9995469245998868,24.575979509214726,164.85158030734763,134.3641425208055,0.2593670502674037,2.0,-0.003593313607296872,10.816551349594432,4,4.0,0.48,0.035671936179317576,1.92,50.0,0.03698981528624992,20.922329809596082,0.043259808990173274,1.619223243487511e-06,1.3588418808211604,20.922295931673347,do(num_prb=50)
0.9096350296400489,6.461438793541902,-1.6445538031565374,1.9292571023849296,24.731604827305013,14.536650557394276,119.69718834823048,0.70147118480685,3.0,-0.045196940900747024,14.968973049606712,6,4.0,0.74,0.07081802337031318,2.96,50.0,0.07618838181939457,28.202062958775077,0.00037938264708550773,2.5152155150864886e-05,1.6100588838600083,28.201353616111962,do(num_prb=50)
0.2861650542550941,3.7685319160172113,2.6282431836575735,0.42038255638151195,2.4175725205429015,46.44252782243774,148.7159733432276,0.5642987923924234,4.0,-0.12718457423547996,0.7984652952858146,0,2.0,0.3,0.9945514228336745,0.6,50.0,2.9674271232227234,4.932411052044209,3.6667679971076623,0.9783831671673481,30.072897708847478,0.10662310517396446,do(num_prb=50)
0.5069404051063565,13.882068882365603,0.29780730071774175,1.0521974466585715,4.336998971544059,36.82763709526373,154.0875057344003,0.7622321835140291,-0.0,0.1999940101984054,9.092062740336457,3,4.0,0.37,0.037038235765472105,1.48,50.0,0.03846087687071458,15.680930919659803,0.2996798093094499,1.8819200418018767e-06,1.7435849194158255,15.680901409401631,do(num_prb=50)
0.7101023176300173,6.357667381323563,2.3839084964500383,1.2645034799365242,14.122269113762174,191.97338650108807,98.42756009944081,0.06576290374433384,-0.0,0.07854744020538576,6.595494277411575,1,2.0,0.44,0.0078125,0.88,50.0,0.007874011993408203,10.32916592889901,0.46197032486317446,3.725290298461914e-09,1.734948932111883,10.329165890419869,do(num_prb=50)
0.4188282473530072,9.836500423654742,1.5010815300299942,1.8388076113190608,3.892154116405565,169.22920393746946,239.8411111747122,-0.7470784962142908,6.0,0.30770522201854744,4.022305980607507,0,2.0,0.3,0.0078125,0.6,50.0,0.007874011993408203,6.764850704622176,3.5580856374833445,3.725290298461914e-09,6.2383893868321305,6.764850679421143,do(num_prb=50)
0.3045798694413698,7.6286000674505585,2.290665239184696,0.8970148425713133,15.860321029579685,155.35501588193245,222.4278252365416,0.2961243345474467,3.0,0.08893248617631543,16.950765081680874,7,6.0,0.55,0.032105613626422114,3.3000000000000003,50.0,0.033169477569796484,38.427385083747296,0.09965500796211893,1.0624876718434706e-06,1.4103085594123632,38.42734425512438,do(num_prb=50)
0.30965843140131893,9.859992407612108,0.4555996901009939,0.8193368663997347,7.412363774581301,79.46826857777182,233.9318394266462,-0.4428242873224919,-4.0,-0.060032227946959144,10.137994273659071,4,4.0,0.48,0.0944576350402147,1.92,50.0,0.10422265400230561,20.301857467653495,0.0,7.960645258142662e-05,1.833781232018445,20.30024130879968,do(num_prb=50)
0.5458348441123666,-9.40892956325389,-4.292181287713817,0.9905962816300949,19.027572805907056,189.30523041157,121.1716681764797,-0.13726370647111802,3.0,-0.07906200707332621,-1.5680104969559576,0,2.0,0.3,1.0,0.6,50.0,3.0,3.4123882030138946,8.861069434638273,1.0,37.88882826856476,0.0,do(num_prb=50)
0.6638158887050247,3.1889067746540114,2.5438619312238973,0.8433217041994646,12.539598655309959,127.05270952262222,296.57911081092755,1.1212284179252323,-3.0,0.10500815566762896,3.514490749461741,0,2.0,0.3,0.011238127390676797,0.6,50.0,0.011365842222925212,7.089230247464326,1.237154991049814,1.59505550989536e-08,2.890424906583131,7.089230134387169,do(num_prb=50)
0.38849888645793146,-3.7203258292801453,0.34705187161486306,1.1242865699291626,6.000005884911411,160.66200081956524,94.01981127771839,-0.12410196147998086,-7.0,-0.16309737876965716,-5.910973592656054,0,2.0,0.3,1.0,0.6,50.0,3.0,4.420221613488747,9.983588914841025,1.0,39.5215838761324,0.0,do(num_prb=50)
0.5528396630783009,-0.7950054490733159,0.2050608676587648,1.1742290628003895,15.961676584074858,143.29565472994457,89.34039924216984,0.06443003228322444,1.0,-0.11111482448533792,4.270239047198292,0,2.0,0.3,0.005529246543204802,0.6,50.0,0.005559988153802602,6.359290536305244,3.139006047916608,9.346818874433893e-10,5.610306884018215,6.3592905303613305,do(num_prb=50)
0.7846276451209669,-10.341228656208392,0.46205186765482603,0.6525887767662509,15.00981751696143,53.5305273270983,188.5712412924093,-0.7953751757492228,3.0,0.0365667775526689,-11.170917710571473,0,2.0,0.3,1.0,0.6,100.0,3.0,8.890408742498304,0.36402899335403255,1.0,25.529496717605866,0.0,do(num_prb=100)
0.797352997727053,-4.64144673186766,0.7295049384001735,0.6661730939200511,11.42140137155396,171.3415736994425,94.99356729642143,-0.5907153968342005,-1.0,-0.08599168813889693,-9.268540382536589,0,2.0,0.3,1.0,0.6,100.0,3.0,9.006612490477318,0.2330395565451325,1.0,25.33896662770201,0.0,do(num_prb=100)
0.8472607671322346,-14.621464367507514,0.08115885378987078,1.0169120252368293,20.978661060471243,151.19011532812206,76.43593332005996,-0.6085569323787828,-1.0,0.027468838838426282,-10.49410165973748,0,2.0,0.3,1.0,0.6,100.0,3.0,8.72491729509491,0.574105639692341,1.0,25.835062748643406,0.0,do(num_prb=100)
0.6768965413534118,-15.666852641551557,-0.15725021463011188,0.913754991298639,24.119655458728975,76.55603563804836,153.39525745876793,0.3840597860572121,3.0,0.041750437434869045,-4.29389402095835,0,2.0,0.3,1.0,0.6,100.0,3.0,8.621332665367607,0.5553334908592386,1.0,25.807757804886165,0.0,do(num_prb=100)
0.5314633043035626,6.788361572497477,0.3204166160971099,1.2563454478849803,2.0456512884228446,197.3282482822249,180.93845799492863,-0.5564645515380461,1.0,0.06491925069815617,-2.670921088145861,0,2.0,0.3,1.0,0.6,100.0,3.0,8.828870667683573,0.7114696383970438,1.0,26.03486492857752,0.0,do(num_prb=100)
0.4668993939331978,2.0646309464965236,2.363632336511563,0.9921506188387909,14.052910189862375,162.94130419622272,276.60930663981196,0.775199109199727,1.0,0.05001244586224121,7.025953301127652,2,2.0,0.59,0.0546875,1.18,100.0,0.05784177780151367,27.470201669766013,0.07487679524824138,8.944422006607056e-06,1.5716459245913696,27.46995596468967,do(num_prb=100)
0.4498712025861154,5.042237814442087,-1.4544722519835938,0.9047010745419783,13.68419036783599,180.02863952022346,140.46164537634726,-0.36527102645433523,-3.0,0.07884213959969835,9.014365598535475,3,4.0,0.37,0.0398700428935056,1.48,100.0,0.04152304144419152,28.641358671944527,0.09948728852036313,2.5268927628108173e-06,1.4768931148558786,28.64128629830258,do(num_prb=100)
0.15822521158934805,-2.876755089517076,2.5423908483939224,0.9109843128790848,3.0906168332885717,9.503653111201285,179.17451428543094,0.33342746745667573,6.0,0.03532879639223821,-2.9587209951383207,0,2.0,0.3,1.0,0.6,100.0,3.0,9.79428016171598,0.3629284127100142,1.0,25.527895873032747,0.0,do(num_prb=100)
0.5412920598664996,-7.180844268789612,0.36214105208338354,1.2264115436119063,6.143372061570883,21.929503467037495,297.5107239304225,-0.9913507130917574,2.0,-0.1328528313138949,-12.711501140176162,0,2.0,0.3,1.0,0.6,100.0,3.0,8.846999215732781,0.49358793712063087,1.0,25.71794609035728,0.0,do(num_prb=100)
0.19644992984674692,2.7010484524617944,1.1036788881276816,1.1960674612813722,19.912218260435694,15.694177061075473,240.3375524710339,-0.3722395755969801,-3.0,0.05896113013266357,17.892983734473788,8,6.0,0.65,0.06753873552078832,3.9000000000000004,100.0,0.07240829296158242,85.49102615675122,0.06160651741211852,2.0807107049991558e-05,1.6688758235648318,85.48924733581816,do(num_prb=100)
0.6057406687836256,2.9674893186824964,-2.2218320745552353,0.5326073211136519,5.977619648620985,118.78179526905974,174.2793585510819,-0.894205521778524,0.0,0.18343457298329488,-3.9994333624856546,0,2.0,0.3,1.0,0.6,100.0,3.0,7.724307443469104,0.6522999337395498,1.0,25.948799903621165,0.0,do(num_prb=100)
0.20565451132707363,4.952998980966168,0.10942652995711069,1.0004252707746097,20.730060166360534,93.2367966787062,166.9753837460545,-0.6279975624535127,-1.0,-0.060440419238513746,20.31141276965733,9,6.0,0.75,0.08774845796169584,4.5,100.0,0.09612389469997835,93.6665020076624,0.0,5.9286794912960517e-05,1.7689911575998267,93.66094882096766,do(num_prb=100)
0.08553059642624561,20.24536782193954,0.5275070977764705,0.5988314943505374,13.472582415070182,171.28183657249835,259.237960939271,0.6936113621230778,1.0,-0.09010904094643929,31.414138711686114,11,6.0,0.93,0.015625,5.58,100.0,0.015872955322265625,119.98498663603985,0.0,5.960464477539063e-08,1.126983642578125,119.98497948437735,do(num_prb=100)
0.381110049313507,5.225599007156147,-0.7985242237443182,1.5532799141570275,2.028555953242841,187.26895116343255,77.86689595488868,0.438607189417739,2.0,0.015457508310397845,-0.2607389834372169,0,2.0,0.3,1.0,0.6,100.0,3.0,8.342710164855916,1.0060735835644676,1.0,26.46337975791195,0.0,do(num_prb=100)
0.34728373552150893,2.2741509729894416,-2.510248283451399,0.6583403618652196,16.988022846330722,133.7576072604754,116.18708769270398,0.21942225454748568,-0.0,0.07619651577388935,12.173070033668846,5,4.0,0.6,0.07082920019377315,2.4,100.0,0.07620130999716872,43.57609104240441,0.08219781441482012,2.516803742169671e-05,1.7291709373079973,43.57499431771436,do(num_prb=100)
0.2256784573717447,-8.990821089348817,-1.3305160808174183,0.5788386533034547,16.229264460111335,163.0993614281262,88.2412973949676,-0.7044414922349066,4.0,-0.002793549254705546,1.4089525047585756,0,2.0,0.3,0.9042632778388564,0.6,100.0,2.4613642700749327,8.590224222942568,0.3270123467433974,0.6686203305773265,21.16656848313531,2.8466256632653506,do(num_prb=100)
0.41176037196964316,-1.7528874955814882,0.21278276347269715,1.3463373540263672,9.410670182204967,143.3504062467949,115.8865206290227,-0.2547803645577299,1.0,0.02882813164135948,-1.094311232184567,0,2.0,0.3,1.0,0.6,100.0,3.0,8.782105614474345,0.735305202351956,1.0,26.069534839784662,0.0,do(num_prb=100)
0.6590533518894707,9.617161447769659,1.678241602304132,0.9285992418837146,23.930954928993902,193.30408015756018,270.97131066466,-0.4952892876449072,-3.0,-0.014079201902638767,19.657145137097373,8,6.0,0.65,0.02002979744411909,3.9000000000000004,100.0,0.02043902604000419,88.5010680163722,0.0,1.6095565125162636e-07,1.1635122083200335,88.50105377162517,do(num_prb=100)
0.15652602998112483,6.546182339640269,-1.4242614076715474,2.1519588995855945,21.58651461595634,139.1352503532539,34.59659889719294,-1.0446100843719246,-2.0,-0.05133633476968174,23.470248144536196,10,6.0,0.85,0.0625,5.1,100.0,0.066650390625,98.4884362497056,0.0,1.52587890625e-05,1.533203125,98.48693343543177,do(num_prb=100)
0.06922429649109062,1.2170858983473338,-1.3040349677123881,0.9750507979669009,10.982013751549188,72.98614210431712,145.00987219334897,0.5220568444397616,-3.0,-0.062307217401770934,10.562654970911222,4,4.0,0.48,0.059474721680868536,1.92,100.0,0.06322234071422156,37.336985759849135,0.0,1.2512084638371945e-05,1.5057787257137725,37.33651859632317,do(num_prb=100)
0.7420659291361492,-2.420992712545737,3.5122373218750695,1.2386688142638855,26.4836240172248,135.53649077165613,63.29858552348077,0.568592851816645,4.0,0.061960067374601184,10.373057220055863,4,4.0,0.48,0.07609334235296539,1.92,100.0,0.08232413452703366,46.82247745101518,0.07164306546884705,3.3526378408921254e-05,1.762801171443683,46.82090766291812,do(num_prb=100)
0.1928212573531414,-13.580839893045574,-0.36165474891093724,0.376921477072106,22.292624876715433,188.90460513882914,194.21564943061492,-0.3606889174982089,2.0,0.125260945110777,3.492267239064431,0,2.0,0.3,0.011932612090592737,0.6,100.0,0.012076698373495107,12.349785812450973,0.192653178705254,2.0274123602170846e-08,1.3768363923774212,12.349785562069888,do(num_prb=100)
0.7325413481452892,-7.031847175172096,-1.2335957474915893,1.0535893314928615,26.089004043664325,96.41385535151275,131.58825460543437,-0.01937661061908762,-3.0,-0.017356494204395896,4.880462805040177,1,2.0,0.44,0.03125,0.88,100.0,0.032257080078125,17.256660109263944,0.06118986145506095,9.5367431640625e-07,1.347060075468725,17.256643652030412,do(num_prb=100)
0.8696285844614727,5.593534801986163,-2.3584045575081767,0.7978302619160946,19.285690803654077,46.92247089782856,250.6612913149409,0.43899339402091275,-0.0,0.2098012692945217,8.663345673805534,3,4.0,0.37,0.06180878818912694,1.48,100.0,0.06586524422546516,27.146834386113845,0.2303361555012847,1.4594893018693433e-05,1.8619563618055899,27.146438180970183,do(num_prb=100)
0.47284080802622774,-3.8730846533156953,1.168604139637967,0.6669529680206296,23.008771775884338,20.91561641793978,154.86531524669488,-1.0531491285019863,-2.0,0.11505207066208763,8.894509138421299,3,4.0,0.37,0.04736107165064163,1.48,100.0,0.04971037700999744,32.65253535656136,0.12643000168549537,5.031367995123048e-06,1.581581200349791,32.652371069640004,do(num_prb=100)
0.5206606136272001,0.9623550630630251,1.3378743280639271,0.7378316578278248,9.93938384589503,50.179756891705516,222.2862840719008,-0.3692666424240922,-3.0,-0.15115557992725856,0.19189892404497783,0,2.0,0.3,1.0,0.6,100.0,3.0,9.270938501158811,0.1680566476073301,1.0,25.24444603288339,0.0,do(num_prb=100)
0.06343846700607955,4.950939193051349,0.5266444455132615,0.7804495379894357,18.584792504797687,100.09262568254306,146.76726971999508,0.6923310283683384,-1.0,-0.1319987247929759,22.06457589949322,9,6.0,0.75,0.035710478750212826,4.5,100.0,0.03703125641273049,96.45263069023429,0.0,1.6262327028337964e-06,1.2962500513018438,96.45247383581199,do(num_prb=100)
0.709550960731314,-6.753056175618882,-1.4378099446068833,0.6679877198050148,11.968938072020395,75.52885851013131,98.30895780675208,0.23803235137792325,7.0,-0.18191827750423417,-8.11895710515205,0,2.0,0.3,1.0,0.6,100.0,3.0,8.064951541308734,0.3064899092783942,1.0,25.445803504404935,0.0,do(num_prb=100)
0.6430811400308092,4.659901468777257,0.08038368383361634,0.8712489529681307,12.965989199856313,53.994563618150664,121.69752685178628,0.5656956918936715,-0.0,0.06293923961908955,5.845249058860928,1,2.0,0.44,0.02653830033990924,0.88,100.0,0.02726127215575758,18.47871154618004,0.11788502507864687,4.960122691466395e-07,1.3895593046331833,18.478702380512395,do(num_prb=100)
0.6000481160133213,-2.2838659465994766,-0.20756485173328423,1.5788102773805555,9.319572931444814,136.39608710069524,106.97975432367241,-0.02042000277086618,-2.0,0.0343571604939103,-4.825978047159147,0,2.0,0.3,1.0,0.6,100.0,3.0,8.599471823040021,0.9302702003577175,1.0,26.353120291429406,0.0,do(num_prb=100)
0.20282312398720728,-13.534146105586487,0.594902169796513,0.816377057789774,21.844750457265096,42.41585883118737,93.8265345372162,0.11409153738860278,3.0,0.15892613382205312,4.136918318695192,0,2.0,0.3,0.007612382926065739,0.6,91.0,0.007670772425090204,11.793487639976684,0.32528752175061837,3.3580139779942897e-09,1.5345116655834392,11.793487600373988,do(mcs_idx=0)
0.05736828684590152,-4.928611226950228,0.6845982140694817,1.3405250372535118,10.398443985453333,68.64158741996134,57.8180566763018,0.2039528747677758,9.0,0.030348094436518886,4.0008713819197625,0,2.0,0.3,0.0078125,0.6,100.0,0.007874011993408203,13.01592374391404,0.2376068816140775,3.725290298461914e-09,1.408602105567742,13.015923695425945,do(mcs_idx=0)
0.7393654628038491,2.652077383594622,1.7321264339153868,1.494485835188426,7.533632749614421,158.56625273965957,226.70257391703552,-0.6980361124437717,-0.0,-0.09841145908504369,-5.189362433815635,0,2.0,0.3,1.0,0.6,57.0,3.0,5.382073518909665,13.389323203490488,1.0,44.475379205077076,0.0,do(mcs_idx=0)
0.3399567661568805,1.7630715387295683,2.2717513067481536,1.3115766950915364,10.24566789873603,85.90803081529523,242.78758362220677,0.281208725706999,2.0,-0.0012645477686238004,5.012505884567819,0,2.0,0.3,0.0,0.6,82.0,0.0,11.505586725066095,0.28582994480594914,0.0,1.4157526469904715,11.505586725066095,do(mcs_idx=0)
0.29973104993090943,-13.009349231705318,0.3144775402968512,1.4706003540828503,8.718330264346188,146.05235522695406,121.52971522289457,0.1793135136408781,3.0,0.07751829586990952,-10.615347107455994,0,2.0,0.3,1.0,0.6,85.0,3.0,7.502346705399283,1.5581724918124937,1.0,27.266432715363628,0.0,do(mcs_idx=0)
0.41469048907301187,0.2001688792785038,-0.39362846337896923,2.2046739499846906,20.134357272252664,90.79440704388315,234.9198731131349,0.10469163731145305,-6.0,-0.10941330994920354,11.811253151696627,0,2.0,0.3,0.0,0.6,69.0,0.0,8.522889706969162,1.1848736741215788,0.0,2.7234526169041144,8.522889706969162,do(mcs_idx=0)
0.8129241899897168,7.831758939367379,2.3994350886679046,0.5955023987472272,27.50454237263148,56.31545789542691,59.818448457367374,-1.0324386790283673,1.0,0.1235850937035081,19.078423405566816,0,2.0,0.3,0.0,0.6,53.0,0.0,7.479171376106212,0.7320590753771528,0.0,2.0648132005485857,7.479171376106212,do(mcs_idx=0)
0.7074367440069795,-9.125889076102943,-0.13415247031794347,1.1649836521134873,22.796891195547804,26.429635273815503,176.34607929541684,-0.08353011764954131,-3.0,0.005920073412695799,0.0978528155874099,0,2.0,0.3,1.0,0.6,55.0,3.0,4.74725253036885,10.51989753373691,1.0,40.30166913998096,0.0,do(mcs_idx=0)
0.484646006694274,-4.696775371169991,-0.2797552098465008,1.17735145966689,9.138592295866149,45.47783684163305,192.1815090762283,-0.2806634095832844,-2.0,0.0432215062879486,-5.4516202465619035,0,2.0,0.3,1.0,0.6,69.0,3.0,5.911993386399811,7.354230629482931,1.0,35.69706273379335,0.0,do(mcs_idx=0)
0.486916405952476,7.499258357549937,-2.17613569657768,1.586785733213548,25.554001346844895,59.53120029577887,89.65056310680448,-0.5058296855881769,4.0,0.13846655510448877,23.076677946308592,0,2.0,0.3,0.0,0.6,75.0,0.0,8.421775883367046,1.113822398912469,0.0,2.6201053075090455,8.421775883367046,do(mcs_idx=0)
0.6518219228364257,2.2580004591272536,-0.9850008308964957,1.2795664396037034,26.127499294450757,6.260650190192339,278.4354116825397,-0.03481022279633946,-2.0,-0.004116113448364061,15.806072359506306,0,2.0,0.3,0.0,0.6,60.0,0.0,7.187669685921125,1.5913319235973127,0.0,3.314664616141546,7.187669685921125,do(mcs_idx=0)
0.34580273400727896,6.30130305475134,-0.5627655949105177,1.1165332914273154,24.484978227800234,189.80338957655033,130.19120173654832,-0.3414941331696791,-1.0,0.016177683130186426,22.971667625787635,0,2.0,0.3,0.0,0.6,78.0,0.0,9.551456986660972,0.4525791517676959,0.0,1.6582969480257397,9.551456986660972,do(mcs_idx=0)
0.793926738698675,-8.578461719076355,-4.543500027760866,1.1420966759532054,4.482451791646137,131.32096698701775,76.89462110396119,-0.3021790612986811,3.0,0.08742575452262141,-19.6229743764318,0,2.0,0.3,1.0,0.6,56.0,3.0,3.7607263380730798,10.39484825500029,1.0,40.11977928000042,0.0,do(mcs_idx=0)
0.6478367622500174,-1.4767401045511277,1.695993351139606,1.770302551345412,11.93477619616091,182.87633537886228,90.50639739300709,-0.2704856915607246,-2.0,-0.06578867470024301,-2.595532843744866,0,2.0,0.3,1.0,0.6,60.0,3.0,5.6559210253315655,15.911191851192086,1.0,48.14355178355213,0.0,do(mcs_idx=0)
0.3144261605354143,0.24289356683068303,-1.3017496251760883,0.7193132393486736,3.901945331629964,103.84294706029881,254.6899782007254,-0.46913358358283774,1.0,0.13383221837692919,-3.2283180220184127,0,2.0,0.3,1.0,0.6,82.0,3.0,6.661735271471746,1.5396171747801481,1.0,27.23944316331658,0.0,do(mcs_idx=0)
0.16775942179245912,-2.150606860298533,-0.021356713152087807,0.9753343573594173,6.7743530169407915,15.859904713331877,209.5810109680934,1.1126073268290013,0.0,-0.13463671900122356,1.9583664064466157,0,2.0,0.3,0.5199399064068833,0.6,90.0,0.9308366703918627,9.940011642498778,0.1996182747979409,0.07308236729866047,8.737047217386452,9.21357206068872,do(mcs_idx=0)
0.43025669045612064,10.302552067714233,-1.1243048279800374,1.3421798434886358,15.291816795800475,170.99043567834408,154.39597443319246,-0.010509603603694505,-4.0,-0.06272273035442154,16.581287528034554,0,2.0,0.3,0.0,0.6,71.0,0.0,8.443098450444529,0.7542347473969353,0.0,2.0970687234864513,8.443098450444529,do(mcs_idx=0)
0.6786579140118212,-6.411292896626662,-1.516489710801911,0.898324778197496,7.039224186634593,154.66752580440556,203.54883282687393,0.7476903981427901,1.0,0.08964614638555173,-12.155299716711449,0,2.0,0.3,1.0,0.6,61.0,3.0,4.898767589061258,8.197027269617944,1.0,36.92294875580792,0.0,do(mcs_idx=0)
0.5269031256408536,13.97321309685713,0.8319631737820299,0.7199114471998873,12.38027034877398,91.75163985774724,207.3455148659868,-0.039637600279136605,-4.0,0.10444882599378427,15.712025553257439,0,2.0,0.3,0.0,0.6,65.0,0.0,8.53068891966374,0.5256106483179908,0.0,1.7645245793716229,8.53068891966374,do(mcs_idx=0)
0.2969862494786896,-6.87968252754597,-0.9397679081723181,1.199138695045123,22.18406967854335,10.26215050488866,287.6381582210052,-0.1390024091778543,5.0,0.007710982771513046,8.967279191599436,0,2.0,0.3,0.0,0.6,87.0,0.0,10.446913209530752,0.35865878180254096,0.0,1.521685500803696,10.446913209530752,do(mcs_idx=0)
0.8250654895171062,-13.173131108826864,-0.6506760030437869,1.0056580106989048,8.428401176753578,21.921948435673272,263.5201647130246,-0.081201667290306,-2.0,-0.08278595937027894,-20.564903500055724,0,2.0,0.3,1.0,0.6,50.0,3.0,4.203473833821522,8.993277587187329,1.0,38.08113103590884,0.0,do(mcs_idx=0)
0.37790056302189007,-4.321464389552512,-2.57364883965021,1.0642579621988577,7.473573446255422,21.451150470032488,159.04514560594063,-0.10145406849217375,0.0,-0.1389264823059709,-4.44102464365346,0,2.0,0.3,1.0,0.6,78.0,3.0,5.905730317376473,6.578937702220814,1.0,34.569363930503,0.0,do(mcs_idx=0)
0.38542203859523805,-8.283793744489271,-0.7127662515859232,0.9334102391336916,18.77298690980798,177.78450197520263,249.6160190908078,-0.39006760916493954,-3.0,-0.05356900153962573,1.7022372900096818,0,2.0,0.3,0.7680649879551631,0.6,74.0,1.8110886497757934,7.070824794130257,1.2175029056419904,0.3480101201551471,17.25962251550379,4.610106207928993,do(mcs_idx=0)
0.49907867971270514,0.24364230070933837,0.1600414461535091,0.6952422619821214,5.569130181687221,110.837193288826,48.112526008113434,-0.3329873783424698,-3.0,-0.031202101881696954,-4.268373289007262,0,2.0,0.3,1.0,0.6,68.0,3.0,5.956249486573906,3.8383106117920294,1.0,30.58299725351568,0.0,do(mcs_idx=0)
0.37446689237746883,-9.093475224344006,0.08138078445073804,0.930406314113056,25.055452462299282,60.26532485407373,234.18025329804166,-0.31895167158348486,-0.0,-0.09891701590347632,7.866139750487442,0,2.0,0.3,0.0,0.6,78.0,0.0,9.867990517479091,0.22756376607814885,0.0,1.3310018415682165,9.867990517479091,do(mcs_idx=0)
0.4295161918788098,-7.049533275276686,1.5970194172422278,1.4319089753483965,12.528110356059063,98.28874168813215,262.66130263516766,0.4504492892638219,1.0,0.031674836325629584,-3.039515592458467,0,2.0,0.3,1.0,0.6,76.0,3.0,7.1314847565348805,1.8931095809519143,1.0,27.75361393593006,0.0,do(mcs_idx=0)
0.6182061133546951,-3.0942802311384856,2.4789532719690133,0.7657248230985554,22.349683024603944,184.23178350574247,283.25705651154624,0.4839126883491528,-1.0,-0.054480398058900405,7.082746554767921,0,2.0,0.3,0.0,0.6,63.0,0.0,8.9218965536445,0.32487306209341654,0.0,1.4725426357722422,8.9218965536445,do(mcs_idx=0)
0.673908443216329,-2.628166824674879,0.37601928513072014,1.4986982833581997,11.289088330423695,64.21244673490948,264.209029933284,0.13546956142631786,3.0,-0.03389671074267498,-4.437649328748474,0,2.0,0.3,1.0,0.6,63.0,3.0,5.577408313288539,13.491855296565063,1.0,44.62451679500373,0.0,do(mcs_idx=0)
0.29278868735004593,-10.859480071589989,1.6585403047443699,0.6242419787718083,13.236519856890018,5.752356919424047,275.53053171130045,0.5265238585598324,-4.0,-0.01916436350492739,-3.1705497201826125,0,2.0,0.3,1.0,0.6,79.0,3.0,7.434107248049154,0.6374932429182831,1.0,25.92726289879023,0.0,do(mcs_idx=0)
0.49307097996715404,0.21404403272001943,-0.09226613608766732,1.1260249341620963,14.294115391929827,111.19688980288599,97.98516580169145,-0.6116899171830081,-2.0,0.056081785051350176,4.087740637871157,0,2.0,0.3,0.0078125,0.6,69.0,0.007874011993408203,8.643682841288761,0.6828483819553299,3.725290298461914e-09,2.056226106064109,8.643682809088533,do(mcs_idx=0)
0.7108995733568767,4.206933980097972,-0.8802564175616991,0.7944848793809003,11.12222530355275,45.886104592152506,54.926685612364714,-0.6644848728011393,-6.0,-0.10437471524268865,1.3434265866686057,11,6.0,0.93,1.0,5.58,52.0,3.0,40.17361405361594,0.0,1.0,25.0,0.0,do(mcs_idx=11)
0.533771731585452,0.09863881089913047,-0.8966034396996354,0.7436580807472268,22.677940233706877,165.1653413406962,190.21651501428445,-0.5588973118764374,-3.0,-0.10539234924560154,11.291492606835291,11,6.0,0.93,1.0,5.58,66.0,3.0,50.94599192750889,0.0,1.0,25.0,0.0,do(mcs_idx=11)
0.8735482107904258,-5.093762384419941,1.4018061201358845,0.9475844591705879,7.49201289736742,53.24467604200762,126.74471164219926,0.6135333213129865,-5.0,0.05034835315236195,-13.492429997918704,11,6.0,0.93,1.0,5.58,44.0,3.0,38.050344900321036,0.061920105230412324,1.0,25.090065607607873,0.0,do(mcs_idx=11)
0.39674197955633406,1.792571827132575,-2.561076373701334,2.1328802544733745,16.500640688084275,172.3960426689412,184.72581224331873,-0.2630129917768785,2.0,-0.3231330448212565,9.5621617038371,11,6.0,0.93,1.0,5.58,78.0,3.0,54.962917069418914,0.0,1.0,25.0,0.0,do(mcs_idx=11)
0.10944071516733483,2.59756095781584,1.0045440541452946,1.535512947754843,5.32905593550791,44.69328471174831,209.64627091624232,0.7923506094790903,-3.0,0.06175406233808605,5.830287217493138,11,6.0,0.93,1.0,5.58,90.0,3.0,76.38555948407833,0.06604329723503967,1.0,25.09606297779642,0.0,do(mcs_idx=11)
0.5760418205815293,0.7860557461708098,-0.22436217416028764,0.9095733235480536,24.162358068599445,107.29261177293026,147.36518908861487,0.5863008814538949,-3.0,-0.062355561393854876,14.117470581511295,11,6.0,0.93,1.0,5.58,63.0,3.0,50.34154556800328,0.0,1.0,25.0,0.0,do(mcs_idx=11)
0.2740340958008973,-11.176906129962871,0.932161338717257,0.7328583094007846,23.029752566404184,45.84475535936502,174.50509968017195,-0.3096965092510965,5.0,0.02529103773043194,5.7555862685709105,11,6.0,0.93,1.0,5.58,89.0,3.0,75.27652732576173,0.027401348777320547,1.0,25.039856507312464,0.0,do(mcs_idx=11)
0.5395280717267241,-3.4674451178852315,-1.693564001703448,0.566157427814004,3.4098927423777763,36.16860435858747,271.14363296986835,-0.8873006199354354,6.0,-0.18928339000107297,-11.635846388017523,11,6.0,0.93,1.0,5.58,74.0,3.0,54.738263655430636,0.0,1.0,25.0,0.0,do(mcs_idx=11)
0.34845062741690297,-7.482238441441197,-0.9778881129340395,0.6893776069204431,19.567480398470305,190.5939750699162,85.56146663952791,1.0762219615854598,-2.0,0.14145728011546893,5.76309136763654,11,6.0,0.93,1.0,5.58,77.0,3.0,59.18408705563171,0.1447390039455895,1.0,25.210529460284494,0.0,do(mcs_idx=11)
0.4251156894561171,-1.200905799579964,-0.8688338772278386,0.7787446814076179,5.833906543268249,8.312994855906675,153.50729953470548,-0.09374284196940155,1.0,0.05034984022204391,-3.707238594472739,11,6.0,0.93,1.0,5.58,76.0,3.0,58.7503598331895,0.054114774498017826,1.0,25.078712399269843,0.0,do(mcs_idx=11)
0.21957520380986045,7.197451725912518,-0.8275956302163434,1.087570135115632,20.992082126810562,63.01621121466995,299.5589934937678,0.04701891415209202,-2.0,-0.07655547891926064,23.13232796668823,11,6.0,0.93,0.37220444862977187,5.58,85.0,0.5623043721236115,88.05444012232596,0.0,0.019192265294539212,5.498434976988892,86.36447594713616,do(mcs_idx=11)
0.7666165303029214,3.3615671451710654,-0.20159102902553025,1.182121809304065,14.452593354645204,25.58765705094272,285.9566316641207,-0.03445239731823422,3.0,0.0979438100335495,3.036887717804399,11,6.0,0.93,1.0,5.58,58.0,3.0,46.39955126437576,0.10736542364747323,1.0,25.15616788894178,0.0,do(mcs_idx=11)
0.3206391082599974,15.129209275799198,-1.440511554933161,0.6802160165247937,20.197956497573742,145.85884107903502,219.4068588118916,0.2964304841725164,-1.0,-0.008574603095017263,28.53301907400798,11,6.0,0.93,0.0234375,5.58,80.0,0.023999691009521484,86.67999029215926,0.0,3.0174851417541504e-07,1.1919975280761719,86.67996413660099,do(mcs_idx=11)
0.8741666964443695,9.895088301948842,0.4850926170023623,0.9094753700253131,20.880711488400575,35.88986262256501,252.73439843699472,-0.04737631764370167,-9.0,-0.08867055652541478,14.044771109803232,11,6.0,0.93,1.0,5.58,40.0,3.0,33.1095607291081,0.0,1.0,25.0,0.0,do(mcs_idx=11)
0.4950461451598966,1.874728489783446,2.9904844017107934,1.08193105654911,4.021362294130105,146.62087496803255,110.19140233230932,0.010268118613725645,0.0,-0.036406434484559984,-4.084300633925296,11,6.0,0.93,1.0,5.58,71.0,3.0,65.95716286747084,0.0,1.0,25.0,0.0,do(mcs_idx=11)
0.5572694867199032,-1.3268600492824068,-1.3342079859760565,1.4887879238456507,21.981015152933526,47.88959344681971,251.7868382684472,0.3881332279124732,10.0,0.011707897003149802,10.00329669892632,11,6.0,0.93,1.0,5.58,77.0,3.0,58.07545797643312,0.019082735482176556,1.0,25.027756706155895,0.0,do(mcs_idx=11)
0.42362302839874494,0.04392769586340285,0.021873256686678375,1.1891579050577454,6.613341668322797,160.71250642304136,252.9444934061894,-0.8015465853210126,6.0,-0.2771257177634583,-3.1884981528294074,11,6.0,0.93,1.0,5.58,81.0,3.0,65.53076267782832,0.0,1.0,25.0,0.0,do(mcs_idx=11)
0.5992605233667684,9.010028587878663,-0.4957467907712053,1.6794273051832704,20.78324467880611,56.01543715244229,126.1893950386276,0.36097516484029274,-8.0,0.015886630758161744,18.57570210228989,11,6.0,0.93,1.0,5.58,57.0,3.0,44.92206147940466,0.030230211567238888,1.0,25.043971216825074,0.0,do(mcs_idx=11)
0.756805470476771,5.656397358619866,-1.1147855360637546,1.0391801291052902,17.896184147222005,178.26129446807036,292.3630565483758,-0.13122535055212972,-7.0,0.11437679358831997,8.27176187959054,11,6.0,0.93,1.0,5.58,49.0,3.0,37.39155245286842,0.12755745061032747,1.0,25.18553810997866,0.0,do(mcs_idx=11)
0.6298992843578624,1.6034869641037715,-2.4631334299642083,1.4798631746302522,7.750423826424438,18.932886629566024,138.669658920733,-0.7885608915741339,7.0,0.16405608567675656,-3.399917137136102,11,6.0,0.93,1.0,5.58,70.0,3.0,49.60272473357779,0.17428774311817816,1.0,25.25350944453553,0.0,do(mcs_idx=11)
0.6905576734776271,7.620786738685897,0.7733665491609816,1.0580999351534999,22.06287445364213,119.89228028817598,231.019425300693,0.04884530386722452,1.0,-0.07355570706366839,16.043303542623086,11,6.0,0.93,1.0,5.58,60.0,3.0,50.36323639097966,0.0,1.0,25.0,0.0,do(mcs_idx=11)
0.5287547635980446,-1.442710311197163,0.4867440014368851,2.2666358275877005,13.822122879504235,166.65305808321813,128.9393136249072,0.6088026144443109,2.0,0.242897346856339,2.285161411306533,11,6.0,0.93,1.0,5.58,71.0,3.0,58.77420793388779,0.25384631887605624,1.0,25.369231009274262,0.0,do(mcs_idx=11)
0.5057823335931728,-2.2622571950647643,-0.8067738313099082,1.3578525376392279,25.311244704018897,105.38260279745087,48.77747977732767,-0.11738124938319643,-4.0,0.0656048825505174,13.079104798405096,11,6.0,0.93,1.0,5.58,66.0,3.0,51.18555448327894,0.07438745374504252,1.0,25.108199932720062,0.0,do(mcs_idx=11)
0.5588885977434155,7.739054202467031,1.4963767715427274,1.8714746507206814,2.9440256097819555,36.75626426820072,114.10747179000047,-0.3591326810178198,0.0,-0.03366313928595157,-0.4011851446694137,11,6.0,0.93,1.0,5.58,67.0,3.0,58.19632545378906,0.0,1.0,25.0,0.0,do(mcs_idx=11)
0.3824570459089412,5.136928386518404,-0.24187537710933876,0.9043315400767369,7.155708294747797,88.44895869070292,61.23635552971427,0.44875975750194524,-4.0,-0.07489864750742597,5.124411869220318,11,6.0,0.93,1.0,5.58,73.0,3.0,58.28060833160481,0.0,1.0,25.0,0.0,do(mcs_idx=11)
0.693565499787414,-1.859933476415265,-0.8574005844452227,0.5918392507737817,4.971198374269349,21.994486690346886,76.26592512404729,0.07923184641824016,1.0,0.11308424930435385,-9.764191669311838,11,6.0,0.93,1.0,5.58,60.0,3.0,46.409582058925004,0.11779908374666716,1.0,25.171344121813334,0.0,do(mcs_idx=11)
0.6585174833309003,-15.912790079728051,-0.431143924538839,1.0612324627207592,20.859521902548465,162.0144270489845,185.46036502536293,0.08325292020251102,2.0,0.06437759505803985,-8.123469261709118,11,6.0,0.93,1.0,5.58,63.0,3.0,49.815154813834454,0.07164856174009908,1.0,25.10421608980378,0.0,do(mcs_idx=11)
0.3915405551460627,-8.722570224908432,-3.5825377113139965,1.0743189563052726,23.937375899430123,31.866864403369906,179.11560609387143,0.9110359035628461,4.0,-0.023930457335365446,8.28622542446704,11,6.0,0.93,1.0,5.58,81.0,3.0,53.73367472760217,0.0,1.0,25.0,0.0,do(mcs_idx=11)
0.23553934600943752,8.214525089888328,-0.775685829317202,1.9431488033888091,8.972332560605498,66.60392026417354,297.1622540845111,1.0105493803751309,4.0,-0.035995673238208924,12.793596221702913,11,6.0,0.93,1.0,5.58,90.0,3.0,69.91153865753618,0.0,1.0,25.0,0.0,do(mcs_idx=11)
0.6708431902664027,-3.2954216516220045,1.1266702564372495,1.8693686486387382,24.845898724227958,156.99807246511807,117.52025844461323,0.3002228052148948,-6.0,0.011908047788887504,8.646183775300367,11,6.0,0.93,1.0,5.58,55.0,3.0,46.95147487438359,0.02643588989951806,1.0,25.03845220349021,0.0,do(mcs_idx=11)
0.32667109632118235,0.3149630794716832,-0.21969497776778574,0.4892335568209692,14.785596707386677,175.6885642211133,207.01877646313238,-0.042490159087147567,-5.0,-0.014119515896169688,7.799139425863502,2,2.0,0.59,0.0546875,1.18,76.0,0.0,18.62592642113474,0.016147093552140244,8.944422006607056e-06,1.0234866815303858,18.625759822988563,do(harq_retx=0)
0.30419821005346165,-2.31732099681046,-0.23221046205800955,1.5835052730417922,24.558401019486475,153.61152272781334,46.89796179567031,-0.3337396207246692,-3.0,-0.04583293044301986,15.538536721924038,6,4.0,0.74,0.0546875,2.96,79.0,0.0,48.53624900829973,0.0,8.944422006607056e-06,1.0,48.53581487960598,do(harq_retx=0)
0.6484221919565499,-6.631803352971561,-0.05850141147350769,0.7191445308800747,4.925346219247686,19.81842880448553,154.57100002084908,-0.5462829675128523,2.0,0.04489997565499526,-14.593991699105839,0,2.0,0.3,1.0,0.6,64.0,0.0,8.040412230893882,0.5774115536680435,1.0,1.8398713507898816,0.0,do(harq_retx=0)
0.6129928619283684,-10.45787951106903,-1.1161026390460975,1.0352080922086184,22.58932399019534,68.99107518513915,239.0013055961804,-0.08313820072637412,1.0,0.09738068846596813,-0.06855509636695356,0,2.0,0.3,1.0,0.6,65.0,0.0,7.7329559693106225,1.0041511089691322,1.0,2.4605834312278283,0.0,do(harq_retx=0)
0.36240013857782566,-11.110268338489202,-1.055040854961488,0.8476057758917758,14.406144376833996,151.65145286730566,276.09320660282754,-0.5576365370862306,-2.0,0.04150078972939226,-5.215112555496189,0,2.0,0.3,1.0,0.6,76.0,0.0,9.070846438644438,0.4372957882393262,1.0,1.6360666010753837,0.0,do(harq_retx=0)
0.44871142256453683,-4.269117464104838,-0.9654319547025532,1.258528516036754,16.403926471556094,26.76668041294056,255.0317014960172,-0.15888737706880296,-5.0,-0.07273762648913072,2.996849086269422,0,2.0,0.3,0.04332214682718384,0.6,68.0,0.0,8.154408950605426,0.8066859868519308,3.522409791734127e-06,2.1733614354209903,8.154380227435492,do(harq_retx=0)
0.1822636625785588,2.508610441209665,0.05420120237311177,0.9351906262166609,2.3158417553426234,16.312576347370822,192.650670909705,-0.8623154549467565,-2.0,0.06818678901386444,-0.04728456787810609,0,2.0,0.3,1.0,0.6,87.0,0.0,10.991707679020703,0.30251412035978487,1.0,1.4400205387051417,0.0,do(harq_retx=0)
0.5458653694762783,9.068279779795168,1.1275904873295113,2.8571070827907885,15.871757428601132,107.15122597552238,238.1238511780623,0.5934402028714593,-2.0,0.10281585006682988,14.479537866521135,6,4.0,0.74,0.078125,2.96,66.0,0.0,43.33860381484928,0.129167746913191,3.725290298461914e-05,1.1878803591464595,43.336989326045874,do(harq_retx=0)
0.8638738786315858,0.4910587488615809,1.052688227650156,1.2233476686518439,20.622061082035245,83.35660307360787,183.78702875738355,-0.9432989703855102,2.0,0.03902357655031336,3.580841474870012,0,2.0,0.3,0.009164667221668324,0.6,51.0,0.0,6.764228727543996,2.202744987979618,7.054509088000316e-09,4.203992709788535,6.764228679825683,do(harq_retx=0)
0.6764860373682473,5.204120468039792,-0.08105183651351425,0.7884323573001515,7.356398735909023,46.28189263393331,83.92986923113536,-0.3196291199029578,1.0,-0.10191440413672358,-0.5618965014309222,0,2.0,0.3,1.0,0.6,61.0,0.0,7.6548517792278545,0.6210312213398058,1.0,1.9033181401306267,0.0,do(harq_retx=0)
0.17593669754578423,8.602659027123712,0.997805665864419,1.0297728951208787,21.98939914658585,22.008246618097427,119.18174994270474,0.055888425349896985,3.0,0.010740307998978625,26.88474564012615,11,6.0,0.93,0.046875,5.58,92.0,0.0,113.18405192459565,0.012018217837228588,4.827976226806641e-06,1.017481044126878,113.1835054746837,do(harq_retx=0)
0.666412989180192,-11.08248150088904,1.1359904219300418,0.7571093566834111,19.097880907284377,49.16578415579506,111.31095149058686,-0.26656710299065217,1.0,-0.045413921330235356,-4.966806840537529,0,2.0,0.3,1.0,0.6,62.0,0.0,8.255717858805873,0.4579295078850536,1.0,1.6660792841964416,0.0,do(harq_retx=0)
0.5775760560159833,-2.2933989228740415,2.5707384843392695,2.403189527926497,14.693310735794517,11.44208032087825,243.47449446921564,-0.9275365449304895,1.0,0.028544903246573917,0.2857780235701932,0,2.0,0.3,1.0,0.6,67.0,0.0,9.527108714239604,0.9759351979053669,1.0,2.4195421060441697,0.0,do(harq_retx=0)
0.5575735388704255,-5.154877276238175,-0.4352387483451057,0.6290476063829117,16.546522838842805,154.37532409419828,117.55487269177672,-0.4043803568813744,5.0,-0.06062601235305677,-0.17108958970626592,0,2.0,0.3,1.0,0.6,72.0,0.0,8.87457570375066,0.25707026330233357,1.0,1.3739203829852125,0.0,do(harq_retx=0)
0.26694668604881344,-0.41235700766232053,-1.4103608294342447,1.3442499180643492,16.77274120431796,70.76334268590035,294.4435751977942,-0.24466250648608656,-6.0,-0.11159117573337901,10.132754611450569,4,4.0,0.48,0.09486698365025398,1.92,78.0,0.0,29.231835802931236,0.0,8.099540262940241e-05,1.0,29.229468158620783,do(harq_retx=0)
0.3971315069339342,3.644021008244539,1.4731424967397668,1.0812515516209074,22.716060868561208,78.92135450575452,217.4804008344953,0.3072902329222122,3.0,0.017362467096285084,18.43267517945407,8,6.0,0.65,0.0625,3.9000000000000004,79.0,0.0,69.466689634078,0.02104283849978664,1.52587890625e-05,1.0306077650905987,69.465629656514,do(harq_retx=0)
0.7413888612128801,2.9399712984847772,0.15990700541785058,1.1010794951347262,16.917998282688465,98.15992276639261,168.4594757504488,-0.365989562893918,-0.0,0.0395211942327537,5.083766179442245,1,2.0,0.44,0.03125,0.88,56.0,0.0,10.431542280883413,0.363251065670393,9.5367431640625e-07,1.5283651864296626,10.431532332589459,do(harq_retx=0)
0.3588355751910611,-3.5722778201623706,1.3927908863510172,1.0933990481749696,26.862617427144922,55.32127949849974,204.42741491142203,0.3178818052738261,-1.0,-0.03507273607326982,16.18911399625997,7,6.0,0.55,0.0546875,3.3000000000000003,78.0,0.0,57.81829592854089,0.0,8.944422006607056e-06,1.0,57.8177787773024,do(harq_retx=0)
0.6298327345022771,-7.092032154922154,-0.8911801578748837,0.8785912378869735,11.11873419304441,172.31331572976646,235.22916970721465,-0.018861587611204912,-5.0,-0.1385943106835825,-8.749841611237692,0,2.0,0.3,1.0,0.6,58.0,0.0,6.982362770312516,1.1452883779985992,1.0,2.6658740043615987,0.0,do(harq_retx=0)
0.29654457908939147,0.6036210173225922,1.0968062072990188,0.6869684771593627,21.371787384769544,184.5208843949331,72.74441083262681,0.12710666576647572,-0.0,0.05432072974340007,15.69498975459251,6,4.0,0.74,0.0546875,2.96,82.0,0.0,53.76647642767398,0.05832455413491128,8.944422006607056e-06,1.0848357151053254,53.765995517619004,do(harq_retx=0)
0.9283512855496949,-10.501432184215457,0.44236138004004766,1.1315045082420114,8.732134148580506,199.4450941692844,245.72687677581385,-0.07705518629696234,-2.0,0.09373738444268095,-20.06367521536885,0,2.0,0.3,1.0,0.6,44.0,0.0,5.666622574547102,10.305565571326825,1.0,15.989913558293564,0.0,do(harq_retx=0)
0.07242473153413125,1.9425160926447536,-2.594200628010512,0.9336262463380794,9.02796084683982,93.4802982462782,273.7515539853458,-1.118453579684752,-4.0,0.013265434213698255,7.311453027686605,2,2.0,0.59,0.0546875,1.18,91.0,0.0,19.624864733924422,0.06420760716961353,8.944422006607056e-06,1.0933928831558015,19.62468920085242,do(harq_retx=0)
0.4002012376213178,10.279733808034795,2.303414403448458,0.5106689152537632,3.5923678325688857,68.55093907864949,176.73285665438337,-0.10186908419958986,5.0,0.11099115340879462,5.6026203681145,1,2.0,0.44,0.03125,0.88,81.0,0.0,16.69276747611696,0.15233101142788857,9.5367431640625e-07,1.221572380258747,16.69275155665335,do(harq_retx=0)
0.9089424180591489,-13.010224049167139,-0.47854139875507745,0.6848177973810007,6.918052211294679,124.71039304804629,70.44341006915343,0.46532387480800236,-0.0,-0.07124432485985586,-22.8795620424934,0,2.0,0.3,1.0,0.6,47.0,0.0,5.780303891828622,6.10923629650367,1.0,9.886161885823519,0.0,do(harq_retx=0)
0.5673715116790821,-8.87000205640308,1.290600950817991,1.5530516128364236,17.327858418154403,162.27336755871318,76.78024511076181,-0.2072571377438634,2.0,-0.08555966174028805,-2.986406470814748,0,2.0,0.3,1.0,0.6,69.0,0.0,9.255024233320581,0.5903536005294818,1.0,1.858696146224701,0.0,do(harq_retx=0)
0.25231861993659865,-10.34380172216281,0.35604833477088105,0.6694513543978017,24.526940749318427,162.59369095391023,156.10888112285636,-0.6166692580853722,-5.0,0.11379116462145888,7.7856155699664,2,2.0,0.59,0.0546875,1.18,80.0,0.0,20.176915109424897,0.14798319248823766,8.944422006607056e-06,1.2152482799828912,20.176734638581365,do(harq_retx=0)
0.843997162536255,5.618117881287844,-1.5090058491868459,0.8943286901314871,4.177015413364515,61.10602950678272,77.41717295255451,-0.12464907937806742,-2.0,-0.0011824747530002084,-6.1963282192070155,0,2.0,0.3,1.0,0.6,49.0,0.0,5.708169894356019,8.070133953683664,1.0,12.73837665990351,0.0,do(harq_retx=0)
0.19575416455767441,-1.0038097263580263,-0.7243645543719041,0.9817419098341749,14.489649262984974,144.75657779294002,295.8415514031416,0.21206183719670277,7.0,0.16869257481354263,8.734683371624179,3,4.0,0.37,0.05735018207546161,1.48,95.0,0.0,28.456620608380756,0.19142267938398227,1.0817806382457107e-05,1.2784329881948833,28.456312770168715,do(harq_retx=0)
0.5126480571196887,-3.599864951847562,-2.316935269037847,1.0782044539618512,10.63253924594794,175.74013031019362,147.2107263794101,0.10964204397361112,-3.0,0.0010085368736133173,-3.3392998509722296,0,2.0,0.3,1.0,0.6,67.0,0.0,7.464021622939124,1.1134504701049213,1.0,2.6195643201526124,0.0,do(harq_retx=0)
0.33462374334152784,-12.856908255304596,0.41573510006360836,1.751570767295295,23.935539224693727,28.177931670195612,289.4273505667545,0.034427321295744565,-4.0,0.03238683703566605,4.126215278065668,0,2.0,0.3,0.007779617935902053,0.6,76.0,0.0,9.775053965910454,0.6663474938295602,3.6629675959076735e-09,1.9692327182975422,9.775053930104749,do(harq_retx=0)
0.1798162695047026,-4.136200008455517,-0.26423947332580633,0.7151153434011228,4.0,16.058537103210345,127.65267481070154,0.5904094781022661,1.0,0.09459974108075202,-3.3646434702176444,0,2.0,0.3,1.0,0.6,90.0,3.0,7.717362909396046,0.7266706138151229,1.0,26.05697543827654,0.0,do(snr=4)
0.3523652065168281,6.956931133185307,-0.08647046473413553,1.3345607408353442,4.0,73.97301167813981,275.84957114359355,0.4558437171985187,4.0,-0.03710237747098831,3.906707230473882,0,2.0,0.3,0.0078125,0.6,83.0,0.007874011993408203,10.40050054408728,0.3589376167029639,3.725290298461914e-09,1.5850831747879406,10.400500505342395,do(snr=4)
0.24224600627760004,0.8644757521904526,-0.011864565106359689,0.7866437819858265,4.0,66.9665916852055,79.01778765142981,0.6903244598299925,-0.0,0.04524931588063844,0.48855118978158635,0,2.0,0.3,1.0,0.6,85.0,3.0,7.381825189921064,0.901755421945836,1.0,26.311644250103036,0.0,do(snr=4)
0.1643154603360685,-1.3416571113783111,1.690914440211436,1.2483498135973319,4.0,19.214456534285986,262.00512707872736,0.4485945386958261,-5.0,0.12601731615122863,-0.7199245082393633,0,2.0,0.3,1.0,0.6,85.0,3.0,8.010679091540155,1.0648131291569318,1.0,26.548819096955537,0.0,do(snr=4)
0.5573949589091333,-9.073097099128953,0.7780224275857559,0.6462630403335449,4.0,33.63036016489111,235.72275528715517,-0.10775917893477012,1.0,-0.10306374237259844,-16.121997578071795,0,2.0,0.3,1.0,0.6,68.0,3.0,6.138830902053613,2.389424487116098,1.0,28.475526526714326,0.0,do(snr=4)
0.7430954485176099,-6.4068641193952445,-1.1921189527112876,1.1733960972297235,4.0,79.09866206523328,177.08873880322196,-0.31764419376162845,1.0,-0.006057847683018765,-17.10874289812421,0,2.0,0.3,1.0,0.6,57.0,3.0,4.6578690235043965,10.583841929815227,1.0,40.39467917064033,0.0,do(snr=4)
0.36794327212079714,0.8132183833659089,0.5542166498921172,0.5604054926096893,4.0,168.43211803464672,272.0439040915138,-0.14578599944612475,-1.0,0.09129556205368042,-3.4260143170450292,0,2.0,0.3,1.0,0.6,77.0,3.0,6.876448618525976,0.9868119957716918,1.0,26.435362902940643,0.0,do(snr=4)
0.36499511192835965,5.773891367068488,-1.0233411670891153,1.1419292443358888,4.0,139.32775719008515,236.80412978157545,0.7597573242934447,-1.0,0.005552305650819036,2.633478880259977,0,2.0,0.3,0.10009874151615959,0.6,77.0,0.11112146474069214,9.054652266460067,0.5421708536572184,0.00010039555144303325,2.677583868699673,9.05374321965265,do(snr=4)
0.7667529631119828,6.386268426711674,0.17356171783205843,1.1346245402207795,4.0,165.09802414522838,245.87885418326096,0.021908756263445708,-8.0,0.07653866345883652,-4.812745837786957,0,2.0,0.3,1.0,0.6,47.0,3.0,4.119580430793153,10.316525138951361,1.0,40.005854747565614,0.0,do(snr=4)
0.516388629696309,-12.985756701116212,0.9414219510466263,1.1913330732334904,4.0,47.62781003108015,41.393482145496876,-0.011796490636217766,-4.0,-0.2045752144774774,-18.77341703371074,0,2.0,0.3,1.0,0.6,66.0,3.0,6.0051332739621985,5.735609563118056,1.0,33.34270481908081,0.0,do(snr=4)
0.4921373102194931,5.298849193829423,-1.1406472845138305,0.7079858272434182,4.0,109.9334233409451,39.1202756236922,0.11246118106281378,1.0,0.0034087092063338972,-0.1726602251130766,0,2.0,0.3,1.0,0.6,72.0,3.0,5.899725787410016,4.544141586409869,1.0,31.609660489323446,0.0,do(snr=4)
0.6089372361636034,-7.404115849938944,1.310438455186293,1.6195626096171432,4.0,12.469981410878825,237.29525693384088,-0.10253473033893748,-5.0,-0.11614063353898274,-15.25389564022155,0,2.0,0.3,1.0,0.6,59.0,3.0,5.462820671581203,14.500411918255722,1.0,46.09150824473559,0.0,do(snr=4)
0.8456676989084027,0.7233997760538573,-1.2799257764630239,1.8421554693383204,4.0,6.910965321139485,104.41311522653189,-0.01577128577115249,-4.0,-0.013697428046179561,-10.97519011063937,0,2.0,0.3,1.0,0.6,46.0,3.0,3.7414327655041486,16.61175568273215,1.0,49.16255372033767,0.0,do(snr=4)
0.4940278047734897,-4.659455025731421,-0.9940318624059414,0.9550283040213904,4.0,83.31530525598262,183.4471140467872,0.06589641728561943,-4.0,0.03407336363408041,-10.524454548252814,0,2.0,0.3,1.0,0.6,67.0,3.0,5.532702862674795,8.65320380742712,1.0,37.58647826534854,0.0,do(snr=4)
0.791924199091071,-5.1780010003945875,0.8824963048733068,0.8184155580467041,4.0,137.56178706305644,64.95254346082373,-0.15596293179048462,-1.0,-0.054584656839716895,-16.501571320461768,0,2.0,0.3,1.0,0.6,53.0,3.0,4.8087348387566875,7.33161575453178,1.0,35.66416837022804,0.0,do(snr=4)
0.11500352273645656,-4.638847974966662,-0.2678906007574557,0.5323355863110645,4.0,78.77893299084113,191.78976326665736,-1.1011307495572054,7.0,0.057223732749404725,-4.847102212948866,0,2.0,0.3,1.0,0.6,100.0,3.0,8.57326132518814,0.3628110531199873,1.0,25.527725168174527,0.0,do(snr=4)
0.8758896971264348,3.738980961389373,-0.18316279496846583,0.760167268916097,4.0,197.912412556759,284.33394830107056,-0.2953497158694163,4.0,-0.11011225524354587,-9.886771586445658,0,2.0,0.3,1.0,0.6,53.0,3.0,4.563339270868986,6.750397346724222,1.0,34.818759777053415,0.0,do(snr=4)
0.3946746732152327,-1.8836465780710965,-2.5897194713309495,0.5169699118398011,4.0,68.56059635614714,35.799416748713746,-0.23339072316575343,1.0,0.07014209121296026,-5.774405994147829,0,2.0,0.3,1.0,0.6,78.0,3.0,5.900284035715842,3.380839296764965,1.0,29.91758443165813,0.0,do(snr=4)
0.45155089544057014,10.024307091472886,0.024620225966391143,0.8905723913990753,4.0,100.16353215709289,142.95396801244192,-0.4112473584975455,-2.0,-0.08939564317882964,4.472280840362115,0,2.0,0.3,0.002372343525020068,0.6,71.0,0.0023779848904028717,8.953818820194892,0.34617315019588757,3.1674551870253254e-11,1.5225484612263323,8.953818819911284,do(snr=4)
0.8286879681512559,-6.812748770708347,0.9397205250839455,3.4496793999717537,4.0,158.10145065008376,230.08810101192947,0.3729522642381987,1.0,0.07711301966490737,-18.729289511567714,0,2.0,0.3,1.0,0.6,52.0,3.0,4.73093272001207,31.210469604409955,1.0,70.39704669732356,0.0,do(snr=4)
0.4257471652854304,-2.088502183125017,-0.7895311720355951,1.6591050724526917,4.0,183.225480264249,58.75600640455252,0.5925952915523206,1.0,-0.043814163080131724,-6.177055868519228,0,2.0,0.3,1.0,0.6,76.0,3.0,6.343429292985763,4.646441221698948,1.0,31.758459958834834,0.0,do(snr=4)
0.4999815712002644,-1.526906955699981,0.38011228866688307,1.7104560746075708,4.0,149.78978721392912,87.61176611445022,0.019544675693386106,5.0,0.047555004012851426,-7.530487931871487,0,2.0,0.3,1.0,0.6,76.0,3.0,6.7296536302163465,3.173863283745749,1.0,29.616528412721088,0.0,do(snr=4)
0.5309852938552896,-10.901756438943593,-0.8357366156769319,1.285907139531486,4.0,104.75062137919734,157.20554748612014,-0.27965091253514596,-10.0,0.025959492513347206,-17.80124525975466,0,2.0,0.3,1.0,0.6,59.0,3.0,4.9126597930709535,11.631271426784998,1.0,41.91821298441454,0.0,do(snr=4)
0.6917961969899372,2.417816619742963,2.2344854398878056,1.313007709005629,4.0,66.5643048940767,44.94767014926287,0.5726323601595646,-5.0,0.12789294045880853,-6.044135054064462,0,2.0,0.3,1.0,0.6,54.0,3.0,5.216670308034366,11.977787514234599,1.0,42.42223638434123,0.0,do(snr=4)
0.41722828072328777,4.483146062210931,0.05094408018703536,0.621333518510179,4.0,76.24781333006742,202.92375102821515,-0.3444607243227259,0.0,0.07724507534708147,-0.41980827371809304,0,2.0,0.3,1.0,0.6,75.0,3.0,6.533842122681637,1.4684698620145367,1.0,27.135956162930235,0.0,do(snr=4)
0.7846884436239008,7.973351461661284,-2.928111711656122,0.6135293542424524,4.0,76.00229673215291,233.73044900070656,0.48020286339236284,3.0,0.00048470330522927047,-2.7741081164840953,0,2.0,0.3,1.0,0.6,57.0,3.0,4.227941437478817,5.537587125343357,1.0,33.05467218231761,0.0,do(snr=4)
0.6220183847861821,16.83351074560939,0.851393385278099,1.5679841847197429,4.0,47.70852229610963,55.89700760661342,0.32755826764420976,2.0,0.03647048371449636,9.427124258978008,3,4.0,0.37,0.026567563307923647,1.48,65.0,0.027292151055253205,20.976119943362306,0.10952546210175387,4.982036403422541e-07,1.3776469714991222,20.97610949298299,do(snr=4)
0.930648688339398,0.6097733502801298,-3.7683026474892047,1.0168950008011248,4.0,136.72085979958837,210.3580380024491,-0.6695591427271991,4.0,0.10176490428719137,-14.086629007785486,0,2.0,0.3,1.0,0.6,50.0,3.0,3.526196321407517,9.279242286517336,1.0,38.49707968947976,0.0,do(snr=4)
0.5453187318624338,-2.89144456257773,2.8563498690914892,0.611681160604054,4.0,187.06871697799508,258.5722812753079,0.23619793161366198,1.0,-0.0697806079619027,-9.96858745305554,0,2.0,0.3,1.0,0.6,69.0,3.0,6.852176060754531,0.9287439073988014,1.0,26.35090022894371,0.0,do(snr=4)
0.5882404082006096,-5.580639141430169,1.3036576583477082,0.633522110123167,4.0,192.72696240480445,253.10391746821648,0.2320044202205755,-3.0,-0.12456732360076522,-13.439777017204978,0,2.0,0.3,1.0,0.6,62.0,3.0,5.73876460782801,5.592969720260811,1.0,33.13522868401573,0.0,do(snr=4)
0.15642025360853085,-5.309241738053373,-0.5871160776662201,1.5344770150741407,26.0,180.76978871743975,229.65245265960547,0.08917886426639905,-6.0,-0.13760909062777965,16.531300381320687,7,6.0,0.55,0.05176802145580589,3.3000000000000003,84.0,0.05458668407381148,56.04424948324038,0.0,7.182014328810382e-06,1.4366934725904918,56.04384697263754,do(snr=26)
0.711339302345598,-12.354949110198337,-0.839110061027038,0.9606076014792356,26.0,164.17205980737774,279.8609347007691,0.4637939111515079,-4.0,0.18073886776267484,-0.16619012571965974,0,2.0,0.3,1.0,0.6,54.0,3.0,4.495541211888691,8.850222471112767,1.0,37.87305086707312,0.0,do(snr=26)
0.8634584067968715,0.3624199004296939,1.0390811264189412,0.7568533943877706,26.0,149.57327786342293,126.65348016082984,0.2635890303371369,-2.0,0.046534952079067306,9.951830547481569,3,4.0,0.37,0.010170491792187375,1.48,47.0,0.01027498271999928,15.342876903854537,0.12233653796547017,1.0699606756148228e-08,1.2601439169824962,15.342876739691787,do(snr=26)
0.6350296196292464,-0.3156345504805842,2.011895686500672,1.514431653439632,26.0,150.09693652964953,177.90265263820922,-0.2664572486213408,-2.0,0.07878200709313277,12.736299512468449,5,4.0,0.6,0.027006581870479496,2.4,61.0,0.027755634732866432,33.69639631908188,0.10289038540960947,5.31959393312853e-07,1.371703820276909,33.696378393967336,do(snr=26)
0.7021547039415629,-0.48128529266971043,-1.939399064361985,1.0792282872190322,26.0,194.15173976188728,145.47630886196134,0.3466866235101213,-1.0,0.11819507214880727,11.930102857152587,4,4.0,0.48,0.015625,1.92,58.0,0.015872955322265625,21.067738371535928,0.16796479960157856,5.960464477539063e-08,1.3712960783622392,21.067737115800867,do(snr=26)
0.23955514718326376,5.1871615334817855,-2.3260781535704447,1.1082940315593293,26.0,131.07755142161542,204.90178203627838,0.718621225277668,2.0,0.10702816506494457,26.346263720222005,11,6.0,0.93,0.046875,5.58,88.0,0.049175262451171875,90.4580821369559,0.10920937919322116,4.827976226806641e-06,1.5522521057086058,90.45764540748581,do(snr=26)
0.6970687827461465,0.31301879789742604,1.2351313790800074,0.52897381570424,26.0,80.52575187391601,220.91238593227212,-1.3388787376493945,-7.0,0.16596831697090958,11.3279278560183,4,4.0,0.48,0.017486314783679985,1.92,52.0,0.017797432799931342,22.20194229092455,0.18754435058311208,9.349602958508285e-08,1.4151712450657956,22.201940215131096,do(snr=26)
0.30366332424872294,-3.8538661108321755,0.7122773004102226,0.6310847268554698,26.0,125.37209287879236,35.942163747093936,0.03992065012384425,2.0,0.1744705108994396,15.956763065329937,7,6.0,0.55,0.05679384652386529,3.3000000000000003,84.0,0.060202578407521135,59.74562818081469,0.17741569317708594,1.0404114761830563e-05,1.7396798173359305,59.74500658044258,do(snr=26)
0.6974596267755362,-7.458879814452578,1.847382293798998,0.6444832848077967,26.0,13.505113385033884,195.6223591412844,0.160820172272522,-3.0,-0.09884996425894609,5.4307862735529255,1,2.0,0.44,0.03125,0.88,56.0,0.032257080078125,11.250274344040863,0.05182994952745516,9.5367431640625e-07,1.3334456581194802,11.250263614943169,do(snr=26)
0.6170481895338161,8.994966827190378,-0.8831865362453473,1.2165165528659476,26.0,23.573444521764934,164.3258969319881,0.3708770051028394,3.0,-0.12227606654092071,23.545364936224022,10,6.0,0.85,0.0625,5.1,67.0,0.066650390625,67.90933166356326,0.0,1.52587890625e-05,1.533203125,67.90829544939604,do(snr=26)
0.8941208067444736,6.586829771277448,2.734266741947276,1.458904887528285,26.0,24.529449709273553,230.90948726727333,0.03664803748667873,-7.0,-0.10461089028494341,15.68048514419014,6,4.0,0.74,0.0546875,2.96,41.0,0.05784177780151367,28.72063354832543,0.0,8.944422006607056e-06,1.4627342224121094,28.720376658858676,do(snr=26)
0.730695943918767,3.2009277515543033,-1.3434100828218083,1.3792562053845465,26.0,26.54905164189638,271.5265172266488,-0.45144493457561546,-4.0,0.13487793318572203,14.669721404496205,6,4.0,0.74,0.078125,2.96,53.0,0.08470535278320312,30.346306979418745,0.16254560632877157,3.725290298461914e-05,1.9140727951074745,30.345176491388898,do(snr=26)
0.33530695042272796,-10.533806009742012,2.1224231789857746,1.0255389521574838,26.0,180.692938682894,208.7945747840498,0.3743633726885155,-2.0,-0.18970343920842847,8.409876907490176,3,4.0,0.37,0.07765058608383679,1.48,78.0,0.08414840262662221,26.48078422972746,0.0,3.635623919051589e-05,1.6731872210129777,26.47982148800205,do(snr=26)
0.3104975845642074,-11.596186755978529,0.9235499719482685,1.0517520474246438,26.0,163.94074753352064,48.5694019834681,-0.24110398626976498,3.0,-0.05164173705142945,7.645190880255798,2,2.0,0.59,0.0546875,1.18,84.0,0.05784177780151367,21.589081242777347,0.0,8.944422006607056e-06,1.4627342224121094,21.588888140923977,do(snr=26)
0.4290080178255066,-10.440160002291087,-0.7071520907543419,0.9860804709363746,26.0,122.54936556919587,133.34423781776493,-0.30362843463337824,-4.0,0.011635397067923412,6.468020611411387,1,2.0,0.44,0.0078125,0.88,71.0,0.007874011993408203,12.641948514248336,0.17682283175746116,3.725290298461914e-09,1.3201889421399364,12.641948467153407,do(snr=26)
0.8056235594599296,-3.2632610821432904,-1.8594169285351705,1.0935978314006642,26.0,104.77217067065737,146.37497420544838,0.44396354041509645,-4.0,-0.056968399425240596,7.642126269489258,2,2.0,0.59,0.0546875,1.18,49.0,0.05784177780151367,10.918596731608902,0.22260726581549714,8.944422006607056e-06,1.7865266090528324,10.918499071072015,do(snr=26)
0.9665986959020607,7.105204785104694,-2.0194518710251996,0.895511465554649,26.0,123.26447224906443,54.56763063472823,-0.08930900491575944,-4.0,-0.1580074125533084,14.786447116841025,6,4.0,0.74,0.078125,2.96,39.0,0.08470535278320312,21.521138651823097,0.0,3.725290298461914e-05,1.677642822265625,21.52033692693278,do(snr=26)
0.09872587062032553,2.8307459338380276,0.13515133990373746,0.8975781638771342,26.0,50.89519052478176,230.7432979976732,-0.09620576809154663,-0.0,-0.13528696756053354,25.970416313632118,11,6.0,0.93,0.06158157801151187,5.58,94.0,0.06560740401058715,109.81286009677714,0.0,1.4381469135460456e-05,1.5248592320846972,109.81128082651898,do(snr=26)
0.43663933763968077,-0.7904041635093165,0.3612978902715488,1.097554688917919,26.0,97.28560569027243,286.0969150448485,-0.35472521459200446,1.0,0.10047235031216994,15.725634484419668,7,6.0,0.55,0.09651907136781782,3.3000000000000003,75.0,0.10673416752786163,52.08011375439346,0.10731539039446657,8.678657296246062e-05,2.0099684535239355,52.07559389980122,do(snr=26)
0.47635151688211597,0.2789310183530347,-0.7010567015515499,0.8822446442238177,26.0,198.1721020483142,246.44621904227853,-0.26836469894386156,7.0,-0.07296347246419227,15.931113810622927,7,6.0,0.55,0.061202312176632745,3.3000000000000003,79.0,0.06517728210173686,52.316485488024206,0.0,1.4030440910861586e-05,1.5214182568138948,52.3157514646659,do(snr=26)
0.816185182027734,1.7138358800716287,-0.7125468822493786,1.3186158716657082,26.0,108.94714018040773,295.67213911710934,-0.38766203803763066,-1.0,-0.07717840148630167,11.309549365935718,4,4.0,0.48,0.01777347869122034,1.92,51.0,0.01809498981651501,19.776908354255617,0.0,9.979062698395325e-08,1.14475991853212,19.776906380705533,do(snr=26)
0.36878033256308407,-4.262214945989003,1.8790507649859645,1.4206966848815181,26.0,42.70430159241228,103.07025616563887,-0.08271459231612859,1.0,-0.1097065898966269,14.35171848691458,6,4.0,0.74,0.078125,2.96,79.0,0.08470535278320312,53.04607791278024,0.0,3.725290298461914e-05,1.677642822265625,53.044101792386044,do(snr=26)
0.3892608592178692,-0.6884353002794155,1.1236375867979302,1.5351125146451599,26.0,27.924848599406154,210.77516084250564,-0.12295758454283269,1.0,0.15707860635755846,17.34991490676486,7,6.0,0.55,0.01934697705040689,3.3000000000000003,78.0,0.019728524251720274,56.922406045618175,0.16501092137758816,1.4010462301428106e-07,1.3978440796538905,56.92239807052594,do(snr=26)
0.03769208232477951,10.335748939894968,-0.4088287627468449,0.7935743889699863,26.0,16.410722890295755,245.93914167410117,0.14072220965393395,-2.0,0.1911010474267309,34.9721943870278,11,6.0,0.93,0.015625,5.58,95.0,0.015872955322265625,108.78642435708954,0.19216927819140514,5.960464477539063e-08,1.4065025926747143,108.78641787291336,do(snr=26)
0.6674369628311894,-2.506057547111446,-1.1993495606137567,0.7928141130853505,26.0,43.02307730825464,220.63595392432137,0.9106189170027423,-3.0,0.0225848851829809,11.460197580507796,4,4.0,0.48,0.015625,1.92,58.0,0.015872955322265625,21.931008059101387,0.055861868785222986,5.960464477539063e-08,1.2082372699020858,21.931006751911443,do(snr=26)
0.4633463893338284,6.495774550661013,0.017103892036961395,0.9268897450027779,26.0,136.01120969981068,183.73476108811508,0.26129366128520576,4.0,-0.08584171213520964,23.19558834795373,10,6.0,0.85,0.0642768881212532,5.1,77.0,0.06867396761033755,81.69596740035847,0.0,1.706944384793907e-05,1.5493917408827005,81.69457289563033,do(snr=26)
0.24394386709174648,-2.1353959815717007,-1.3115404841325473,1.012877771779242,26.0,170.37489857066345,239.96501094462303,-0.8622174471662877,1.0,0.08243301237885282,17.187761845150057,7,6.0,0.55,0.024414260225869455,3.3000000000000003,86.0,0.025024868597038563,55.48147800682986,0.08795754200842025,3.552828772290795e-07,1.328137191697647,55.48145829521072,do(snr=26)
0.38887238613806036,-6.882592002930073,0.5957291632189216,1.593778936718316,26.0,81.31627521252622,138.12385047700138,-1.1605335333085534,0.0,0.06342034369011819,10.027232447373509,3,4.0,0.37,0.007814182420564253,1.48,77.0,0.007875721012751063,24.61535804823197,0.11465158417788762,3.728500286293013e-09,1.2297717087243905,24.6153579564536,do(snr=26)
0.8971887027315942,9.312622620498658,1.0384259107876683,0.8134823795611307,26.0,27.649089094356516,124.84788566430288,-0.9486713459427648,3.0,-0.019853481232847237,17.570883276912003,7,6.0,0.55,0.012441715483308635,3.3000000000000003,50.0,0.012598437698801724,36.38032260626704,0.0,2.3961889583645757e-08,1.1007875015904138,36.38032173452577,do(snr=26)
0.5452384858482613,4.39304410538605,-3.1394419515674814,2.2499884335535367,26.0,111.08772354403727,211.21249863770592,0.44905456412469685,1.0,-0.13438410156363959,19.833724585178253,8,6.0,0.65,0.01727074356785535,3.9000000000000004,69.0,0.01757417364416742,47.51509401680296,0.0,8.897011327668736e-08,1.1405933891533393,47.515089789379665,do(snr=26)
0.8478811850303317,-14.0,1.2808028788934953,1.190636851768985,27.008824059923075,194.6674657089204,192.5192807156275,-0.42890203528647564,-8.0,-0.07920051238790236,-4.080895884282279,0,2.0,0.3,1.0,0.6,42.0,3.0,3.8833796150035993,10.666297074827177,1.0,40.51461392702135,0.0,do(shadow_fading=-14)
0.8142169579417837,-14.0,-1.1724872295401374,0.8070835905825751,11.02875447347915,23.790334392957035,296.6823014853948,-0.5585123167082087,-5.0,0.19855415007548358,-19.134806034960675,0,2.0,0.3,1.0,0.6,47.0,3.0,3.8447079526435615,7.482483555083216,1.0,35.88361244375741,0.0,do(shadow_fading=-14)
0.37743422365689283,-14.0,-1.774705274369718,2.1827248398825776,20.046554756601275,152.71494494709987,164.15262362791373,-0.6461896484015329,2.0,0.06103181383033923,-2.6227551054281015,0,2.0,0.3,1.0,0.6,80.0,3.0,6.33486106325356,6.30330934106112,1.0,34.168449950634354,0.0,do(shadow_fading=-14)
0.3956303683526119,-14.0,1.3764380154347202,1.1273776081931912,19.9900323368765,163.20594329214498,171.31327812642382,-0.8234956025097796,-1.0,-0.1882915109574939,-3.228889791060442,0,2.0,0.3,1.0,0.6,76.0,3.0,7.058647256406997,1.3615791931957844,1.0,26.980478826466594,0.0,do(shadow_fading=-14)
0.7577777968183116,-14.0,-0.012697012297022305,1.0022179094362171,4.5361740822545675,30.809096011449686,55.24609517833964,0.0417587247819639,-5.0,0.12962594020184467,-23.509621760490557,0,2.0,0.3,1.0,0.6,51.0,3.0,4.428910655137218,9.174642572863696,1.0,38.3449346514381,0.0,do(shadow_fading=-14)
0.6145524238877007,-14.0,1.184502476342909,0.9575265185659793,27.107940904249794,181.88058164445093,242.3392042679959,0.9385039335636444,-2.0,-0.012450760016068065,1.5267885527881977,0,2.0,0.3,0.8711218893305253,0.6,62.0,2.291028995955281,6.158329834600577,3.5597816884665026,0.5758584008428249,24.506096241775346,2.6120038641848304,do(shadow_fading=-14)
0.5071010021584619,-14.0,1.327670122468963,1.6425766378641986,8.279977167412389,72.73751792007319,116.14444130149529,0.23715387424373693,-2.0,0.04718325931534671,-15.449776023205258,0,2.0,0.3,1.0,0.6,68.0,3.0,6.301223365838417,4.968060649514563,1.0,32.22627003565755,0.0,do(shadow_fading=-14)
0.36881946397765325,-14.0,-0.6529379907128016,0.7000200951166174,23.632953858695295,45.5004740991749,35.23675971609458,-0.666915312371258,-6.0,0.01679783518235375,1.8825813258483808,0,2.0,0.3,0.5933567032364234,0.6,72.0,1.1543332669215383,7.480567192543457,0.7314287199411824,0.12395481801157948,11.298562455286753,6.553314847568341,do(shadow_fading=-14)
0.49729295823843195,-14.0,0.3754957697672965,2.23343007661733,11.100091603512789,195.82341441111677,212.53284284335825,0.24885104359558033,-3.0,0.17966588528158392,-13.042301846236542,0,2.0,0.3,1.0,0.6,68.0,3.0,6.019905095012628,10.972960345639807,1.0,40.9606695936579,0.0,do(shadow_fading=-14)
0.5699113080104247,-14.0,-0.21721363584880393,1.3151887119351868,6.93542643170605,87.20148373079662,259.6374234330073,-0.43555399948923357,7.0,-0.053973938151780504,-18.94944430824832,0,2.0,0.3,1.0,0.6,73.0,3.0,6.274554102671127,4.039092828868019,1.0,30.87504411471712,0.0,do(shadow_fading=-14)
0.22320637806486296,-14.0,5.007044800326436,1.4561645616954986,18.42065066685954,92.93353349639004,66.98170389060459,-0.45013612221061666,4.0,0.08315283494161618,-0.8171282338383681,0,2.0,0.3,1.0,0.6,91.0,3.0,9.887268126915272,0.5908857892756306,1.0,25.859470238946372,0.0,do(shadow_fading=-14)
0.2984063734232221,-14.0,2.859708926968597,1.4785345260191525,2.077937234586722,46.860001475105626,225.96804111902648,0.3587986515196561,-2.0,0.17812524177150585,-17.89369180540224,0,2.0,0.3,1.0,0.6,80.0,3.0,7.9457195166842585,1.3288911150069975,1.0,26.93293253091927,0.0,do(shadow_fading=-14)
0.8031236316539334,-14.0,-2.725706448191648,0.42637229039773183,24.187792301458156,139.20299062846703,32.624910592788034,-0.5895548438768597,1.0,-0.08694571533988281,-5.6500463370675345,0,2.0,0.3,1.0,0.6,54.0,3.0,4.0529066664311735,3.7610642054996433,1.0,30.470638844363116,0.0,do(shadow_fading=-14)
0.45292090839265603,-14.0,0.02358180801027544,1.3149980257883254,13.984484008921974,132.40988521270285,124.53764252005433,-0.08056874621650507,6.0,0.008502923167440172,-9.323779734943846,0,2.0,0.3,1.0,0.6,79.0,3.0,6.8729218385149755,2.116321685321634,1.0,28.07828608774056,0.0,do(shadow_fading=-14)
0.5408420837842635,-14.0,-1.009846408148899,1.5467437716917305,10.329658777360203,31.27530640411256,108.57768872706271,0.13074161230359232,2.0,-0.17219658073575983,-13.89528883714494,0,2.0,0.3,1.0,0.6,70.0,3.0,5.775626023452644,13.787165958782095,1.0,45.054059576410324,0.0,do(shadow_fading=-14)
0.8312952634286874,-14.0,-2.490799801786915,0.5813785275328176,23.0108559874979,122.73514251158461,258.85452150223654,0.12837849585285255,-2.0,0.06171881375203954,-7.139104497958191,0,2.0,0.3,1.0,0.6,49.0,3.0,3.7276483456471574,5.3086600247357145,1.0,32.72168730870649,0.0,do(shadow_fading=-14)
0.38877012604649525,-14.0,1.1215934328723545,2.0566467834186617,9.952236569851305,158.29547907639423,147.5690302880979,-1.0643956376980304,1.0,0.0958497468275095,-13.317664873450354,0,2.0,0.3,1.0,0.6,78.0,3.0,7.158035181319638,2.7168527823571638,1.0,28.951785865246784,0.0,do(shadow_fading=-14)
0.2885377814409142,-14.0,1.2074789053696073,0.7531278846844046,13.103554908816022,155.62845997977306,91.85012570682113,1.3114005438730718,3.0,-0.10839361672499925,-5.831740730014201,0,2.0,0.3,1.0,0.6,86.0,3.0,7.92428418684776,0.4845597512836296,1.0,25.70481418368528,0.0,do(shadow_fading=-14)
0.1163974711616101,-14.0,-1.7782126358800696,0.8696431126384776,14.724978580443185,132.76270170548344,56.57497583059635,0.45347605150714465,3.0,0.06166392034950691,-1.7848712598756293,0,2.0,0.3,1.0,0.6,96.0,3.0,7.600370343323955,0.8856233208115833,1.0,26.28817937572594,0.0,do(shadow_fading=-14)
0.26635025936668927,-14.0,2.6194340888059156,0.6570975209880462,12.01237431200346,126.49174330555918,246.2289997255868,0.15062785450522423,-1.0,-0.06170352416571126,-7.937722358449003,0,2.0,0.3,1.0,0.6,83.0,3.0,8.157035920714906,0.39685567637248154,1.0,25.577244620178156,0.0,do(shadow_fading=-14)
0.8659803751887178,-14.0,-1.419226108226401,0.9228297417257861,18.59154069207288,138.21099548793168,105.8664654808762,0.2871668317827102,2.0,0.14400218531845901,-11.75174277010507,0,2.0,0.3,1.0,0.6,51.0,3.0,4.117243207880591,8.472540604393672,1.0,37.32369542457261,0.0,do(shadow_fading=-14)
0.7094860252577803,-14.0,-1.4045910116546247,1.5656944913733062,14.193046767651072,87.95526242454326,119.62038139961169,-0.227926793594638,-2.0,-0.09804225540846187,-13.71482791376154,0,2.0,0.3,1.0,0.6,56.0,3.0,4.524455373164309,14.032350529235613,1.0,45.41069167888816,0.0,do(shadow_fading=-14)
0.5629706126277592,-14.0,-1.7296429391330779,0.7161485664626237,17.360930129890903,176.04505407799707,173.11407185657606,0.10922723147899059,1.0,-0.020839542121963633,-7.975567001788506,0,2.0,0.3,1.0,0.6,68.0,3.0,5.39794549301751,6.4424012702032085,1.0,34.37076548393194,0.0,do(shadow_fading=-14)
0.5829126344329496,-14.0,0.08507579684545374,1.0778212294927372,22.37360735558378,136.96715338051806,57.307088978948514,-0.2662894678480334,3.0,-0.10618344404692724,-3.2688865554045616,0,2.0,0.3,1.0,0.6,69.0,3.0,6.021367206130151,5.086636847569105,1.0,32.39874450555506,0.0,do(shadow_fading=-14)
0.3622374077691684,-14.0,1.7284301273533063,1.598408834848661,25.856960696461854,145.3626616776406,143.53935837982937,-0.22998653669905925,1.0,-0.048164524523400594,3.9455809808867275,0,2.0,0.3,0.0078125,0.6,79.0,0.007874011993408203,10.801482024532575,0.3740202958608951,3.725290298461914e-09,1.6070216171994767,10.801481984293918,do(shadow_fading=-14)
0.6122764140235155,-14.0,1.3173354209912598,1.0892459328551307,10.087395580682182,162.90509349026368,148.53358511132248,0.5358517780091813,0.0,0.0847027606032329,-15.620375468461553,0,2.0,0.3,1.0,0.6,64.0,3.0,5.927689408099087,6.583117054152827,1.0,34.57544298785866,0.0,do(shadow_fading=-14)
0.4575734862735865,-14.0,-3.35481015263048,0.5830203188646207,15.469724348612345,33.088753041169134,274.04110120071675,0.0919743495255845,6.0,0.05322850022457425,-7.642097107198341,0,2.0,0.3,1.0,0.6,79.0,3.0,5.713317922093662,5.314986877977772,1.0,32.7308900043313,0.0,do(shadow_fading=-14)
0.27301154379143816,-14.0,-0.023962902539200248,1.1776943164852611,4.390420729754225,9.750149250767858,78.32402221896056,-0.47549294426321725,0.0,-0.037824126754522534,-15.40019187882246,0,2.0,0.3,1.0,0.6,84.0,3.0,7.290564711707762,1.3266860282424082,1.0,26.929725131988956,0.0,do(shadow_fading=-14)
0.5967552308513988,-14.0,-0.9323158245811647,1.935228145877415,21.091869627114338,27.658215339665464,133.23078922208663,-0.7428499853738934,3.0,0.11634491943030532,-5.057421007244827,0,2.0,0.3,1.0,0.6,68.0,3.0,5.633514414309951,17.581778935973958,1.0,50.573496634143936,0.0,do(shadow_fading=-14)
0.45718158362660427,-14.0,1.6668393646830872,1.1522026740774325,2.136852372792238,106.30060933177796,230.61896045635325,0.7489990602285077,1.0,0.12272641208676434,-20.555858898734535,0,2.0,0.3,1.0,0.6,74.0,3.0,6.966262421941554,1.828858799553107,1.0,27.66015825389543,0.0,do(shadow_fading=-14)
0.46166547274830155,14.0,2.085851778271539,0.9288622036172579,5.147494692184043,54.14273556539073,51.91144665110011,-0.0793740480966157,1.0,0.024069831076613826,10.20471645186817,4,4.0,0.48,0.08924496486762881,1.92,74.0,0.09792043475878134,32.47161196278939,0.040110996713380004,6.343586871782048e-05,1.8417067460169854,32.46955209787586,do(shadow_fading=14)
0.5165827983577257,14.0,-1.184115955776739,0.4340156467305129,26.235350023636524,133.0024655996015,40.76819862177154,0.5127674176385212,1.0,0.014862836509089518,30.642125881318805,11,6.0,0.93,0.015625,5.58,71.0,0.015872955322265625,78.08608932565042,0.016021010206888307,5.960464477539063e-08,1.1502869301517806,78.0860846713568,do(shadow_fading=14)
0.753488632058963,14.0,-1.2539278982858295,0.959513095891195,27.943472676743298,75.88263275409417,295.70453962990285,0.3450416773253446,1.0,-0.1482252449070248,27.52464301382146,11,6.0,0.93,0.046875,5.58,57.0,0.049175262451171875,62.14653395539461,0.0,4.827976226806641e-06,1.393402099609375,62.14623391340609,do(shadow_fading=14)
0.6555658219915941,14.0,-0.8036071393855715,0.7223912653894382,19.710581312439444,152.9107200429972,196.4915075835447,0.14402636320796533,4.0,-0.06690363866557801,20.757912472251736,9,6.0,0.75,0.0668187844025831,4.5,65.0,0.07158186351587825,58.33060951380974,0.0,1.9933992107423748e-05,1.572654908127026,58.32944675190007,do(shadow_fading=14)
0.6132125027823851,14.0,-2.77712771699019,1.2448499534352488,9.33266249707206,133.09103968358627,149.08736126615156,0.1565758553088841,-4.0,0.01969654542297762,11.314305800708519,4,4.0,0.48,0.01769915939789532,1.92,60.0,0.01801796408426825,20.776633418320166,0.07901769467837395,9.813198009744895e-08,1.2590785412972354,20.77663137946799,do(shadow_fading=14)
0.8632789664919562,14.0,-1.1969542463485208,1.4703922221799324,27.893408353667287,31.41149830847663,221.67885576251584,0.23906120921389365,0.0,0.012693078058075258,25.722153964819903,11,6.0,0.93,0.07709797481227532,5.58,49.0,0.08350035042873971,53.31409030117493,0.021417379832816857,3.533229770669166e-05,1.699155355914015,53.312206591864445,do(shadow_fading=14)
0.6587503100762517,14.0,1.0796717008855663,1.066405339605374,3.7412323237010745,168.67983393221573,172.5477932679555,0.7168675591357337,2.0,-0.04997166862043087,5.3090465845876125,1,2.0,0.44,0.03125,0.88,63.0,0.032257080078125,12.2118108862709,0.1468160146672868,9.5367431640625e-07,1.471607207413781,12.2117992401805,do(shadow_fading=14)
0.7980151133225856,14.0,1.2725412964189877,0.8282174687036472,12.256291158789466,47.77258541941743,252.38330370300653,-0.2738844927653193,2.0,0.029337773444787357,10.609587074752062,4,4.0,0.48,0.055074836945789796,1.92,55.0,0.05827512968019109,23.382600180799948,0.05929601369471197,9.200530729946976e-06,1.5524497846338372,23.38238504846844,do(shadow_fading=14)
0.672585286987986,14.0,2.394187951810479,1.287690245096845,24.27581098783622,154.1742003998113,223.3727045517051,-0.6383379680774106,-3.0,-0.05781474179876909,24.180749891255708,10,6.0,0.85,0.041090718748659716,5.1,57.0,0.0428485454236139,67.91836909621118,0.0,2.8508538366667224e-06,1.3427883633889113,67.91817547086806,do(shadow_fading=14)
0.4353910102539359,14.0,-2.7880056343364075,2.0649805533012153,10.650279402826868,183.05181932501014,242.99558660142773,-0.2212534622921852,2.0,-0.09984225819027714,15.130178652414866,6,4.0,0.74,0.06326151073868094,2.96,76.0,0.06751670323117759,40.24849083951947,0.0,1.6016154002818084e-05,1.5401336258494207,40.247846213491805,do(shadow_fading=14)
0.2273147224640749,14.0,0.7907662067913098,0.6432762977402869,7.5661432406292395,108.56369719338022,78.26208842519381,-1.387782885196794,-1.0,0.021680629614887786,15.222851354512033,6,4.0,0.74,0.05891747782787626,2.96,85.0,0.06259326544722298,54.414152243779206,0.02533612748003302,1.204970981438791e-05,1.5375986726396502,54.41349656903487,do(shadow_fading=14)
0.32225116534151843,14.0,-1.1100503228900689,0.832370142123118,8.438898080251327,84.77046597772977,93.48620322159962,0.533256975543709,2.0,-0.033751554744162166,16.3478747147213,7,6.0,0.55,0.0546875,3.3000000000000003,83.0,0.05784177780151367,53.859253527619316,0.0,8.944422006607056e-06,1.4627342224121094,53.8587717877268,do(shadow_fading=14)
0.2848168236157246,14.0,-2.2898924268002006,0.6249983980017243,27.123710265359563,187.7698505365245,59.115392155812096,-0.28143936574523004,5.0,-0.09403246903737444,34.68508098857729,11,6.0,0.93,0.015625,5.58,88.0,0.015872955322265625,91.09500579525186,0.0,5.960464477539063e-08,1.126983642578125,91.0950003655664,do(shadow_fading=14)
0.49889368740336404,14.0,-1.8266566317945938,1.01642131518909,7.006307085763951,158.23251632535028,192.4813057798205,-0.22317248731535186,-2.0,-0.07474843568424508,10.499375121373046,4,4.0,0.48,0.06540720757507257,1.92,69.0,0.06996512913588938,25.017296798735288,0.0,1.83021635911107e-05,1.559721033087115,25.01683892807667,do(shadow_fading=14)
0.60173153289389,14.0,0.05191532986223106,0.6014315349238539,25.718217995342407,163.6374797001191,50.29622039763408,0.5231332965984005,7.0,-0.04860447823727695,28.475782466192367,11,6.0,0.93,0.0234375,5.58,72.0,0.023999691009521484,84.28518103548724,0.0,3.0174851417541504e-07,1.1919975280761719,84.2851556025591,do(shadow_fading=14)
0.5027913445448362,14.0,0.54328874723898,0.9425805030069702,4.015562988754898,123.97148733951417,83.96728960889988,0.8141740367360916,-1.0,0.04614451089377142,8.846055574744335,3,4.0,0.37,0.05038941938045183,1.48,69.0,0.053056456417476805,21.853823824420136,0.08603479073572717,6.446996235975888e-06,1.5495931651372357,21.8536829329002,do(shadow_fading=14)
0.7951559954582171,14.0,0.25296719301605275,1.4027361042143696,26.357363994413078,131.74985146263705,133.99123665417775,0.8991226501296222,-0.0,-0.15982029684300295,25.84681271937445,11,6.0,0.93,0.06930680265261602,5.58,53.0,0.07444314612217928,62.19641689280292,0.0,2.3072967566428737e-05,1.5955451689774343,62.194981836893206,do(shadow_fading=14)
0.5425654433710825,14.0,0.1495914896978871,0.5651833784713604,8.673888195852236,129.5121740341261,58.445284189218825,-0.5924264035768537,-5.0,-0.09797756659057692,11.450404582705678,4,4.0,0.48,0.015625,1.92,63.0,0.015872955322265625,25.53080575836389,0.0,5.960464477539063e-08,1.126983642578125,25.53080423660928,do(shadow_fading=14)
0.5228098366608989,14.0,0.9648030056696566,1.57724158985471,15.305849842945872,68.95272364501943,188.65871728467226,0.3028080396884021,-1.0,-0.2976322815761401,19.208025100988237,8,6.0,0.65,0.02704729800832434,3.9000000000000004,68.0,0.02779864095993069,58.1361744535251,0.0,5.35174663252036e-07,1.2223891276794454,58.13614334051751,do(shadow_fading=14)
0.19076194755648712,14.0,0.9460617408649613,0.9299353495578192,10.647281391613653,61.668433724308144,78.2598908590619,0.2968171699148934,-7.0,0.003333824853706307,20.83027164667167,9,6.0,0.75,0.06342694810164873,4.5,81.0,0.0677050910478152,79.35985486782035,0.005733424699159503,1.61843499406622e-05,1.5499802552176627,79.35857048015792,do(shadow_fading=14)
0.43605779369316694,14.0,-0.9304627677581017,0.8426125450272347,25.88162864322713,142.62142122989093,266.49474351518046,-0.38068255286712943,0.0,-0.10549266047456661,30.263035334912555,11,6.0,0.93,0.015625,5.58,74.0,0.015872955322265625,82.48264329954849,0.0,5.960464477539063e-08,1.126983642578125,82.48263838319983,do(shadow_fading=14)
0.4957408701280141,14.0,2.731129347451862,2.1036545140194742,6.972018375545341,21.915889283962073,259.038045368117,0.5553122967087702,2.0,-0.07297282403711186,11.723397236930397,4,4.0,0.48,0.015625,1.92,73.0,0.015872955322265625,33.37348805533039,0.0,5.960464477539063e-08,1.126983642578125,33.37348606611549,do(shadow_fading=14)
0.8804000881355694,14.0,-3.6278572726171063,0.8826484272482977,16.862075148923157,171.931625840053,30.733382858018405,-1.081999643459755,-7.0,0.005450285930654043,13.056600912703693,5,4.0,0.6,0.0234375,2.4,41.0,0.023999691009521484,16.855020573075066,0.0752037728730794,3.0174851417541504e-07,1.3013848340733782,16.855015487097653,do(shadow_fading=14)
0.6315284014129042,14.0,0.634039509429383,0.8034089022205487,14.851142385456454,113.51453275575196,51.03838331871624,-0.09826407063872258,1.0,0.2767988517218387,16.600233863604142,7,6.0,0.55,0.04853676447376892,3.3000000000000003,64.0,0.05100692573876266,45.41060769196616,0.2835036600746772,5.5498761195593715e-06,1.8204243660187225,45.41035566871896,do(shadow_fading=14)
0.4605432176016286,14.0,-0.9656796200712934,0.8951537433947365,4.493056897346576,38.79859981427202,234.43166941843273,-0.40215605491759926,-2.0,0.12831112336355263,8.86794182981512,3,4.0,0.37,0.049021528438527806,1.48,71.0,0.05154244282646052,20.840203796092755,0.17066175817896223,5.7749388757688536e-06,1.6605748272356293,20.840083445189673,do(shadow_fading=14)
0.34569533427625354,14.0,-1.8399793258213615,1.1029083836505023,26.714745852265242,37.61658303249067,109.71425873936971,0.43559749506881046,-1.0,0.019762771872903262,34.270130184323286,11,6.0,0.93,0.015625,5.58,78.0,0.015872955322265625,82.79452860339241,0.022369432131014038,5.960464477539063e-08,1.1595209984050545,82.79452366845395,do(shadow_fading=14)
0.8477509812259214,14.0,1.0058944669188157,0.5543619984723208,13.927304694014728,169.51829063005397,164.13487563985254,-0.2981421911110663,2.0,0.1381218274338311,11.093943327628665,4,4.0,0.48,0.02114232303976804,1.92,52.0,0.021598771435668837,21.94978602584522,0.16134375633083187,1.9980705423527922e-07,1.4074719988756517,21.949781640123135,do(shadow_fading=14)
0.7136603923388178,14.0,0.4301625071724403,0.967528386749337,8.658745699408856,118.74138182474269,95.46527559395743,-0.5002991523931102,1.0,0.1339717104939939,8.361181461992404,3,4.0,0.37,0.08069405142744757,1.48,59.0,0.08773102309473196,18.488299185897084,0.1949127495331979,4.2400022104538415e-05,1.9853576386243255,18.487515281602928,do(shadow_fading=14)
0.7936090429934485,14.0,0.4300277726468785,1.0043882699760847,25.207970465784427,98.97190517579028,298.40395342234393,-0.4273560602408632,5.0,0.1843320569726979,23.20167647790203,10,6.0,0.85,0.0638963799994845,5.1,58.0,0.06824000015436818,62.81069300402038,0.18855220583164853,1.6668826144705662e-05,1.8201777551718887,62.809646023498665,do(shadow_fading=14)
0.4500846179809425,14.0,0.4381149657458818,1.1273353597742022,3.860688787229507,193.96766047732703,210.15260082300682,-0.2914057669432289,4.0,0.028551385929802706,8.036739881375674,2,2.0,0.59,0.053862528242689334,1.18,77.0,0.0569199646474073,19.333505453730023,0.09230512514732563,8.416798675914272e-06,1.58962171739355,19.33334272750692,do(shadow_fading=14)
