cell_load,shadow_fading,hw_impairment,traffic_burst,snr,doppler,delay_spread,eps_sinr,eps_sched,eps_queue,sinr_eff,mcs_idx,mod_order,code_rate,bler,se_phy,num_prb,harq_retx,mac_tput,queue_dep,pkt_loss,rtt_ms,goodput,regime
0.42454802688998333,-4.622100812153923,2.153991026651571,1.4422741026508383,5.3806498704654775,133.45800289532124,279.21395794289316,0.2932911686667409,2.0,-0.07503753083264791,-7.970810606331927,0,2.0,0.3,1.0,0.6,77.0,3.0,7.411655894502535,1.464599048218415,1.0,27.130325888317696,0.0,obs
0.5275889398014816,4.07295307514955,0.8328601114191361,1.140155332070086,15.031437472000079,114.14595492664998,296.3793204989646,0.09790919394073055,-2.0,0.14984202756503232,8.361648932626567,3,4.0,0.37,0.08066483451281237,1.48,67.0,0.08769652123748096,21.409131339627137,0.20047272295473464,4.233864830216483e-05,1.9931688578340072,21.408224905944895,obs
0.6371801791482613,3.3362207712678593,-2.5672097395956888,0.4924734896998998,7.721256332391803,64.63826188045059,205.95866490600037,-0.8557696875916116,0.0,-0.02065992605674966,-2.2725203399462224,0,2.0,0.3,1.0,0.6,63.0,3.0,4.771775485761704,4.423913318484842,1.0,31.434783008705224,0.0,obs
0.5172549096186969,0.10276097922797901,-0.3228666848642321,0.654104489001154,26.32432227522231,181.9459613857663,218.97903741538568,0.9502701277170549,5.0,0.07044116685560985,16.649671023541554,7,6.0,0.55,0.04621939760170274,3.3000000000000003,74.0,0.04845436570557586,50.09007511069462,0.0748706456421749,4.563490211162424e-06,1.496537682942316,50.08984652512718,obs
0.6813510959767244,-5.529904477073221,2.673440689057068,1.6821005807334457,2.1040822235122567,23.619265332047412,116.89387581807904,-0.7193875636200997,3.0,-0.24787565179008345,-17.00927707004119,0,2.0,0.3,1.0,0.6,63.0,3.0,6.206268006542586,5.5563900477556345,1.0,33.08202188764456,0.0,obs
0.7639784028085683,0.909508979162517,-0.3206952927749341,1.1493907753741959,5.723115181321161,143.84020023225003,261.43282077116226,0.20974863615485748,3.0,0.056831130896587916,-8.293697458039885,0,2.0,0.3,1.0,0.6,58.0,3.0,4.959184786220717,10.430082878648696,1.0,40.17102964167083,0.0,obs
0.5206275680088928,-0.4885915003349652,-2.7007180376012707,0.7679486457557302,8.408372180169096,146.93537403940738,88.80555050948502,0.19497997209887385,6.0,-0.016135270436911372,-2.275362803580753,0,2.0,0.3,1.0,0.6,75.0,3.0,5.637179811885102,6.914601257508547,1.0,35.05760182910334,0.0,obs
0.2955913181566335,-9.334320231139408,2.8395733281338154,0.9426769453220203,7.172874501423071,183.4886728995425,58.72277531396124,0.13781839116453856,-2.0,-0.04814400228905088,-8.362520274100813,0,2.0,0.3,1.0,0.6,80.0,3.0,7.9387206602616835,0.688310108936368,1.0,26.001178340271082,0.0,obs
0.6521575303842132,-10.3026864592693,1.023588764719189,1.004595846619805,7.870239351072468,106.12321550851395,292.77911732636574,-0.24728844108080375,-3.0,0.018095995742113173,-15.729811889540283,0,2.0,0.3,1.0,0.6,59.0,3.0,5.389288237135257,9.084573511485846,1.0,38.21392510761578,0.0,obs
0.8329942401961031,3.9560736516683863,-0.10501928821920059,1.290288081154035,19.05723773159064,67.71635595275295,263.3174427415437,0.41362632557025114,-2.0,-0.04958252538120278,7.3155374382391605,2,2.0,0.59,0.0546875,1.18,49.0,0.05784177780151367,11.974547373660096,0.20213505559359057,8.944422006607056e-06,1.7567488487300593,11.974440268255048,obs
0.3419370070961287,-18.213218205361823,-0.5571266041231029,0.6246796991361998,10.515314036141879,166.409430622704,111.98418632529601,-0.7801837369715477,-1.0,-0.2123874919888356,-15.77335926898822,0,2.0,0.3,1.0,0.6,79.0,3.0,6.673598682157194,0.9939618061655076,1.0,26.44576262714983,0.0,obs
0.5310276909119414,1.4378736887288197,1.6235278946876033,0.7472814978987342,17.990633929487704,155.30800495731657,212.29609342288327,-0.03291439433696146,-8.0,0.09222479411719374,8.503809592023241,3,4.0,0.37,0.0717797933005202,1.48,61.0,0.0773019658355712,20.262853273765195,0.13000886174559326,2.654659435019635e-05,1.8075195255872507,20.26231536401896,obs
0.8364346205068861,-3.346581404276771,-0.8129751003392888,1.099169227933658,25.146706274803574,102.56154481179672,156.09495650156387,-0.28193733827622924,-1.0,0.024301756134819306,5.410512670502267,1,2.0,0.44,0.03125,0.88,50.0,0.032257080078125,8.821721059247992,0.5916418335103939,9.5367431640625e-07,2.118626580276482,8.821712646199192,obs
0.4582541724849276,9.15772624815937,1.7223846367739823,0.9660074687694749,17.666475903668253,154.73218824859316,117.24461565927714,-0.33864897103351577,-2.0,-0.031394245474785185,17.114759271915414,7,6.0,0.55,0.026695590639452038,3.3000000000000003,71.0,0.027427269933431368,53.221367044137644,0.0,5.078765212829239e-07,1.219418159467451,53.22134001425489,obs
0.7213404387038229,-3.4542774640771303,0.813292928586384,1.2190816529651043,20.057852573445917,57.23574240506586,107.42903690527962,0.21437389372677287,3.0,-0.09661853720724374,3.0863093587684287,0,2.0,0.3,0.02934397924921403,0.6,61.0,0.030230315561728296,7.962442400494391,0.8437883351668602,7.414400262639731e-07,2.4691710120092596,7.962436496820888,obs
0.4055754315736055,4.6163894997632715,0.3670228882310249,0.6531726065317993,11.50308575375529,119.95373442867624,66.72741020964475,0.5387392713598416,1.0,-0.1469857516107135,8.494260186681347,3,4.0,0.37,0.07237663113438864,1.48,77.0,0.07799414392939796,24.088952661451614,0.0,2.7440590811167453e-05,1.6239531514351837,24.088291646358563,obs
0.29247910194748505,-2.7783968886645414,0.21827220800339303,1.1316910318093871,6.1532001581904385,173.71077368363572,178.3158822144766,-0.17162788091843303,-2.0,0.022389270706805763,-3.3784638533332916,0,2.0,0.3,1.0,0.6,81.0,3.0,7.115437453616641,1.5115154696855582,1.0,27.198567955906267,0.0,obs
0.404779276270183,0.7962370744030042,-0.2624520550712672,1.4595609304086898,10.335185623697559,67.00697840021994,150.5811063317271,0.3903405449628887,2.0,0.1613440960225359,3.3356710204951128,0,2.0,0.3,0.01682624392088393,0.6,78.0,0.017114130293352445,9.674196241892895,0.7080199063640273,8.01583411869089e-08,2.1667601788763142,9.674195466425372,obs
0.6127792309545441,5.157855716440358,1.5684601803138987,1.1836926203260516,27.07134886630681,99.29224657399493,168.29033348098497,0.02487033272229924,2.0,0.02031664767410382,20.157087936484317,9,6.0,0.75,0.09498243451668087,4.5,66.0,0.10486099688586582,66.21966407407076,0.024769291840992698,8.1390400880621e-05,1.8749160359465522,66.2142744290656,obs
0.5286550264381275,-3.237890014272061,-1.2980142481527512,1.0493697231152368,18.167095995781565,190.45374656371342,88.14643521943921,-0.4463661046190043,-2.0,-0.1382761606092826,3.833152799290631,0,2.0,0.3,0.0078125,0.6,67.0,0.007874011993408203,7.884795439775969,0.7058013898809523,3.725290298461914e-09,2.0896122994104687,7.884795410402817,obs
0.6926497592046034,6.975884191488828,-2.432887690245314,0.9673305086803164,9.215289105284395,160.65130918448864,283.42488110877684,-0.12897604662053191,-2.0,0.022511672703840257,2.127863447734973,0,2.0,0.3,0.3574400543990318,0.6,57.0,0.53087120084921,5.8430629534246,7.321385915641566,0.2201056146879643,15.89625821136323,4.556971990400607,obs
0.32330718717516144,-6.955885139745382,0.921660184338712,0.7488617269871145,13.7237969462147,177.97260896445778,202.4196230092462,-0.14974294539580746,-7.0,-0.005334296224672793,-0.5774525741935485,0,2.0,0.3,1.0,0.6,74.0,3.0,6.726674467543935,1.3673393057940628,1.0,26.98885717206409,0.0,obs
0.6948418145645816,2.0621498979086534,0.9468574921007216,0.9753674140595865,23.723338973205852,80.12317687363704,272.8921774935009,-0.3483299562527233,-4.0,0.08640436260742304,11.746010925551252,4,4.0,0.48,0.015625,1.92,55.0,0.015872955322265625,23.17070744662843,0.12243487139528814,5.960464477539063e-08,1.3050707282439986,23.170706065546643,obs
0.3863038843541963,6.458478059514969,0.72036172876765,1.5470887018998942,19.379532838350112,199.31852562873897,59.503214828843966,0.21424146432791688,-2.0,0.060673317741172655,18.038507456008233,8,6.0,0.65,0.0625,3.9000000000000004,75.0,0.066650390625,63.00748988748245,0.06713125777154673,1.52587890625e-05,1.6308485908495225,63.0065284694849,obs
0.6463268067013078,4.620262442532344,0.6115925544270582,0.9596058188597986,16.576973858958375,34.75029291334353,198.1697607811672,0.11732309385237963,0.0,-0.29858225341099237,8.835079089194958,3,4.0,0.37,0.05107544972728795,1.48,62.0,0.053817391897761385,19.699828188250528,0.0,6.80532385444188e-06,1.430539135182091,19.699694124539832,obs
0.6313480411353045,13.415114137147873,-0.4808105675063218,0.7347410581596413,25.01423479247987,106.16026372718025,259.35469103392353,-0.795324849134709,-3.0,0.05452422044284569,25.009712788451886,10,6.0,0.85,0.0234375,5.1,60.0,0.023999691009521484,62.490193845091085,0.057644673737605776,3.0174851417541504e-07,1.2758443262399621,62.49017498876794,obs
0.1925744922823252,-5.344075221174624,1.1812240565782879,0.8432267363321729,19.48342887763655,98.45830954776864,119.348610549906,-0.8257629976196789,-2.0,-0.10034794095040839,8.89954158569131,3,4.0,0.37,0.04704654369626593,1.48,86.0,0.04936405272065708,28.099370258941537,0.0,4.899038956063251e-06,1.3949124217652566,28.099232599031996,obs
0.6939274462573918,-9.654044759440115,-0.06833719013181132,1.0720541601704434,18.71097300056848,160.69427720602621,82.68865566671633,0.2123422266028772,-4.0,-0.1421728741448699,-4.260357841550714,0,2.0,0.3,1.0,0.6,55.0,3.0,4.762980112840915,9.533115921393373,1.0,38.86635043111763,0.0,obs
0.470119018872768,-6.960345759465836,-0.7306703412227671,0.8786320724281415,6.933971567479971,182.18046564042734,101.55575256751732,-0.4076432143972673,1.0,-0.01884734103735637,-10.048940389234719,0,2.0,0.3,1.0,0.6,73.0,3.0,6.111699800049412,3.5358455273664777,1.0,30.143048039805784,0.0,obs
0.8764280262368688,4.623097965839059,-0.46783696838309985,1.1830714597031367,4.7661057583226025,147.57217849707166,103.69210622244573,0.151020577550162,1.0,0.04109711090300116,-7.299960798041323,0,2.0,0.3,1.0,0.6,50.0,3.0,4.243194037902982,10.7183170347238,1.0,40.59027932323462,0.0,obs
0.39650959834079696,3.48546053988565,3.030959548163748,1.1985570699919463,27.093695043492374,127.22916604540904,150.7437205293545,0.39046578905459417,1.0,-0.16407346102868245,22.709889161696925,10,6.0,0.85,0.09375,5.1,78.0,0.103363037109375,94.72928888634947,0.0,7.724761962890625e-05,1.826904296875,94.72197127427386,obs
0.8180428135274217,0.7157966175319104,-2.602464123068149,1.3606367750362114,17.57031762260917,88.34869221545823,118.01017275041953,-0.6354764187027796,0.0,0.07045764170575515,2.019405987768283,0,2.0,0.3,0.4608078120015181,0.6,52.0,0.7710013517219714,5.1086198337003745,12.35020453640755,0.5421247625121042,25.131944684914025,2.339110519590934,obs
0.3156536222573811,-7.860699343749909,0.7496821564436983,1.6374423252928696,12.807768637807156,104.51355382976816,103.24399963115765,-0.7057686272880925,-5.0,0.07633388475316,-2.3658478673670054,0,2.0,0.3,1.0,0.6,76.0,3.0,6.851688149313959,2.750493347236849,1.0,29.000717595980873,0.0,obs
0.15889580362574163,5.368071053303425,-2.5186656414355757,1.41195544149004,17.314541343665656,104.31356107884025,205.09832056938723,0.8372158411976476,-2.0,0.004697619629949775,19.500601595245044,8,6.0,0.65,0.022475790285561736,3.9000000000000004,88.0,0.022992305330566738,62.77922064310658,0.010636483282228474,2.551877864576113e-07,1.199409691055048,62.77920462261623,obs
0.719580445940483,-8.572933443553783,-0.16235000748445985,0.7235179631410852,3.6071109878646,8.971852368453645,44.318740351408806,0.1757853914812295,-1.0,-0.08676236302270486,-18.016166317924462,0,2.0,0.3,1.0,0.6,57.0,3.0,4.912896629180916,6.442987254325583,1.0,34.371617824473574,0.0,obs
0.15551094837591006,8.112647076638298,-0.6504412277312815,0.7312546557843587,23.375309121506778,103.09393194139714,121.89822009772709,-0.20962032833663546,-1.0,-0.0979378004189292,27.508105993246136,11,6.0,0.93,0.046875,5.58,89.0,0.049175262451171875,100.15966107055817,0.0,4.827976226806641e-06,1.393402099609375,100.15917750209564,obs
0.22348542645958458,20.002068961979056,-3.1275424450198166,0.9740934753117019,7.632783924672735,171.91430603395435,216.23303080392822,-0.4669702263231318,0.0,0.10259321315802275,21.759173729125447,9,6.0,0.75,0.0390625,4.5,87.0,0.04064798355102539,68.93812552527629,0.10596209830610877,2.3283064365386963e-06,1.4793105568534521,68.93796501619491,obs
0.8282900010025822,2.5651580260008533,0.5835563856506445,0.8553096358838023,22.91819616426662,143.3084321727384,77.4794323058716,-0.2552204244536398,5.0,-0.1511222686495905,9.346459850509694,3,4.0,0.37,0.029088326072558457,1.48,56.0,0.029959069312362155,17.83249735540615,0.0,7.159371846476859e-07,1.2396725544988971,17.8324845884582,obs
0.464758051250646,4.081756949604202,-0.5700570932882938,0.6741329412276507,15.893839524853876,160.16318131437595,89.65052279748635,-0.5952861680566551,3.0,0.10644704608191785,9.955619642378304,3,4.0,0.37,0.0100520825766644,1.48,76.0,0.010154142647084603,22.91264103671655,0.13200353183987087,1.020996354128556e-08,1.2732382783983074,22.912640802779322,obs
0.6096307263729535,-3.4500183822689157,-3.148809513841866,0.8581241218821025,9.190872355079472,81.14457300486158,84.17998886148771,0.4417060870452951,-3.0,-0.01651991591304367,-5.571810335393536,0,2.0,0.3,1.0,0.6,61.0,3.0,4.466146554365911,7.728050284072925,1.0,36.24080041319698,0.0,obs
0.6739276236229873,-12.671493247607714,1.2593521361613782,0.8484228683501165,2.7854586542938318,108.14978119802682,30.25004881747933,-0.3883755768031604,2.0,-0.009583449964285713,-23.086431981596693,0,2.0,0.3,1.0,0.6,62.0,3.0,5.726829616816989,7.647432936895508,1.0,36.12353881730256,0.0,obs
0.683622942576353,-4.219035541211556,2.1525092669834023,0.7923636139180769,23.21166723849175,11.529295954434593,157.91729299452464,0.5467672941081335,2.0,-0.1708087705413325,6.608711262289315,1,2.0,0.44,0.0078125,0.88,62.0,0.007874011993408203,12.675758148116879,0.0,3.725290298461914e-09,1.0629920959472656,12.675758100896,obs
0.45494650639810147,-7.6502666876912455,2.235186513444858,0.8963783523376992,6.587963678201973,79.68459872302199,40.51887314235326,-0.20031445988500562,-3.0,-0.01467166301285866,-10.070693527818138,0,2.0,0.3,1.0,0.6,70.0,3.0,6.762563622364953,1.5732245282105297,1.0,27.288326586488044,0.0,obs
0.09733647038710476,-10.12903203490511,0.5384346609772067,1.5041490896852763,3.34693300663671,97.51112875406558,103.69374917922303,-0.5216750918086573,3.0,0.061358551601137595,-9.957358242522517,0,2.0,0.3,1.0,0.6,97.0,3.0,8.655887876774601,0.8941822624727703,1.0,26.30062874541494,0.0,obs
0.2758610892407972,12.056519593969545,0.06908720786567324,1.0714555830853656,21.6528210014729,54.76573542182092,298.5969246398323,-0.2131507940069007,-1.0,-0.1336410087851981,27.41767491377157,11,6.0,0.93,0.046875,5.58,83.0,0.049175262451171875,96.8807485835254,0.0,4.827976226806641e-06,1.393402099609375,96.8802808455744,obs
0.3426582109703955,1.910037626180411,1.9922349313436953,2.3543384646294157,11.10112378169745,11.091990903176715,277.96697707538095,-1.3120833887507084,-5.0,0.04986358672518455,4.688048739699043,1,2.0,0.44,0.05073514553789904,0.88,75.0,0.05343979558533066,15.119421984389065,0.294702315670807,6.625759105705065e-06,1.8561762783856373,15.11932180674118,obs
0.8093970752951994,2.6578130642978857,2.5235753780101478,1.060845008374612,12.1226841453829,139.62958121189567,88.07046820221024,-0.06038428833700346,1.0,0.008901225367902268,-0.8439467715735304,0,2.0,0.3,1.0,0.6,54.0,3.0,5.284496788689002,9.583027425948766,1.0,38.9389489831982,0.0,obs
0.8048636354134415,-2.163156556373747,1.7003530543134375,0.904401634233375,8.423757269298694,89.84211141552443,113.70065661676183,-0.08505959556507929,1.0,-0.06437556138323068,-9.212640882076064,0,2.0,0.3,1.0,0.6,54.0,3.0,5.091351799363746,8.09784918757297,1.0,36.77868972737887,0.0,obs
0.18679873701584127,-1.2100975771040545,-1.4123064033447017,1.001432697880387,24.338640446119324,86.05724765688566,155.2002372125089,0.4123713732739838,-1.0,0.08546730864913044,19.19001181287593,8,6.0,0.65,0.02732875563507914,3.9000000000000004,88.0,0.0280960272982486,66.70150554680544,0.08917769734612367,5.578011809115324e-07,1.3544812327076232,66.70146834062687,obs
0.43667188660134065,6.7518547756753335,0.30201727982238286,1.0929182668604398,9.730567678769834,53.74741703555924,257.99165759799575,-0.9431524639916897,-0.0,-0.22022567689785563,6.632924557670546,1,2.0,0.44,0.0078125,0.88,74.0,0.007874011993408203,13.86533096790128,0.0,3.725290298461914e-09,1.0629920959472656,13.865330916248896,obs
0.9113551097339426,-0.22635983086650807,0.6592742164371429,1.1627366336621894,7.46500681352662,109.87692780461333,246.7144041761346,0.5809331804317739,-2.0,0.0346680748743709,-9.837082710297594,0,2.0,0.3,1.0,0.6,45.0,3.0,4.039244303696504,10.52836619367562,1.0,40.3139871908009,0.0,obs
0.5086941191855525,3.714857566173129,-2.714425453375844,2.053188407879673,10.04049288474006,90.41522234779264,64.08518787289619,0.410299647498828,2.0,0.16194351580732924,4.258803540314639,0,2.0,0.3,0.005707926338261879,0.6,72.0,0.00574069272799993,7.833990734302773,1.8603514335152795,1.0614840117995072e-09,3.7518912633007697,7.8339907259871175,obs
0.6486668556742421,-1.372030084915111,0.7040409894311612,0.7461507668940213,7.281888954352321,97.42697224067274,63.60118905405508,0.6260217818493313,-0.0,0.14399431391006617,-5.914855595661316,0,2.0,0.3,1.0,0.6,62.0,3.0,5.5772402830840075,6.8780049851286025,1.0,35.004370887459785,0.0,obs
0.6505753965613839,-2.3950702351243303,3.4094877389690836,1.3465991740390097,10.259035740935394,118.26991294509449,142.51770855139205,-0.026360688002068706,1.0,0.03898067205385225,-4.947044997834638,0,2.0,0.3,1.0,0.6,63.0,3.0,6.407741850756433,3.540579283421019,1.0,30.149933503157847,0.0,obs
0.6253755709493063,-9.848399159213034,0.9599042487011871,1.074619792983397,4.156341794572499,6.2333062117483955,264.92575519571847,0.5069484170513777,1.0,-0.030168077613084588,-17.23252848968615,0,2.0,0.3,1.0,0.6,64.0,3.0,5.828298891776771,8.464354724845588,1.0,37.311788690684494,0.0,obs
0.4225386951198505,-13.844243436569897,2.2101196221626345,0.5802801802080826,6.121780757105917,182.0007011899924,268.16294975578563,-0.7356220174534526,-4.0,-0.0635802556547631,-17.563768363098564,0,2.0,0.3,1.0,0.6,71.0,3.0,6.851438970340239,0.8843030814266187,1.0,26.286259027529628,0.0,obs
0.1926230558708774,-1.8309333074648126,0.2743720951930576,1.3060115695522048,12.843374968299845,18.862042404290847,58.98877941536315,0.3565237826022665,-3.0,-0.030292579390564206,7.509536419187362,2,2.0,0.59,0.0546875,1.18,85.0,0.05784177780151367,21.168293215164244,0.029264703286972588,8.944422006607056e-06,1.5053010635567967,21.168103877016566,obs
0.6631141398677639,0.39547684395262883,-0.10982748597573222,1.5513378418632253,24.866138245336785,92.93032572661893,185.06026775069893,-0.38558138104997264,-7.0,0.05438072479179062,11.861432438033944,4,4.0,0.48,0.015625,1.92,54.0,0.015872955322265625,21.601804733455207,0.12183930214783176,5.960464477539063e-08,1.304204445702244,21.60180344588731,obs
0.7028067938702228,-9.002910256961536,0.5719070851214633,0.743092596784512,3.489559414779432,45.437710671679376,72.03230322378049,-0.8257009162114681,2.0,-0.08072438054594162,-19.572846542265296,0,2.0,0.3,1.0,0.6,61.0,3.0,5.452264753663571,6.625686305434273,1.0,34.63736189881349,0.0,obs
0.18796733394418452,-0.24132405524243017,-1.2237399719766489,0.9969100012840109,7.529542375760797,107.13756202712568,215.25491370075136,-0.5620702590821803,-4.0,0.0757423818050381,2.1548339107981938,0,2.0,0.3,0.3435334093820587,0.6,85.0,0.5020907779134682,9.350469564390359,0.4945400167702037,0.013927588224494247,5.736057156791679,9.220240074591864,obs
0.8933134733119081,0.3762679409335142,-1.445662780851583,0.5500862204592242,25.616987564081505,59.644871215441874,277.43697694080475,0.0027655693146352864,0.0,0.21331605180033242,8.812451144628339,3,4.0,0.37,0.05248969626270161,1.48,48.0,0.05538948241914471,13.726009732294397,0.28700334912922143,7.5909518860717284e-06,1.860575276268389,13.725905538814931,obs
0.041932085260499914,-15.092056042415654,1.8994568357540484,0.646576764637616,25.140381528157963,172.70126712220775,152.78770896841027,-0.4121496041088017,1.0,-0.0061883235127395035,7.622567117598061,2,2.0,0.59,0.0546875,1.18,98.0,0.05784177780151367,26.36203443835242,0.01159364742281058,8.944422006607056e-06,1.4795977095725612,26.361798645191453,obs
0.06429479884437699,-6.4058726163565085,2.0585135142997775,1.4377050043652162,19.665721665694473,82.29016762267194,52.4323491668539,0.18803676584789997,2.0,-0.13443948032833053,11.61419342080601,4,4.0,0.48,0.015625,1.92,98.0,0.015872955322265625,43.47704759482926,0.0,5.960464477539063e-08,1.126983642578125,43.47704500339528,obs
0.19673042491623402,2.8508472561482794,-1.4866594733810257,0.8508057671480574,8.252312406476188,129.55733337484529,186.39863289152728,-0.9041187775020086,-4.0,-0.13447447463164128,5.4512561338728185,1,2.0,0.44,0.03125,0.88,84.0,0.032257080078125,14.300122354353876,0.0,9.5367431640625e-07,1.258056640625,14.300108716694465,obs
0.37391779415779514,2.709411105770207,1.4519982068307966,0.6810628967937966,12.915074587450428,53.531546988836396,140.29950093668077,-1.0635487718079308,-0.0,0.07765655517115755,7.015215603330052,2,2.0,0.59,0.056638608577027544,1.18,78.0,0.06002823336241356,20.546633391440416,0.11097637105958173,1.0290827598180563e-05,1.6416460429859727,20.546421949578463,obs
0.5212155232033323,-8.075724414798325,-0.13043996340903136,1.0827319190926619,7.491745855387091,8.784199346333413,248.94266313016928,0.686193717071788,5.0,-0.005974617896044362,-10.061594771041225,0,2.0,0.3,1.0,0.6,74.0,3.0,6.388406130385317,2.8794667832621967,1.0,29.18831532110865,0.0,obs
0.45759761168725943,1.1091363534981447,0.5097128617356459,0.8344612476639862,5.343301237255284,83.81013444458884,121.89300526012468,0.4519000647007172,6.0,0.0876830896064053,-2.231473187160822,0,2.0,0.3,1.0,0.6,79.0,3.0,7.039782131921263,1.252031787411193,1.0,26.821137145325373,0.0,obs
0.5192774386579052,7.156850577523305,0.6903279591525951,0.8495084367287679,11.87995825736118,109.61486546386658,266.2222441275991,-0.5246484179569038,3.0,-0.05336342491593496,7.882208235416922,2,2.0,0.59,0.0546875,1.18,72.0,0.05784177780151367,18.29866368000433,0.0014995151743793442,8.944422006607056e-06,1.4649153353930249,18.29850000903422,obs
0.3676782071960843,5.439510712936288,1.4915257021864776,1.291894890521397,16.971361731829106,94.61169449604131,103.89911006139191,-0.001499821735269757,1.0,0.08306235475398316,14.899723498899803,6,4.0,0.74,0.07406409605969952,2.96,79.0,0.07995586426721567,52.14319969747209,0.09109644214062904,3.0090604107191332e-05,1.7721508299786404,52.14163067709311,obs
0.843041345493028,-0.6670005090975419,0.12407730279478331,0.6686889728386162,11.358249562084936,192.5928009446777,72.5297616899452,0.5097535301006619,-3.0,-0.015829917344972546,-5.062926872781847,0,2.0,0.3,1.0,0.6,48.0,3.0,4.196911018182857,6.019088062523532,1.0,33.75503718185241,0.0,obs
0.35235440467169676,-3.2758341932700468,2.115242992952904,0.7307910440454968,17.881438312115215,142.83363889997554,112.74970187601657,0.20960030414530273,2.0,-0.07325040553239491,7.397178151304968,2,2.0,0.59,0.0546875,1.18,81.0,0.05784177780151367,22.00372651630341,0.0,8.944422006607056e-06,1.4627342224121094,22.00352970568773,obs
0.42716478390527324,-4.405411390341531,0.4641192596398871,1.0548249984964804,9.702623119861942,199.15561112195206,39.42726379214156,0.0741115480917392,-1.0,-0.04009984788023845,-3.2998959724019286,0,2.0,0.3,1.0,0.6,74.0,3.0,6.579567171616631,2.205998675063778,1.0,28.208725345547315,0.0,obs
0.22948346854195367,3.2747384803675996,0.9362764087042988,1.3990779355681238,10.992113721780548,62.53671761122453,105.93641105604516,0.5475770406562985,2.0,-0.11970543554232366,9.916464404048227,3,4.0,0.37,0.011275683774479295,1.48,88.0,0.011404258421274814,28.581883436699467,0.0,1.6164845240140835e-08,1.0912340673701986,28.581882974677743,obs
0.49162909935838645,1.365727812000216,-1.2498938873058698,1.5355848373677998,22.55751338275985,158.8653895233936,208.23176114814828,-0.3653562376006102,-2.0,0.19893595585816115,13.372853912593472,5,4.0,0.6,0.021549562909746023,2.4,69.0,0.022023953836277057,32.495333151170186,0.22541239118472264,2.1565218510932738e-07,1.5040641996861768,32.49532614348059,obs
0.760500929832203,4.405828042715402,3.237988516057251,0.7942284505944458,24.836183003240308,113.3339011715897,68.41640421027994,0.01558922433231435,-1.0,-0.009638181355848707,14.721213844025652,6,4.0,0.74,0.078125,2.96,54.0,0.08470535278320312,38.51146184204017,0.0,3.725290298461914e-05,1.677642822265625,38.510027178288375,obs
0.8843269255918986,0.9231166918480639,0.7047373848074496,1.383638891369021,10.372886119807355,124.29326911745738,60.06854265237875,-0.008924319146195818,1.0,0.0644514088682196,-5.484975256021767,0,2.0,0.3,1.0,0.6,49.0,3.0,4.407967193579351,12.551792403473621,1.0,43.25715258687072,0.0,obs
0.6230198577254884,5.731347652432093,1.0694961380176489,0.7621324964685434,16.859410834977183,197.2413740862539,65.7440286386746,-0.13638102383552128,1.0,-0.05368691328707993,10.162619794888153,4,4.0,0.48,0.09253376619419271,1.92,64.0,0.10188858425770315,26.775489194096792,0.0,7.331637004914793e-05,1.8151086740616251,26.77352611242279,obs
0.5555353745575902,0.6621477307039011,-2.4122787168173123,1.8825316152115084,9.23221938119897,132.52750395146782,50.938952050595915,-0.19490275571037605,2.0,-0.10519278219798232,-1.1464591370066641,0,2.0,0.3,1.0,0.6,69.0,3.0,5.27267754606863,16.884655045085864,1.0,49.55949824739762,0.0,obs
0.40711896189738855,5.492821012921805,-1.2340530346186516,0.6751976581843385,3.386700684393116,180.26929400569898,266.1515611975937,0.03643411891424537,-2.0,-0.02338805109179352,0.09543127671221857,0,2.0,0.3,1.0,0.6,74.0,3.0,6.033575500179851,3.1487762906789185,1.0,29.58003824098752,0.0,obs
0.6304252784417221,6.095759392566473,1.8568255318780957,1.5843885490254532,21.184286715370607,146.52129577025318,284.9110811840626,0.01720374799276377,-4.0,0.11011925333791986,14.520928622131686,6,4.0,0.74,0.078125,2.96,59.0,0.08470535278320312,39.576447571300555,0.1278883747846947,3.725290298461914e-05,1.8636622764979083,39.5749732337387,obs
0.3471668702632309,-5.631686411573694,0.4303366774389071,0.7965913568890689,6.446090564139909,29.84029373632626,42.571510966772294,-0.5242138212672629,5.0,-0.05207317913982837,-6.351856708745875,0,2.0,0.3,1.0,0.6,84.0,3.0,7.456368392897013,0.7738753396987303,1.0,26.125636857743608,0.0,obs
0.6219716795022334,-12.657008328095221,-2.870669602243389,2.0085418872126586,13.068525617419846,141.38762351285095,235.21938101675588,0.40089795495022373,8.0,-0.08705319727294154,-11.716793065523426,0,2.0,0.3,1.0,0.6,71.0,3.0,5.284103094425195,18.040037334821285,1.0,51.2400543051946,0.0,obs
0.5032663998613672,10.804449992101873,1.5574348934757285,1.2273280742770571,14.663182827858076,99.44153979366898,229.0309716136434,-0.48819260388312913,1.0,0.01554642443691435,14.73537269902828,6,4.0,0.74,0.078125,2.96,71.0,0.08470535278320312,46.97352409129155,0.025075087459311675,3.725290298461914e-05,1.7141156767518966,46.97177419115573,obs
0.593552262277861,1.796611114985832,-0.8156742065290852,0.703309343835237,6.796261188656754,184.16560863155678,299.1655446447109,-0.10911672227358694,-4.0,0.04990226007177442,-3.7523459984826704,0,2.0,0.3,1.0,0.6,61.0,3.0,5.084507863745428,6.397269088184782,1.0,34.30511867372332,0.0,obs
0.7969825136557269,-12.00140126847285,2.116975478815068,0.8345115327305113,4.458439117248303,162.33271720213875,123.92507866468841,-0.14764023636002574,-3.0,0.16428481688531832,-23.197192951893452,0,2.0,0.3,1.0,0.6,50.0,3.0,4.80472225919086,7.6957513997781755,1.0,36.19382021785916,0.0,obs
0.20366016146110202,-4.996736480530977,-0.13175351790554948,1.3107626029252164,11.048338381447836,25.306264083408916,107.08742775641238,0.17905180632960793,2.0,0.035375047837249485,1.9819455442433083,0,2.0,0.3,0.49709761666633745,0.6,90.0,0.8670394809557859,9.968794937139709,0.48040202328970516,0.061061395249290995,8.635082426976767,9.36008640932389,obs
0.5525566539135004,5.403120046588799,0.3070600290307949,1.4400051971635934,26.759433596308277,31.1135505124439,152.33217261865335,-1.0595519701086664,4.0,0.0643992678531235,20.42744383957468,9,6.0,0.75,0.08230950155932015,4.5,71.0,0.08964199046600496,67.22123286505077,0.06964877313594335,4.5898647357378586e-05,1.8184432301075937,67.21814750138857,obs
0.46969011000193545,-1.957737817930251,1.7684318678874726,0.9758010070745066,17.99352533969896,18.574145350728088,261.27529783028143,0.4454549074647291,-4.0,0.07192752369203216,7.162686268648667,2,2.0,0.59,0.0546875,1.18,68.0,0.05784177780151367,18.182582284677345,0.13592950151320685,8.944422006607056e-06,1.660449860976774,18.18241965198822,obs
0.5927968550566619,-3.5844299352338895,-1.3462394562819935,1.015590363497794,11.916665938475465,101.1827505752004,226.72028348523267,-0.3384951738060821,-0.0,-0.11530153819326304,-3.8640782776590674,0,2.0,0.3,1.0,0.6,65.0,3.0,5.2680792707948445,9.05040149237432,1.0,38.16422035254446,0.0,obs
0.5979593507548298,9.806173022190766,-1.4892702117509096,1.300438085470136,3.011681340129588,20.75049304543384,157.33842977122575,0.6099816473885271,1.0,-0.09633320704695443,1.9830863886805665,0,2.0,0.3,0.4959924236177435,0.6,66.0,0.8640192522555881,6.813687826774999,2.10107456162514,0.06052017434079504,10.968262471317635,6.401322251594824,obs
0.57906352564571,-7.331010024686673,-0.294747630597161,1.0467146083803074,17.607105316168127,146.11727563206534,96.03196768718576,-0.2390824622580772,3.0,-0.10838962896056503,-1.424239172135409,0,2.0,0.3,1.0,0.6,69.0,3.0,5.907498762054768,6.468093884185439,1.0,34.40813655881519,0.0,obs
0.775730631722991,-5.587073504283837,1.2407591994318332,0.6388515119697099,4.398698664319687,112.70992338283438,226.29425014246019,-0.024421792867005254,-1.0,-0.13321457556916458,-16.402861099686824,0,2.0,0.3,1.0,0.6,54.0,3.0,4.983521572170145,5.632420319957461,1.0,33.192611374483576,0.0,obs
0.84391245903013,1.479705325337873,-1.996315878920236,0.754558504381373,16.106145847235684,167.99757842286277,260.722254371393,0.9568930200342118,-5.0,0.07954598748704036,1.9008545751029953,0,2.0,0.3,0.5756544930210157,0.6,46.0,1.0977918778248001,4.479786648690803,6.889436489528925,0.26307239785786973,19.80333355282229,3.301278433128043,obs
0.4271854528961577,2.733184524377176,-2.5020518998336447,1.0848567357406886,21.550713215065315,59.560178790906676,137.98683238822252,-0.13866910439683422,2.0,0.029005009166375537,15.618487459304706,6,4.0,0.74,0.0546875,2.96,77.0,0.05784177780151367,41.51519259358631,0.039979262328370846,8.944422006607056e-06,1.5208858767079214,41.51482126418407,obs
0.3053744585630063,3.4744012403851205,1.2355813905656885,1.523568773519127,13.013219055664445,106.23245291142244,210.51807037166574,0.6194249423367294,4.0,0.007949606309144954,10.434298406129455,4,4.0,0.48,0.07130887469096595,1.92,86.0,0.07675643276303847,36.398330688381726,0.028439559347509594,2.585677355249061e-05,1.6554180938825036,36.397389544987426,obs
0.14090043309406217,6.378666311982628,-0.9044674688505057,1.750309680485796,9.784698865229634,27.90853875255615,138.0572457176815,0.019522542782280047,-0.0,-0.25927165154022686,12.96860021952665,5,4.0,0.6,0.0234375,2.4,91.0,0.023999691009521484,43.632799145824976,0.0,3.0174851417541504e-07,1.1919975280761719,43.63278597969266,obs
0.8854241665649416,1.390050344770618,-0.5883390193804247,1.3100128057594544,3.2319900792575638,177.49895051680468,159.1932282982009,0.2077094151467448,1.0,0.20554768586186187,-12.393737527342847,0,2.0,0.3,1.0,0.6,49.0,3.0,4.132675686011906,12.028413257840928,1.0,42.4958738295868,0.0,obs
0.25555169721669235,3.4256875725688642,-2.785215602910249,1.1046410481925157,2.6442247542015167,39.12596764651847,171.72580258782668,0.03497929470568725,-2.0,-0.08942720041535557,0.6899045835664007,0,2.0,0.3,0.9979439450749061,0.6,83.0,2.9876805712051686,6.2159291487720925,3.664972100139477,0.9918011097218725,30.232313078935135,0.05096372106739673,obs
0.4269126099708318,-1.8144648152055824,-1.018468971527973,1.2961479355115086,13.180690810783553,24.960639013328976,239.44596978601504,0.42392581315006206,-3.0,0.20518127559389576,3.2397151786089755,0,2.0,0.3,0.01982486397982572,0.6,72.0,0.02022568088340575,8.583979948642293,0.9457233112760233,1.5446883283587454e-07,2.537402990741462,8.58397862268493,obs
0.48318721408188614,0.4388881226569997,-0.011350944946725955,0.7937638582543208,24.966977038277165,44.98486671202075,293.9266157148114,-0.34276580642652565,3.0,-0.14492414806513162,15.306607581615715,6,4.0,0.74,0.05499140468239114,2.96,74.0,0.05818175628101583,45.574552607831336,0.0,9.144906156888233e-06,1.4654540502481266,45.574135832824595,obs
0.3205693289088669,0.7527392603754409,1.3955667864343382,0.9483034228006679,8.34563224862295,162.21514030098137,149.97886391232274,-0.4920242615095927,1.0,-0.0812401158556537,1.612001385338161,0,2.0,0.3,0.847155780175848,0.6,82.0,2.1728094550291273,8.336051933170856,0.525451663814621,0.5150544141953803,19.14676896941792,4.042531588029273,obs
0.47294995674667517,1.5056869507332526,-1.1568452493519583,0.7516479199021683,16.925443150327354,25.633832898513145,122.42505168685359,-0.31928809518851087,2.0,-0.22028493825096299,8.97280255388835,3,4.0,0.37,0.04246773318395092,1.48,74.0,0.0443478324576374,21.52568163862827,0.0,3.2526424109668994e-06,1.3547826596610992,21.525611623283247,obs
0.8587535662752506,5.407778653079325,2.4860641803487447,0.6488348069233226,19.791951311673806,124.81336149344236,130.86957174754565,0.049855188162045525,5.0,0.03621249759426975,8.724825852277034,3,4.0,0.37,0.057966277034658176,1.48,55.0,0.06152113817359181,19.043106021424308,0.07426414460684003,1.1290199924296473e-05,1.60018967936232,19.042891020950147,obs
0.03561790824082482,3.8860197736138176,-1.026834036269701,1.1224847636918167,3.5815765550353973,150.50535361994952,66.15004873129904,-0.11040939277516472,-3.0,-0.11012568208112324,5.760649183077479,1,2.0,0.44,0.03050391951725838,0.88,94.0,0.03146279218797228,16.40192547355901,0.0,8.658099762692828e-07,1.2517023375037781,16.401911272608306,obs
0.3241284728992274,0.3095190203012817,-1.024637702377762,1.0663735585288387,5.9806097708878045,151.46082629415986,110.17345921078514,0.35513743823558824,-2.0,-0.10730001540983543,-0.2828453154230884,0,2.0,0.3,1.0,0.6,79.0,3.0,6.5131295279493715,2.336974968018785,1.0,28.39923631711823,0.0,obs
0.357208211272609,-5.663881894587279,2.3060363278467033,1.2689754063734966,10.613196628908744,42.061872888585576,53.34080158257768,0.65236584991076,1.0,-0.13725142171743973,-1.3280235745613278,0,2.0,0.3,1.0,0.6,80.0,3.0,7.7532705580929235,0.961375676914464,1.0,26.398364620966493,0.0,obs
0.6388478197412629,0.4736988064389668,0.31719022854587575,1.2082568336408588,19.42242252786283,17.016679683634344,145.53145105839673,-0.4879191686175043,-2.0,0.07773550627378631,7.277221181784376,2,2.0,0.59,0.0546875,1.18,60.0,0.05784177780151367,14.973881824106586,0.20655817118806616,8.944422006607056e-06,1.763182471412933,14.973747891388474,obs
0.20635376958500834,-0.19612449427020753,-0.8280370935173649,1.0876881072641884,13.414912917930518,92.51724483558243,75.1864627139832,-0.3669743958069663,3.0,0.07114636515675471,8.341395815622473,3,4.0,0.37,0.08193065432556823,1.48,91.0,0.08919325678547622,26.753899510219185,0.10007807153989189,4.505942995447487e-05,1.8591141583418342,26.752693994758197,obs
0.4047767347983332,1.3522710586923885,-0.23269969677089014,1.212661667617254,21.089071773674377,44.48464232268649,123.52982141309035,-0.718119709156427,-1.0,0.18120338910787856,13.707596893999893,5,4.0,0.6,0.011088844740795356,2.4,75.0,0.011213170730304818,37.29746414810799,0.19666886333315375,1.51197708797568e-08,1.3757691670542984,37.29746358417888,obs
0.32128559505533627,15.445677149982814,2.029610366313089,0.9853229157784037,24.557544504903007,141.35780775771792,244.2659923357337,1.015186495379552,-3.0,-0.06857066210729733,33.886271220789276,11,6.0,0.93,0.015625,5.58,78.0,0.015872955322265625,100.4366260545457,0.0,5.960464477539063e-08,1.126983642578125,100.43662006805629,obs
0.5275111947362828,-3.666409449788648,2.1993042294385226,1.1537641543745645,21.717679191562116,74.55509593280709,96.40046565906673,0.15233474956091342,0.0,0.021881937104680036,7.917042408331769,2,2.0,0.59,0.0546875,1.18,69.0,0.05784177780151367,18.81516181741789,0.09153785488381422,8.944422006607056e-06,1.5958801931522029,18.814993526670474,obs
0.3969240911802861,2.9560231338775167,-1.225189768905384,0.7775993981526088,27.798427390144475,92.62401850146075,195.2115477623586,0.23990116002578887,1.0,-0.12893351974019515,22.752124577477964,10,6.0,0.85,0.0919933737759886,5.1,77.0,0.10123467435371525,76.25713384952336,0.0,7.161865918514643e-05,1.809877394829722,76.25167241584376,obs
0.26734014467773615,7.479234470710087,-0.06365071511866233,1.1366324384953757,21.61338778702289,27.129561954833804,273.3189831971255,-0.6701041925155241,3.0,-0.0335039022735318,22.677082139957893,10,6.0,0.85,0.09375,5.1,87.0,0.103363037109375,91.46238636054485,0.0,7.724761962890625e-05,1.826904296875,91.45532110891293,obs
0.7031019032153489,0.6860133986956802,0.13523524150135963,1.260548165473217,24.156659070193715,115.67230587689738,183.07088049797764,-0.0005849945034373166,1.0,-0.05188453132811776,11.03136741061871,4,4.0,0.48,0.022120071743048586,1.92,60.0,0.02262019261440496,24.27322080861063,0.0,2.394121157989204e-07,1.1809615409152396,24.27321499730748,obs
0.7632566728070849,16.364915834205156,-1.4793601657748963,0.7929584523974536,23.641525320090025,41.17721697822193,82.32400544855142,0.25462399220654264,1.0,0.046444995749542084,25.92708958277027,11,6.0,0.93,0.06428949869037726,5.58,56.0,0.06868835580782978,60.147247788145854,0.050093894073602194,1.7082843299154327e-05,1.6223706923878778,60.14622030213702,obs
0.6196628730812765,-2.646275042120337,-0.08352757897499147,1.0181173288739849,20.986909819281212,137.40220387841273,123.08687237080767,-0.1263788452672125,1.0,0.10170218064181911,5.973615304353104,1,2.0,0.44,0.020521132582463464,0.88,65.0,0.020950891260308326,11.92435944236375,0.3027171140277237,1.77339428697465e-07,1.6079229323046103,11.924357327704659,obs
0.860429069934956,2.2686245562403293,0.00798429067755073,0.8057173776199802,22.846847233053154,18.877920396839272,189.39968593969783,0.5378528124131973,-1.0,0.09910666908315,9.427635608744138,3,4.0,0.37,0.026551583627732078,1.48,49.0,0.027275288731356727,15.173201699379874,0.1821358281600256,4.970060965003853e-07,1.4831271508108912,15.173194158206126,obs
0.3132413128289059,-5.591640214250874,1.7103142184051034,0.8332785743123114,26.301763924552667,195.29944549485805,166.78500773516043,1.1559155628214148,-2.0,-0.08428122722176108,14.880335280479644,6,4.0,0.74,0.0749729187981445,2.96,79.0,0.08101527552096958,52.665759059623944,0.0,3.159495021787251e-05,1.6481222041677568,52.66409508758827,obs
0.6214426454062916,-2.4606731460030518,1.8111375424668013,0.6772688538353596,14.355391841683607,138.48276082423328,70.12735579476401,-0.4735314135469759,1.0,0.09984679046229995,-0.6983688819011113,0,2.0,0.3,1.0,0.6,64.0,3.0,6.06500045318801,3.0891973897509066,1.0,29.493378021455865,0.0,obs
0.3376700754924937,1.7425373727766054,-0.493814097538512,1.5503447045943675,18.59546262172613,40.4372657233256,150.6350130664536,-0.5110436229883484,-1.0,-0.004408513710779707,12.973696918484405,5,4.0,0.6,0.0234375,2.4,79.0,0.023999691009521484,38.69361965724825,0.013848497478457152,3.0174851417541504e-07,1.2121407971357459,38.69360798150601,obs
0.6733094712896462,5.924128436154108,-0.32092971579121754,1.446525065261098,15.38843276089209,7.74845586506188,176.62800762576705,-0.43887803276428833,5.0,-0.032459689589701496,8.113100191213745,3,4.0,0.37,0.09619913085111376,1.48,65.0,0.10634365662538282,19.565725278483054,0.047039603082566536,8.564156462209649e-05,1.919170493850432,19.56404963915724,obs
0.5244646914824659,2.233663838165019,0.9964384530834534,1.204630099256537,24.126961666993896,70.22026398001765,102.17983290354456,0.8030995800082453,4.0,-0.07085114868189184,16.93340360237209,7,6.0,0.55,0.032919432969021445,3.3000000000000003,73.0,0.03403879646562377,52.839651523622884,0.0,1.1743819939846745e-06,1.2723103717249902,52.83958946968757,obs
0.6524566466335914,8.813803945343151,-0.8777826733905172,1.9801819179721856,13.21534967465919,34.79858649018045,195.36028914176,0.5211776585148422,2.0,-0.05599357943615521,9.965718606759465,3,4.0,0.37,0.009736489939753123,1.48,64.0,0.009832212187911025,18.990185134892627,0.06091687947080128,8.986895227991454e-09,1.1672640676426356,18.990184964229822,obs
0.23409652421992125,-0.6647571741487022,0.882960227606104,0.9365460064901897,23.312896049763054,47.59020995831146,48.94322686100666,-0.06776390889682424,1.0,0.17423138461962334,17.85593400970711,8,6.0,0.65,0.07159104916714376,3.9000000000000004,87.0,0.07708325154025959,73.54827720209265,0.17706170019218076,2.6268477866242534e-05,1.8742103035107034,73.54634520080087,obs
0.7254072740504728,-2.3251797088730375,-0.1318597310538221,2.8583179083961987,22.78321895148561,175.18630039538843,120.88389906268954,0.01827983220043714,-0.0,0.030741076649402357,6.231468512908391,1,2.0,0.44,0.0084342634314344,0.88,57.0,0.008506000217572987,10.450817917926019,0.866303072107149,5.060444285831522e-09,2.328125197532801,10.450817865040237,obs
0.8418081598036476,18.927895750955706,-1.4540978666079312,0.924207651502755,27.009038635583355,122.62490870991566,247.1547448499451,-0.4082718130983607,-4.0,0.017461184750120495,29.080576631078895,11,6.0,0.93,0.01758038954277208,5.58,47.0,0.017894893211939752,50.93368914257127,0.023501808799775446,9.552432456150228e-08,1.1773435948588276,50.933684277165014,obs
0.04436692656879741,2.7596635460942154,-1.43525506931947,1.0924267199737514,8.471938180692888,39.4092423406354,100.00689624520196,0.44501357887159204,-1.0,-0.026224685853694675,10.238327624423246,4,4.0,0.48,0.0866190920117636,1.92,96.0,0.09477185064847451,35.425858621683645,0.0,5.629301473442094e-05,1.7581748051877961,35.423864393302274,obs
0.11175269906341977,-5.036370821849833,2.170588044046653,0.8712778852318078,20.450107257033718,113.54858313405252,193.3977495008311,-0.18995091205427686,0.0,0.24459786114380286,12.043811655064482,5,4.0,0.6,0.0930454840163982,2.4,93.0,0.1025084838633056,51.1721531644908,0.2502364041430631,7.495164994097969e-05,2.1840480951145365,51.16831772718009,obs
0.7464113308790192,-4.859846335736482,-0.23463221871494788,1.1376643641906372,21.67990693883464,54.877227417873684,140.70802270178422,-0.13003826972749966,1.0,0.13050104888464248,2.4321421711695823,0,2.0,0.3,0.20054633762806148,0.6,57.0,0.24883091093341306,6.842355150504949,2.003926828286503,0.0016175545709987693,5.9054499467931265,6.8312872676548535,obs
0.3819386677646623,-6.598759401719383,2.4605311408474666,1.3357133612495358,26.34324081292131,195.3591685498274,115.44423845211664,0.3043948857646284,2.0,-0.07210621147987926,11.949819271783792,4,4.0,0.48,0.015625,1.92,79.0,0.015872955322265625,35.68657261026218,0.0,5.960464477539063e-08,1.126983642578125,35.6865704831767,obs
0.4630934707695983,6.555985490997515,-0.7704543910723651,0.9613066789373637,25.57946286944381,11.387659901420575,277.35555573570724,-0.09399746904161059,3.0,-0.027361505470462424,22.86160390541659,10,6.0,0.85,0.08515091577982448,5.1,76.0,0.09301899614870314,77.18347531031857,0.0,5.257233810340711e-05,1.744151969189625,77.17941759455856,obs
0.14754746981641825,-2.550641050252693,0.4368078016972401,1.8505331915330898,16.911672404419658,147.80209232272395,122.68066388170355,-0.1174829967489232,-2.0,-0.021424454337091038,10.471109200461234,4,4.0,0.48,0.06805713766055493,1.92,89.0,0.07300413692691772,36.27134430222282,0.003652924510297882,2.1453330262488635e-05,1.5893464401575934,36.27056616109444,obs
0.49275504939035003,0.8915373295953993,3.5890150845273623,1.0863720413054907,17.057982832463473,155.73442010732833,93.90249340149495,0.005287602764537537,-2.0,0.014587197828259946,8.025761158421036,2,2.0,0.59,0.054548698427354214,1.18,69.0,0.05768657187984596,19.99348157412021,0.07129108268287197,8.853960289822993e-06,1.5651886953047633,19.9933045526283,obs
0.6195946381575509,-0.444560721067881,-1.5860801169949188,1.0982290043138443,6.349571938509964,18.096738971751552,275.511355222873,0.3976777068965383,5.0,-0.07012259926314353,-5.733541740259571,0,2.0,0.3,1.0,0.6,69.0,3.0,5.520366188374006,9.841394164669293,1.0,39.314755148609876,0.0,obs
0.7657846531625672,5.120446855586542,-2.8467217498496646,0.7298720470822886,27.34903026301805,38.514526025113554,231.40497610267002,0.8232465377419166,2.0,0.04388165233616967,18.58214315355209,8,6.0,0.65,0.05355681374805665,3.9000000000000004,57.0,0.0565787647855974,39.701386119550364,0.05201169336167384,8.227330176580061e-06,1.5282834904472138,39.70105948313829,obs
0.9197660364238585,-5.927208650188141,1.92988519693085,1.156007585417341,8.630454030289098,79.93979852527173,214.0859226985133,0.292743116123041,-1.0,0.14520881320393145,-14.644021028941994,0,2.0,0.3,1.0,0.6,45.0,3.0,4.287670657468893,10.578177271595425,1.0,40.386439667775164,0.0,obs
0.12998345202984246,-7.529006003001109,-1.2402136580896104,0.9546329182326911,20.843141679733595,174.29019117316824,43.37443435805647,0.4016571118121335,-0.0,-0.13136281090041632,10.440324018583457,4,4.0,0.48,0.07083812371799708,1.92,92.0,0.07621163201206606,34.400888743002575,0.0,2.518072315227382e-05,1.6096930560965284,34.400022503746946,obs
0.4118006685209452,1.5700811502711598,-0.031059546159350665,0.8100166930058385,22.690670124938126,109.71498799160737,65.42533939325946,-0.09992703105056219,-0.0,-0.11281467370920671,15.923725128899981,7,6.0,0.55,0.06247224184776398,3.3000000000000003,76.0,0.06661883832785316,52.06592210408755,0.0,1.5231699545537047e-05,1.5329507066228252,52.065129051605496,obs
0.55442696209652,4.206714992899279,-0.8788773156773773,0.7641595892794099,13.471603119895907,132.78483575142164,202.35179022860896,-0.3538989315843585,0.0,-0.048315855529730695,6.096744074902329,1,2.0,0.44,0.014749471462968552,0.88,67.0,0.014970227073323324,11.810982667536631,0.10674294890296632,4.732665737083863e-08,1.2750242877181739,11.810982108562301,obs
0.5718676117902511,2.3277261916834853,0.40224417143297414,2.5231950713914912,7.491036720755508,157.68750291408432,86.54686586209026,0.32699311611755755,2.0,-0.043679556010782966,-1.1904875186489523,0,2.0,0.3,1.0,0.6,68.0,3.0,6.027807864166818,11.95161600797857,1.0,42.38416873887792,0.0,obs
0.6256786954718749,-5.666176103681293,-1.4258043107786134,0.9127701369992486,6.912969989711856,166.4839437258164,90.92225612019695,0.08562041230028568,8.0,0.19984658747459308,-11.010020641055146,0,2.0,0.3,1.0,0.6,71.0,3.0,5.729819125371535,8.437597073892803,1.0,37.27286847111681,0.0,obs
0.40813000660001336,4.742393894639757,-0.26991013182495915,0.6036778677034295,24.268896023441386,97.8754859013178,240.36739914277487,-0.7113143243748746,1.0,0.10017092200148388,19.754501884256914,8,6.0,0.65,0.018508598269751264,3.9000000000000004,77.0,0.018857506937039532,62.036454935940554,0.1027742272384894,1.1735297844595038e-07,1.3003498405704825,62.03644765577779,obs
0.3571856803577273,-5.20702648966944,0.6747229898348013,0.7851574495486139,15.279668655461386,104.21466206082886,107.19973618597452,-0.16403481171279902,2.0,0.09443223521182642,2.5438130154162897,0,2.0,0.3,0.14296605856335298,0.6,81.0,0.16632747775335704,10.293497422188699,0.335110394139571,0.00041776473517718404,2.818053122593505,10.28919716196407,obs
0.3720141849434003,-3.6507705135046833,-1.512463329411393,0.9822949850760628,4.343561532994935,145.011142132117,49.32857158101732,-0.041448511740776794,-5.0,-0.02643656935134005,-6.922732591805315,0,2.0,0.3,1.0,0.6,73.0,3.0,5.863736630899105,6.9394406377624245,1.0,35.09373183674535,0.0,obs
0.167819641511483,-6.6076746730540155,-1.0501260444688334,1.2084892370279299,20.642506291835105,56.35175995344714,39.8366257736625,-0.25522893351423936,-2.0,-0.02863134067868141,10.242954497241849,4,4.0,0.48,0.08625761757281022,1.92,88.0,0.09433978332058814,33.14949496125399,0.0,5.53592037911832e-05,1.754718266564705,33.14765983160686,obs
0.3217754761927586,9.108108440564216,-0.5210742503977976,1.2118973055928053,8.50444737293077,171.62549859127725,149.6580565562277,0.7408677972710637,4.0,-0.14517054137653987,11.312674195013285,4,4.0,0.48,0.017724653236883353,1.92,85.0,0.018044385005377077,33.2889852745086,0.0,9.869859940447867e-08,1.1443550800430167,33.28898198893238,obs
0.5085958043395594,4.433950787191444,-2.1432231513394173,1.26413255054419,24.786263519522862,9.053430772789106,196.62471597485444,0.23991951845110837,1.0,0.07817402280478174,19.615436242830327,8,6.0,0.65,0.020681498917041685,3.9000000000000004,71.0,0.02111806929616005,51.7537449727377,0.08616131026139208,1.8294816017672133e-07,1.294270096567669,51.75373550448528,obs
0.8312074994397002,4.2349536297521135,-0.6338414741981195,0.7998059342127832,10.048866436779356,43.17546243089631,264.5990130157868,0.6865874589443239,-14.0,0.04910546048087855,-0.9967438583758435,0,2.0,0.3,1.0,0.6,37.0,3.0,3.1132769326651157,7.26735401675124,1.0,35.57069675163817,0.0,obs
0.7883078885168314,8.730479947997152,0.17819480985435276,1.1251676300207294,7.207041582343721,161.03898889211814,59.917186658812604,0.13171263082607979,2.0,0.12859973646782838,0.9166295169240756,0,2.0,0.3,0.9908587909074789,0.6,56.0,2.9454862284045604,4.937407333284596,10.2832375974049,0.9787354556483258,39.521326332552704,0.10499171722091193,obs
0.8181813290907791,19.688544737671062,-0.5993234123826428,0.7382476803482366,4.206319532428292,71.3503513190711,83.10166309784,0.04069391821253886,6.0,-0.02108297133561673,8.470761731739701,3,4.0,0.37,0.07384528456824146,1.48,58.0,0.07970109826637368,17.27963691597418,0.03377389020853064,2.9736583749495615e-05,1.6867344446161248,17.279123078603867,obs
0.3160822862598872,-11.964582727371088,-0.4070647393975868,0.8068232741560614,15.299809552578834,34.217402374999665,173.0461649450172,-0.4682989088051246,-6.0,-0.01417791462003969,-3.614497064130001,0,2.0,0.3,1.0,0.6,75.0,3.0,6.384594421127338,2.146531134752021,1.0,28.12222710509385,0.0,obs
0.4518413715444419,-5.168636066139757,-0.02985250635987803,0.7276728496919024,13.71917728327547,41.417177363723646,128.30925780533326,0.00596476659828336,5.0,0.017004552856063573,-0.3030131330537411,0,2.0,0.3,1.0,0.6,78.0,3.0,6.7678141230170725,1.2997117951179193,1.0,26.89048988380788,0.0,obs
0.8009333134454054,-4.313225589221667,-0.9836151936484709,0.662542895652869,21.534115759681715,108.49749837753356,160.28511183628356,0.006526962837720097,-9.0,0.08918975755070956,1.7285653372624707,0,2.0,0.3,0.7425596921790237,0.6,44.0,1.703398213204289,4.198567111068728,6.068639390817847,0.37457368639111566,23.45429754682391,2.625894350715218,obs
0.9049413198286851,-5.95573735667885,1.0365938488003157,1.4457858013533265,14.079667267018946,170.00539822227262,279.51365522573815,-0.6835569420171166,3.0,-0.1470215622097479,-10.334725632678355,0,2.0,0.3,1.0,0.6,50.0,3.0,4.570018663704896,12.90119529500401,1.0,43.76537497455129,0.0,obs
0.6088946401119867,-7.543082733225988,2.153967187202664,1.2693971345436315,10.939215192033647,18.776889575366567,177.12074654346554,-0.26976373488519745,-0.0,0.07360561337383746,-8.546067765876163,0,2.0,0.3,1.0,0.6,64.0,3.0,6.160330737848354,4.793446453361415,1.0,31.97228575034388,0.0,obs
0.23004579639268327,-2.0975714483875594,-0.6965705882931728,1.4025988098079518,8.803027806456546,10.943777279306634,142.0825648652605,-0.1616412992581812,-8.0,-0.002049556217283053,1.8178766772280381,0,2.0,0.3,0.6560393315873804,0.6,78.0,1.368778132615463,7.8698860277655225,1.1354020962005433,0.1852334901843884,13.601719019033586,6.412119571489162,obs
0.46121517800044115,-8.516226007025834,0.7277973472165606,1.0137115989686043,9.23181538221925,95.70778648818441,297.1487748089311,0.20673977202786073,1.0,-0.10586372679536965,-8.659766456141803,0,2.0,0.3,1.0,0.6,74.0,3.0,6.664344222946455,1.870063681704204,1.0,27.720092627933386,0.0,obs
0.4643088482041174,2.3452965727618924,-0.3594257331519704,1.3087782656752933,26.124045447523162,191.45654593545876,47.608230872874806,0.23067505599285307,4.0,-0.20846057526540665,19.346108138319405,8,6.0,0.65,0.024889750550024847,3.9000000000000004,77.0,0.025524669425029123,61.69347093182923,0.0,3.837798565609063e-07,1.204197355400233,61.69344725511781,obs
0.646022592687674,0.36188825000030245,0.548231017557757,0.5432810273662017,6.292043654283121,59.40691166575465,281.6706310602164,-0.29065924098260243,1.0,-0.01364737118783534,-6.374422368168551,0,2.0,0.3,1.0,0.6,63.0,3.0,5.624546821288741,4.88946390079213,1.0,32.111947492061276,0.0,obs
0.7981825695631317,3.367200653345587,2.3486692968048812,1.3484857368951437,27.692587038485904,192.03825511807443,165.44869735768043,0.23443480127094243,2.0,0.144771298327407,15.590484333691668,6,4.0,0.74,0.0546875,2.96,55.0,0.05784177780151367,37.87420856254581,0.16140538706387886,8.944422006607056e-06,1.6975056945050242,37.87386979964126,obs
0.4750596465370144,3.554099161467768,0.7629893145271482,1.0632774893738883,10.499905834997843,178.09782943505027,166.01421119712728,-0.0910394646742585,-1.0,0.1674684666741395,4.109494323728514,0,2.0,0.3,0.0078125,0.6,71.0,0.007874011993408203,9.276328831716633,0.6265565958346736,3.725290298461914e-09,1.9743471444340637,9.276328797159614,obs
0.8677166534684521,4.221047973986735,-2.6601218082145213,1.2426387439115383,4.298146120854934,60.21133989556467,278.9303702348665,-1.4348100124274783,-6.0,0.03553762106700964,-9.643276922312353,0,2.0,0.3,1.0,0.6,43.0,3.0,3.2395675876928864,11.250352284868633,1.0,41.364148777990735,0.0,obs
0.8247955583959103,-2.613862557767176,0.6809934471704384,1.1407020798980543,8.465949900484489,164.30487252994863,166.97747449012877,-0.24235101597577116,2.0,0.19620056638422478,-10.504372444634622,0,2.0,0.3,1.0,0.6,54.0,3.0,4.85218894532923,10.491036837464154,1.0,40.25968994540241,0.0,obs
0.8368955979323663,14.848003818435672,1.849295614963514,0.7104008182378054,3.5187738684200864,138.74412400091967,148.36991444314017,0.5394943200711892,6.0,-0.004294108295674489,2.689422460229882,0,2.0,0.3,0.09135755714586193,0.6,57.0,0.10046624913367039,7.729597505036795,0.619175784905985,6.965910865119884e-05,2.704349316568978,7.729059068164362,obs
0.2600811399826733,1.6410178153746842,-0.332394254997154,0.5951533351233985,22.540773998261812,104.80536583642765,103.57191987164373,-0.8409028783138398,4.0,0.09533035516427812,17.73208622907504,8,6.0,0.65,0.08513690017377629,3.9000000000000004,88.0,0.09300228903793085,69.8990680629711,0.09733009402760705,5.253773360047731e-05,1.8855893581617842,69.89539572435429,obs
0.6572010102602646,-13.037393268373565,1.4934522091767486,0.7814041395924636,15.326375726068742,87.46864789336057,207.88052704070364,0.05634560020777011,-6.0,-0.04512308889064273,-10.586563045920634,0,2.0,0.3,1.0,0.6,55.0,3.0,5.136193924468787,7.007049270931335,1.0,35.19207166680921,0.0,obs
0.17087892026035845,-7.016630220363522,-1.035173311727919,1.2161535942736084,10.761652090536824,164.02303740546407,183.80417456453563,0.7926306070926435,-5.0,-0.051459883928414864,0.15954167941457253,0,2.0,0.3,1.0,0.6,85.0,3.0,7.003906683841172,1.6948550596580798,1.0,27.465243723139025,0.0,obs
0.28355958910175116,-12.18352092319471,-2.2283087392834107,1.2700479791182666,19.213289720420626,159.65048937552913,87.87326797590143,-0.38030647650524035,-3.0,-0.06775091168806363,0.4932003230811513,0,2.0,0.3,1.0,0.6,80.0,3.0,6.177194755449077,4.524341624280116,1.0,31.580860544407443,0.0,obs
0.8257298630227792,0.1213424040591513,0.21175352824896024,0.6225887408323518,18.396809674708326,152.60258550879902,221.5414870665577,0.0010745402138429305,-5.0,-0.20605289471243127,2.313652423999957,0,2.0,0.3,0.2616426135123994,0.6,47.0,0.3480107017501162,5.687788528151287,5.412810491299539,0.04493741417521413,11.657264510436622,5.432194019320722,obs
0.2712026644156432,-0.8526365683733355,-2.634715081119471,0.7118679912228922,26.436674319917348,199.65991048698268,203.90345148089293,-0.6520081286139606,0.0,0.12870922599469117,18.617273395420884,8,6.0,0.65,0.05136117363125692,3.9000000000000004,84.0,0.0541346330312935,59.251969520013155,0.13208985626858394,6.958886548114052e-06,1.6252077642773792,59.25155719227951,obs
0.2319337730754032,-3.278979885296205,-0.35965651934038767,0.7783833092054371,26.99277343545787,98.30992988356986,137.280148735766,0.813615570831786,1.0,-0.06416324391380163,19.360086183344293,8,6.0,0.65,0.024671343596510964,3.9000000000000004,87.0,0.025295035626239058,69.70718285033139,0.0,3.704854928399115e-07,1.2023602850099124,69.7071570248314,obs
0.7599003775935324,14.076482786803599,1.9302633939682545,0.8835794157169699,19.697778167300537,162.3499806748836,31.188248913958653,-0.04166631349830714,-5.0,-0.08014387797551964,19.20198610308759,8,6.0,0.65,0.02714165735052193,3.9000000000000004,50.0,0.027898321347134478,44.71509289455411,0.0,5.426820460785464e-07,1.223186570777076,44.71506862847601,obs
0.4338704064727449,3.8428801185383756,-2.8646443586194215,0.6238606528409275,23.263214108348382,173.1832815617783,150.5769105475707,0.023313421397009076,3.0,-0.11799716816126755,18.06470434071731,8,6.0,0.65,0.0625,3.9000000000000004,77.0,0.066650390625,53.495522024674244,0.0,1.52587890625e-05,1.533203125,53.49470574778788,obs
0.285940511414253,5.082688530124341,-1.9192451938708468,0.6110275798310661,22.60305260871464,46.26250338346837,31.635691625167965,0.6771502327528112,2.0,-0.020435943653628302,22.783061900656246,10,6.0,0.85,0.09005979107734596,5.1,85.0,0.09890101093487712,81.09600416952657,0.0,6.578452460215267e-05,1.791208087479017,81.09066930744514,obs
0.3515535316247323,-6.517514415594722,-1.5480483677423664,0.7522458368386481,14.773891850197394,13.202956200346891,50.24959211074076,0.33073919732274054,-2.0,0.17634923105597428,1.9347528162059802,0,2.0,0.3,0.542815571952499,0.6,77.0,0.9974042442325366,7.7861507640617384,0.8155355932098187,0.08681788302089677,10.165467543983667,7.11017363784436,obs
0.7989417482771832,-6.994014239317086,-0.09497978956643995,1.0303300680638239,20.31591548886884,83.92593842677303,146.2646736698252,-0.4378143662483699,-1.0,0.20937788508227176,-2.4565109378533485,0,2.0,0.3,1.0,0.6,52.0,3.0,4.497161807543472,9.508106749358275,1.0,38.829973453612034,0.0,obs
0.12636156766200696,0.25763849367868324,-0.5485751784693138,0.6643342444812061,4.034734199772825,172.0636534651713,52.118368730038476,-0.32363896204365794,-6.0,-0.16608668758020834,0.7301756484288902,0,2.0,0.3,0.9966854742979534,0.6,86.0,2.980156753696592,7.28307582650074,0.6076574635927465,0.9868076681416983,25.725119431162184,0.09608075325237277,obs
0.8437195855248895,1.2110499775655807,2.098704572544131,0.9606784622824416,21.70854816190798,61.37513983292949,104.42966712253488,0.24746565226164932,-1.0,-0.03544479959762824,7.222260248501218,2,2.0,0.59,0.0546875,1.18,50.0,0.05784177780151367,13.572389809352869,0.09717702166411933,8.944422006607056e-06,1.6040826175599192,13.572268412170775,obs
0.8210140198011462,-12.9941809698012,1.4315224936375461,1.442955516197421,27.00765818700156,141.50198004314768,206.98266951092145,-0.31206052753147,0.0,-0.10343577700936986,-2.3601160601677353,0,2.0,0.3,1.0,0.6,52.0,3.0,4.842046047528041,12.919237756672342,1.0,43.79161855515977,0.0,obs
0.4585664576018411,-1.2621491599467385,0.7429094191028969,0.6370228650904171,4.2093435812691995,6.432887117531223,113.32614250454314,-1.0586216560602635,1.0,0.09883377412115198,-6.847819783303177,0,2.0,0.3,1.0,0.6,74.0,3.0,6.669203014610875,1.334458357162483,1.0,26.941030337690883,0.0,obs
0.31754651125559713,0.09850458011453364,0.21844547151582722,0.9309823979265145,23.739010399388217,74.29606430244635,299.3651204128078,-0.026620399319538895,1.0,0.028659354729392673,16.895204046365972,7,6.0,0.55,0.03471003715680815,3.3000000000000003,82.0,0.03595664202664409,57.138492868117794,0.033431729201139515,1.4515109428847595e-06,1.3362811059602646,57.138409930970134,obs
0.21994048348133147,-1.5060441603979027,0.5898446654772409,1.4261608956137366,26.257480692881053,125.02575547783948,277.4015491570449,-0.7401063305624047,1.0,-0.0636569327379835,18.700916293514318,8,6.0,0.65,0.04613349250041732,3.9000000000000004,88.0,0.04835997750266907,73.66321154852464,0.0,4.529657188001579e-06,1.3868798200213526,73.66287787942896,obs
0.9302930046814016,-5.693732886426735,-1.2929735329700625,0.8651153566421267,7.880911134853614,30.302652064105693,188.03367423809138,0.808140876781863,-1.0,0.0072573080591019,-14.551383178069045,0,2.0,0.3,1.0,0.6,45.0,3.0,3.6575462092434394,7.814923401754289,1.0,36.367161311642604,0.0,obs
0.2635040516636053,-3.77674627344798,1.2858155303349184,0.8197752921299957,15.645090877839298,179.83834786874962,291.07572743143123,0.08839381888157635,1.0,-0.047741862140770856,5.684389456353063,1,2.0,0.44,0.03125,0.88,85.0,0.032257080078125,16.637378529796187,0.019172960290971312,9.5367431640625e-07,1.2859445828664129,16.637362663155592,obs
0.2019236074406426,-1.2380143550095721,-1.6680663815388015,1.496376879994523,26.1243138620377,35.47342553783045,264.36466949678095,-0.45258752837178773,3.0,0.16142460943748968,19.833928874377744,8,6.0,0.65,0.017267551549113302,3.9000000000000004,91.0,0.017570868522735438,68.1334594238843,0.16672819442507675,8.890435687636256e-08,1.3830806855274496,68.13345336652291,obs
0.5472208792006517,0.6356001652703344,1.2530654908533463,0.8993603310508655,26.965876117597166,182.40974127577897,116.1026000869315,-0.34931620733122687,-0.0,0.054695951501603834,16.208602751288677,7,6.0,0.55,0.0546875,3.3000000000000003,68.0,0.05784177780151367,49.64573328849867,0.06090261851550278,8.944422006607056e-06,1.55131984934375,49.645289236109306,obs
0.8979040093271963,4.2335410778539755,1.7792137531782464,1.4661036448911942,5.324941993160225,47.19591519318006,232.39098641603354,-0.9446987939369602,1.0,0.0669823420916438,-8.52050921299693,0,2.0,0.3,1.0,0.6,48.0,3.0,4.542092578593864,13.298567737234658,1.0,44.34337125415951,0.0,obs
0.8330991685889435,7.565993434656098,0.31629690313213077,1.1602064581255134,11.074109864441716,198.88434141358894,66.94458168106578,-0.5497309433902519,-1.0,-0.26669174780328975,2.0090459549523865,0,2.0,0.3,0.47084409379191794,0.6,50.0,0.7969216406249712,5.716315228011193,10.20417153677946,0.43493489495415616,22.21780445122444,3.2300902647913015,obs
0.2557740726791469,-2.0604340646907486,-0.26431958844296377,0.8880165741430592,20.15176066992227,122.92599909264023,214.8288845822601,0.5081616012703496,-2.0,-0.006678867882881083,12.755445292890661,5,4.0,0.6,0.0261091234131883,2.4,83.0,0.026808607970992483,41.11381851240924,0.0024941047810495146,4.646962462606652e-07,1.2180966525403756,41.113799406972106,obs
0.42273450952771763,-3.193093372807505,0.6004648624645099,1.1807734314922402,7.760520984034188,21.4472544154707,162.59209315353672,1.1158930727461958,2.0,0.20832109590590342,-2.6231948155353066,0,2.0,0.3,1.0,0.6,77.0,3.0,6.891921037780366,2.0700098014061847,1.0,28.010923347499904,0.0,obs
0.11415200840288593,3.063589714740144,-4.29227755515101,1.1174026927199163,10.444036344496501,17.72906072333867,34.54300359826267,0.36319825659947924,-2.0,0.13261290700366843,11.527125973635993,4,4.0,0.48,0.015625,1.92,91.0,0.015872955322265625,28.748311189556794,0.15790014228492164,5.960464477539063e-08,1.3566565768107384,28.74830947602392,obs
0.21873676681461002,4.27591441487598,0.4533873277281919,1.4242483244160633,2.605567560122025,19.609730770596407,104.0420520454001,-0.04602126931051458,1.0,-0.18470895859203032,2.35748491509227,0,2.0,0.3,0.2390414852929257,0.6,88.0,0.30984134626227494,10.835753277024637,0.1878768018010866,0.0032650746463446234,3.752006118172507,10.800373733725777,obs
0.5779542996027075,-3.0394030328121993,-0.17003099675971053,0.8269984432742526,5.991563704211171,120.02908572173561,287.9531986991471,-0.2159796878269583,0.0,-0.03134258326835941,-9.018196581149848,0,2.0,0.3,1.0,0.6,66.0,3.0,5.686414559687801,7.432318367281764,1.0,35.810644897864385,0.0,obs
0.5470895361826658,5.532754338763206,-0.07594216958548652,1.0143765631149892,16.62056685486134,162.86794445384012,115.27450097388979,-0.47824790678818113,-1.0,-0.12015194659187214,10.687821546647067,4,4.0,0.48,0.04774035520563308,1.92,67.0,0.05012830374629074,26.71097699745421,0.0,5.194486046078417e-06,1.401026429970326,26.71083824765692,obs
0.09023668966333633,6.857097388091812,1.0597987693467412,0.9789157899872543,18.98034172390875,83.57773464524861,78.99270293138898,1.0298829496698703,-1.0,0.17111015603628704,24.46890579269086,10,6.0,0.85,0.031409773912591255,5.1,93.0,0.03242733587289173,104.37327475566383,0.17254489366512815,9.733280547097323e-07,1.5103930777687748,104.37317316622735,obs
0.545405792140848,9.041805259610712,-0.11215338234709171,1.2762474232261878,18.87170760849176,91.74297305996305,80.63349057449625,-0.09437435093218745,-2.0,0.02442782822759085,17.191021244111308,7,6.0,0.55,0.024312404008330346,3.3000000000000003,66.0,0.02491786788854152,45.3121540895083,0.03512822487754563,3.493909211949031e-07,1.2504385429302167,45.312138257853036,obs
0.2608292349473687,12.448246347038758,-1.710310284976737,0.7010805506629363,22.237372240233633,119.91110221460247,159.38758145332625,1.0578149150312521,-5.0,-0.0767795559731436,29.93000328892472,11,6.0,0.93,0.015625,5.58,79.0,0.015872955322265625,84.45475872006637,0.0,5.960464477539063e-08,1.126983642578125,84.45475368617048,obs
0.23438727369010257,-6.0649129706160725,-0.21210400623806708,1.422322620356345,12.797316757208577,108.94291793333937,257.5152949810444,0.6967597548050305,1.0,0.003415794354078901,1.9434361996689713,0,2.0,0.3,0.5344035442227264,0.6,87.0,0.972609476417781,9.464898323732031,0.5766676809943384,0.08156001914721789,9.61966516551583,8.692941035221976,obs
0.4937002740225057,0.09728746532757833,0.10133322612123671,1.1753206750362357,9.110758622270044,139.17203795474768,234.66047658600354,-0.8703982156731368,1.0,-0.2607365529068484,-1.8750606976054476,0,2.0,0.3,1.0,0.6,72.0,3.0,6.288251552667996,3.325649340428397,1.0,29.837308131532215,0.0,obs
0.4154720505327986,0.07894387633062097,0.1724008673715191,0.6336894776217586,2.4050982011056496,96.99821543179017,147.95004203519906,-0.3329761978796459,3.0,-0.10849613034565767,-6.340542098331544,0,2.0,0.3,1.0,0.6,78.0,3.0,6.836357093949216,0.9406225398746771,1.0,26.368178239817713,0.0,obs
0.9027256456708439,-0.6865149797275532,0.2428790509276021,1.5197631806651632,7.372375477362059,144.20283358749316,86.35625852797935,-0.33452256208691117,-2.0,0.0036443725826309573,-10.900988965188004,0,2.0,0.3,1.0,0.6,45.0,3.0,3.957831869612396,13.719507078085716,1.0,44.95564665903377,0.0,obs
0.49537220216976763,-4.544840437270953,1.55905356737783,2.1682329887871212,10.122083117252968,199.47559479659364,42.4375230275916,-0.03992318205286973,6.0,0.08456753684533225,-4.374731061253304,0,2.0,0.3,1.0,0.6,77.0,3.0,7.212618541748264,2.7394648345766353,1.0,28.98467612302056,0.0,obs
0.270094183177562,-10.3989340226175,-1.6290518295512213,1.4148810545901278,6.633378268492104,73.30807923850917,154.91018626033738,-0.030157126556876742,-1.0,-0.19413141205973408,-9.594073243487712,0,2.0,0.3,1.0,0.6,83.0,3.0,6.624943998846666,2.6773248132602854,1.0,28.894290637469506,0.0,obs
0.7241478235309357,0.6487561222030266,0.2635506842472749,1.6393863970625155,2.523756258911659,7.382015268493407,249.98934409991176,1.4981195476990714,-3.0,-0.038115530770242934,-9.138329486775447,0,2.0,0.3,1.0,0.6,54.0,3.0,4.754248236400636,14.757346702718946,1.0,46.46523156759119,0.0,obs
0.47572072894753054,-5.378489616835387,1.9348945479273614,1.0300151533149706,6.093637825294981,29.49688388257268,227.0141382704647,-0.5386139372373794,-3.0,0.10096857385188218,-9.256638745492664,0,2.0,0.3,1.0,0.6,69.0,3.0,6.57593011033381,2.302869361873354,1.0,28.349628162724876,0.0,obs
0.6727302822486126,0.601954365233375,-2.601917245405793,0.5623886120119722,19.31858839275688,112.93526607245599,140.32220725935758,0.11448496783219499,-6.0,-0.14514533243732722,6.874687204452485,2,2.0,0.59,0.08957495206395735,1.18,54.0,0.09831734413933212,11.471188726334658,0.0,6.437931296154886e-05,1.786538753114657,11.470450219085604,obs
0.3697598054694097,-5.558304791891974,0.26947002117008034,0.5279139070819421,18.369220828287492,72.13026849320715,190.56972141775208,0.3082538712339016,5.0,0.02291828347841731,5.456189252576342,1,2.0,0.44,0.03125,0.88,83.0,0.032257080078125,15.47020838602576,0.07468589014234461,9.5367431640625e-07,1.3666906626502284,15.470193632485353,obs
0.6619922145529609,-7.69760842091039,-0.8780677529595651,1.092384598795832,26.327774624349104,188.29660577247353,147.78656065547875,-0.0007860022345980913,4.0,0.006597450310600346,5.426104236965474,1,2.0,0.44,0.03125,0.88,65.0,0.032257080078125,11.429330980869091,0.25040348355784425,9.5367431640625e-07,1.6222798894364099,11.429320081009681,obs
0.12027525519205343,1.6400885226382838,-0.5560655767096574,0.8145923504281899,22.752375576330042,127.35198757093967,186.33434964334802,0.05509028889067901,2.0,0.17143803203566024,21.08305568559224,9,6.0,0.75,0.05157769627724701,4.5,95.0,0.054375165048509894,86.5728487020108,0.17319344203992498,7.076976634379228e-06,1.6869190542643338,86.57223602798337,obs
0.6285698357490497,1.0564506876454716,-1.357211254821633,0.7284629472867582,16.76165903787097,106.46926126326625,169.72641598625827,-0.5224044471532936,-3.0,-0.023013619311163767,4.885886000623728,1,2.0,0.44,0.03125,0.88,60.0,0.032257080078125,10.285793630008348,0.2008126603188648,9.5367431640625e-07,1.5501477829069852,10.285783820711139,obs
0.40515713478828047,4.054973799246531,-0.2543260735506661,0.9784984375500247,5.576465034823494,160.61770274804365,213.86098203379294,0.053243097301340886,6.0,-0.017160059837507027,1.0408356872790825,0,2.0,0.3,0.9869773480838848,0.6,82.0,2.9225402378504777,7.091733620916774,1.2939305770856955,0.9489181238555175,26.262402742201196,0.3622590584733327,obs
0.19328874585874642,15.301046364923376,2.7618834216403565,1.2376878463775032,16.66586729205408,55.42502485457355,167.08138775394346,0.25569949808718595,-1.0,0.08549597531646885,27.85839454817572,11,6.0,0.93,0.03971845376440253,5.58,87.0,0.041358667401782886,115.30947429230059,0.08697440851154625,2.4886815747082736e-06,1.4573775697765123,115.30918732373654,obs
0.519899411654209,1.9410267184759278,-1.8966455417658206,0.6045626491003294,3.6014715837687,164.84901535506015,283.9649695052408,0.1638002921355643,-1.0,-0.13263486680493447,-5.130865765814362,0,2.0,0.3,1.0,0.6,68.0,3.0,5.348604862005187,5.323543041325533,1.0,32.74333533283714,0.0,obs
0.15473293117005535,3.395572369448907,-1.754415003718241,0.8559906986682051,13.203007332682173,5.596915448498124,145.56760902705528,0.2851004519560457,5.0,-0.022088320655085866,13.540755435089368,5,4.0,0.6,0.016302640331749274,2.4,96.0,0.0165727492654058,44.030263844586926,0.0,7.063692564202029e-08,1.1325819941232464,44.03026073442445,obs
0.42294605403890756,-7.542929302071277,-1.9529018552452568,1.687139594297206,12.146724352627082,125.83708561646495,34.29740182072195,0.706303950318116,2.0,-0.04557250108405106,-3.06074373758509,0,2.0,0.3,1.0,0.6,77.0,3.0,6.037687800014155,7.814844131007174,1.0,36.36704600873771,0.0,obs
0.6044075225591442,-9.008352083754621,2.5911274299421514,0.6890159756851605,13.123159043436484,187.27764445392688,93.82085456042583,0.46848327095717085,7.0,-0.013891181270510023,-7.439157563344336,0,2.0,0.3,1.0,0.6,71.0,3.0,6.968973309940085,1.0040952015801574,1.0,26.46050211138932,0.0,obs
0.7553419511097997,11.079806127413336,-0.6935095582819304,1.3516068086565027,9.275473878264467,158.63269064660466,165.1638516887971,0.03564730674871848,1.0,0.0848406448962838,5.546566226542532,1,2.0,0.44,0.03125,0.88,57.0,0.032257080078125,10.119379142343748,0.5221696450175606,9.5367431640625e-07,2.017576124286906,10.119369491751762,obs
0.6332849039729217,-6.464358459533125,-0.03845859052151132,0.8454251336511107,19.831591638219418,171.4586674687351,175.95440000993872,-0.585879175941639,-1.0,0.055416148508217314,0.07608750123254371,0,2.0,0.3,1.0,0.6,62.0,3.0,5.377226258305033,7.685377979709485,1.0,36.178731606850164,0.0,obs
0.31317400739112344,-7.3076085002804945,-0.6041744116593595,1.208123711562406,23.864556149768266,82.4061655584426,179.14389311425444,-0.3000026373555597,-2.0,-0.07486823085286763,9.593832033736296,3,4.0,0.37,0.021357945346727136,1.48,79.0,0.02182384985558323,23.733784858194777,0.0,2.080836146722831e-07,1.1745907988446658,23.733779919583036,obs
0.4241585569042222,-0.2736924485158708,-1.4166343176046372,1.4624679699624255,21.981441807573415,165.72659448952462,222.92906653292218,-0.10981557595870767,-6.0,0.013669920332721245,12.581621526330652,5,4.0,0.6,0.034257112470688716,2.4,69.0,0.03547086465145927,32.141741941836905,0.039501425894911305,1.3772190270433526e-06,1.3412235366951815,32.14169767561834,obs
0.11902914820426781,-0.6313468936417185,-0.3527259699216531,1.2927704312146224,18.32155449056289,112.41217468090198,104.15499850673254,0.12617291567072367,-1.0,0.14904416141005242,14.718556659377128,6,4.0,0.74,0.078125,2.96,92.0,0.08470535278320312,55.473790422451536,0.15609736891442066,3.725290298461914e-05,1.9046935406866006,55.47172386271874,obs
0.4375731114419567,-6.317545545103042,3.68736540860484,1.3701800090073704,15.996964782658345,125.61534611812378,209.52399334119883,-0.23916638074969754,4.0,-0.08313656987973053,0.32498375120497747,0,2.0,0.3,1.0,0.6,78.0,3.0,8.027566456405806,0.938241473205491,1.0,26.364714870117076,0.0,obs
0.49518710642826946,-2.1348125309917,2.0881063814613823,0.6710418986181063,2.8081886802087896,16.488491170481684,220.08871374218745,-0.4678665995921758,2.0,0.014516678039701261,-9.48934080282227,0,2.0,0.3,1.0,0.6,73.0,3.0,7.0057380171269585,0.9766643039269074,1.0,26.420602623893682,0.0,obs
0.8267448464862786,8.60563002355073,-1.2794067266884084,1.4707655372633366,20.79628396598995,44.30258094900647,141.0458032076231,-0.5940993445601686,0.0,-0.01931606769386286,13.15413593180044,5,4.0,0.6,0.0234375,2.4,52.0,0.023999691009521484,24.44347006602973,0.028725418335282412,3.0174851417541504e-07,1.2337799547456736,24.443462690248953,obs
0.47937748159612775,-5.6419552618225834,0.9713611545925286,0.7442475585096814,16.169556429040934,112.43806102514276,138.58565676950695,-0.8255888795277655,-3.0,-0.006300501583677696,0.027893559946368995,0,2.0,0.3,1.0,0.6,69.0,3.0,6.287069444069911,2.268542830106982,1.0,28.299698661973792,0.0,obs
0.2838990344817634,-9.755707390563202,-1.2472841589995647,1.094073520289259,9.039267317261059,16.466206275582042,78.30969212724143,-0.11747535188728443,1.0,-0.16306576222494007,-6.387807797595369,0,2.0,0.3,1.0,0.6,84.0,3.0,6.844094636591331,1.6357887342795885,1.0,27.379329068043038,0.0,obs
0.5996614341687793,6.598155346298546,-2.6645514582693313,1.0935826085304643,10.523893010189482,149.58212728460407,141.7765915889509,-0.7348327210351525,3.0,0.14107628543122044,4.4240826787666645,0,2.0,0.3,0.003125439799948976,0.6,68.0,0.0031352387043567832,7.423015216585908,1.2998107024263283,9.542111545357557e-11,2.9157156586186046,7.423015215877595,obs
0.4144770999813496,3.446078383566257,1.5292663764969443,1.1829973961911635,26.325776448213276,168.8111166617708,242.44039876089334,-0.5002628420786961,1.0,-0.07743519008881833,20.38736662469007,9,6.0,0.75,0.08418812100703615,4.5,76.0,0.09187245579602331,76.2606574755656,0.0,5.0234636781998354e-05,1.7349796463681866,76.25682654913655,obs
0.6684255487761862,-4.343630344540631,1.7401392699653262,1.1238105827409148,18.233418373047904,184.47066045248695,275.42271149846863,-0.19695093642215125,1.0,0.10260719701535329,0.14363090995506475,0,2.0,0.3,1.0,0.6,62.0,3.0,5.856343723343762,8.24763983007814,1.0,36.996567025568204,0.0,obs
0.4306675695813812,-11.075169112888425,1.569078376571849,0.7465412908446217,14.373723301095737,24.844849540062157,190.27556165585065,-0.6679586546957169,-3.0,-0.06213766080475112,-5.896458117634992,0,2.0,0.3,1.0,0.6,72.0,3.0,6.747402725250339,1.2794093499901031,1.0,26.860959054531058,0.0,obs
0.5103640041974724,-5.212363495069942,-0.7047978738293591,0.6264991957815574,18.1439652324186,188.24544836444602,110.82999270566067,0.18987609424934848,3.0,-0.06255046518957602,2.7408447948595924,0,2.0,0.3,0.0833228173599697,0.6,73.0,0.09084399390134314,8.754568463213717,0.27002311522659544,4.820097071833729e-05,2.119512846085793,8.75414648451557,obs
0.4138907164058184,-0.3829310579448992,-0.25016360100297935,1.3528188426326093,12.757300449627081,18.185901487712524,214.2182240381275,0.3701115318028436,-10.0,0.12131232504654668,4.513212312932964,0,2.0,0.3,0.0017327892661005428,0.6,65.0,0.0017357970275426397,8.085452799648884,1.1001125650408963,9.015344026863659e-12,2.6140501071889175,8.085452799575991,obs
0.5007210343053725,8.159704629186734,1.1246483304871848,1.0664922434631896,14.224739103278422,97.44096210592399,229.83947634792105,-0.27471350988769927,1.0,0.09938846034779243,11.917335309864008,4,4.0,0.48,0.015625,1.92,71.0,0.015872955322265625,30.165155110422592,0.12106867964305529,5.960464477539063e-08,1.3030835402407508,30.165153312439237,obs
0.45259463357686325,-7.256073824087599,0.5872440560221608,1.4890760353655146,9.54804067439943,168.84894902242328,119.69745027077883,-0.21851365380500087,8.0,0.02086658989639829,-7.240855374399659,0,2.0,0.3,1.0,0.6,81.0,3.0,7.245290097784901,1.8019688465718473,1.0,27.621045595013598,0.0,obs
0.6360820407544401,-0.5916391705803141,-0.5904562069455664,0.9846235014035094,13.436185815382757,18.710672020068795,253.1679226021776,0.2687148850695387,-5.0,0.07611505498063198,0.8119182522077479,0,2.0,0.3,0.9941310179298641,0.6,58.0,2.964923685224546,4.909017820779368,8.962342155147295,0.9843427573535873,37.75552352564698,0.07686168317550647,obs
0.15317666997168417,4.726012619264286,-2.428607730177247,0.6146125478940305,19.825398043385672,8.555059232851809,49.89787467735182,-0.3569975486173395,-1.0,-0.02885527802564,21.144427600931103,9,6.0,0.75,0.048700887745737775,4.5,90.0,0.051188171832448934,74.1529822875378,0.0,5.625323610480848e-06,1.4095053746595916,74.15256515301574,obs
0.4505796256924181,-16.668871380853446,0.1708127912130184,1.3974891174202653,3.0384900522481995,9.864805147796885,32.90350375200689,-0.39136695579864755,-0.0,-0.000836762771888992,-22.364197851185555,0,2.0,0.3,1.0,0.6,73.0,3.0,6.397625381157839,3.67985871687063,1.0,30.352521769993643,0.0,obs
0.4916717206700276,7.236503175572299,1.61851445885417,0.8795893371918009,22.670712589700027,104.69769669002655,63.2021086106542,0.5982492390931452,-1.0,-0.06616243924638192,20.855962718903136,9,6.0,0.75,0.062222679090798705,4.5,70.0,0.06633524605334389,70.79876851322045,0.0,1.498976504121785e-05,1.5306819684267512,70.79770725631523,obs
0.8858630550081676,-8.27715400544506,-1.7963824335512357,1.1257770101329994,9.357468062394133,163.2613651963493,72.12225391342763,0.44209386935639355,3.0,0.09040649493002598,-15.43474842622202,0,2.0,0.3,1.0,0.6,51.0,3.0,4.033670568344819,10.250544011380335,1.0,39.90988219837139,0.0,obs
0.7227870065370355,2.323968454198542,0.9581390725139656,0.7990861432534851,19.746554629244994,29.84820085915693,267.31083889588473,0.30077500117195977,2.0,-0.06934133311673524,8.421918367114547,3,4.0,0.37,0.07689799485731363,1.48,60.0,0.08326601750742109,19.300309880155073,0.0,3.496713596717882e-05,1.6661281400593686,19.299635003595284,obs
0.4015467226910172,1.7267820472752085,0.49731254270053893,1.7675648723834816,18.71085818168156,29.298999545510423,144.74505959974582,0.46282231069704644,0.0,0.1485156344937853,12.97075407985791,5,4.0,0.6,0.0234375,2.4,76.0,0.023999691009521484,39.11563849614791,0.16884758093214922,3.0174851417541504e-07,1.4375940094320252,39.11562669306211,obs
0.874911657335114,7.592104740246914,1.1252223948485005,0.7381184526446932,18.968329277673938,115.86663673470937,104.23155683200306,-0.9886393626836815,3.0,-0.03158341683198244,8.856232360201382,3,4.0,0.37,0.04975337028938642,1.48,52.0,0.05235192753064019,16.93786026783927,0.02604253522656793,6.127594541327497e-06,1.4566954714837659,16.93775647949915,obs
0.544210098720818,3.8564706662547823,1.3079632495785107,0.8896838575292387,17.811351822650874,50.68764215832512,145.85028131644123,0.6769177733965537,0.0,0.0020508564016334337,11.734065929505304,4,4.0,0.48,0.015625,1.92,68.0,0.015872955322265625,29.141276931566903,0.02158307543277541,5.960464477539063e-08,1.1583772068439802,29.141275194611442,obs
0.7046566558506242,-16.64103344210987,-1.0416978628880296,1.0379227110227796,26.936647789807907,147.3916783532504,136.60704102917072,0.1960310582918711,10.0,0.07587280206543344,-3.342570088134236,0,2.0,0.3,1.0,0.6,69.0,3.0,5.683568233794879,9.44312526904601,1.0,38.7354549367942,0.0,obs
0.7434077444542991,-5.49345473009194,-2.425439100247419,0.6849954683229807,15.216948230080162,190.17890069446622,111.39465035676459,0.5053906920028675,0.0,0.0023864421189582017,-4.352902066719106,0,2.0,0.3,1.0,0.6,56.0,3.0,4.2760724727122135,6.184470543733854,1.0,33.99559351815833,0.0,obs
0.892746423926319,0.9674359054729605,-0.800279288524319,1.1213073970126364,21.04029700339914,154.37651428708054,67.23288725123064,0.1935808895581813,1.0,-0.029790831428531023,5.161651993279798,1,2.0,0.44,0.03125,0.88,49.0,0.032257080078125,8.651007114938277,0.5923719355648355,9.5367431640625e-07,2.1196885469011244,8.65099886469498,obs
0.5414886448917712,-1.3648592028385087,1.333690976290511,1.7478424976338787,20.341682612099017,176.04919644388872,207.09717473294776,0.024462412340078097,-6.0,-0.003002344780847147,7.8745494168801535,2,2.0,0.59,0.0546875,1.18,62.0,0.05784177780151367,16.247150127033485,0.14839810626740188,8.944422006607056e-06,1.678586013346512,16.247004805666343,obs
0.8358690472882502,3.343275108297393,-0.8130058552889565,0.8437482791678028,8.14295700923659,106.31928122647571,66.88318875050695,-0.1376546061810273,-2.0,0.08938183535575839,-4.515040117850202,0,2.0,0.3,1.0,0.6,49.0,3.0,4.084844891360206,7.704210054845172,1.0,36.206123716138435,0.0,obs
0.29894051999667937,5.525565889687938,-1.041064985786463,1.146692243403042,9.365951818857466,167.302264322419,239.36460222162208,0.18357218844310272,4.0,-0.06628522221367054,8.27979007131617,3,4.0,0.37,0.08578101334471222,1.48,86.0,0.0937706050811789,24.98603575667306,0.0,5.414578934370695e-05,1.7501648406494312,24.984682868044445,obs
0.7735241435980845,4.259162155007754,-2.7320255128869575,0.3858014746697704,13.024444552081164,40.66612087740306,84.45576358572248,-0.15587395445227606,-4.0,-0.012623700727326478,2.604850770084881,0,2.0,0.3,0.11149346631236054,0.6,51.0,0.12531021154667077,5.4458373481869105,3.469234608167348,0.00015452461536324957,7.048641122434963,5.444995832265351,obs
0.6088129844207593,-1.4999245978812565,2.6289713318264085,0.9866050509658365,9.22014619204344,18.32783862714734,227.47025292599415,0.4339380500325562,-7.0,0.0010286727337475358,-3.6104143852442805,0,2.0,0.3,1.0,0.6,57.0,3.0,5.604181796730249,8.905139257700414,1.0,37.95292982938242,0.0,obs
0.5728004741468875,-12.924359077843363,1.238570462137965,0.8972318040676334,11.535320572178952,132.91085647431376,247.50824853777607,-0.7932283222761002,0.0,0.08645851955276564,-13.821383195653796,0,2.0,0.3,1.0,0.6,66.0,3.0,6.090343171142734,3.8609090232874523,1.0,30.615867670236295,0.0,obs
0.3830999511548869,-3.1883687419837208,1.1548439719121466,0.7531160948416895,12.164975962135955,15.130738232820907,63.8380226391017,-0.2707879308971389,4.0,-0.009984537387143657,1.4234755532520766,0,2.0,0.3,0.9001786704500593,0.6,81.0,2.439934564575094,7.902924193665562,0.5898471797576497,0.6566211581993178,21.377436050793698,2.7136969564594713,obs
0.843818132281868,2.914577036972686,1.4515880801692105,1.4544465232362198,17.700478584396944,179.0338767322377,53.421357437761095,1.0224116242383232,0.0,0.18082990944937222,5.4615209889356695,1,2.0,0.44,0.03125,0.88,51.0,0.032257080078125,10.060169612381024,0.6603500379821419,9.5367431640625e-07,2.2185657867808426,10.060160018255646,obs
0.629036400904758,-7.633130767853343,0.8650625423151025,0.8931380431622064,7.717141111111602,139.85305868594662,286.38464807648813,-0.3130402317861962,-1.0,-0.015653857771509513,-12.962775633034116,0,2.0,0.3,1.0,0.6,62.0,3.0,5.620616157950538,8.044916981767395,1.0,36.7016974280253,0.0,obs
0.5776422262968883,4.4189231108510345,-0.3664932827692936,0.9403717483135683,22.91158851279387,190.67914145473785,155.0226378231968,-0.11934186153173901,-6.0,-0.023768363840527995,15.503645786499904,6,4.0,0.74,0.0546875,2.96,60.0,0.05784177780151367,36.297635362389066,0.0,8.944422006607056e-06,1.4627342224121094,36.29731070102054,obs
0.48765127753797033,6.358753080871131,-0.2456461561833025,0.8775130563885591,13.37594527605912,66.20789798108095,200.16358364270687,-0.44129046667503813,1.0,-0.017103212161773174,9.514890842274044,3,4.0,0.37,0.02382485757992253,1.48,72.0,0.024406004975742204,22.02213059443997,0.019374163516784244,3.2219682222223156e-07,1.2234286412848965,22.022123498979475,obs
0.07731642536612754,0.888068834070898,-0.6413465468881873,0.5147857441137617,20.36234690376442,99.80087029431607,36.28031883287729,0.16792283644291195,2.0,-0.13166414286580103,19.348730592948474,8,6.0,0.65,0.02484877469644564,3.9000000000000004,97.0,0.02548157946463974,76.6026817155771,0.0,3.8125883228268265e-07,1.203852635717118,76.60265251012812,obs
0.7716046143560276,-21.446459064186772,3.9521111316225,0.675615193408213,4.117504512261265,149.6296211837982,105.25174875021177,-0.36813244507109744,-6.0,-0.1036726846758685,-32.66082242860675,0,2.0,0.3,1.0,0.6,49.0,3.0,5.099321866435769,5.993754435833248,1.0,33.7181882703029,0.0,obs
0.24599035445013895,-8.946618538982623,0.8338680469491638,1.3950531986187051,14.21910024723354,52.34190216486001,166.45736673103428,-0.09280546740352505,4.0,-0.05306668897390933,-0.11736843448057446,0,2.0,0.3,1.0,0.6,89.0,3.0,8.056241250982342,0.9715274106101239,1.0,26.41313077906927,0.0,obs
0.8047332447846338,13.203324109892572,-0.6957006620271519,0.48147144952018217,2.7337078366105363,110.66051992177505,269.27894461513904,0.4244332680175353,2.0,0.11358298488501298,0.5849224246691198,0,2.0,0.3,1.0,0.6,55.0,3.0,4.6130618762810975,4.458862816804653,1.0,31.48561864262495,0.0,obs
0.760432490906593,-3.8257645511986462,0.6982451612494197,0.7668535580806674,19.573659787204683,133.59611862606823,103.2886427423816,-0.3493817094074079,4.0,-0.0033126059362010123,0.6893086918149209,0,2.0,0.3,0.9979625666921399,0.6,59.0,2.9877919962331156,5.312597350141916,6.917540755741815,0.9932928477903381,34.96421343276211,0.035632399056048265,obs
0.599089106012921,-13.889002561902972,-1.5163033767844762,0.8706919059128465,10.93646200192381,195.86768761717303,239.3016563618543,0.39430555963261044,2.0,-0.04846441896157066,-14.829342370280107,0,2.0,0.3,1.0,0.6,67.0,3.0,5.3806678239029475,7.809530031901862,1.0,36.35931641003907,0.0,obs
0.22383146847560847,8.646731718171907,2.2567600778838406,1.8294371160254048,26.680573166751543,150.21714237726505,208.79749062984948,0.41111465778017825,2.0,0.12265347456065955,30.397198382604085,11,6.0,0.93,0.015625,5.58,89.0,0.015872955322265625,115.78242660104476,0.1248204994941844,5.960464477539063e-08,1.3085407327514842,115.78241969987435,obs
0.19274293108080828,0.09348914080570998,-0.9916036437107102,1.3050640950451644,10.427229579636904,28.03551580441943,61.12310730755114,0.5274780473596469,2.0,0.15511771328922608,7.125286616091659,2,2.0,0.59,0.0546875,1.18,90.0,0.05784177780151367,21.013940227690526,0.21566540881970453,8.944422006607056e-06,1.7764293625134977,21.013752270141108,obs
0.5527453913687409,7.734583422704079,0.7516281489336987,0.8244741149941037,16.658953348460898,97.69002301974551,109.21129665383907,0.07027049745902014,3.0,0.12553824609077605,13.596785890753518,5,4.0,0.6,0.014551688592244594,2.4,70.0,0.01476652157706732,36.52497004098725,0.13654276774464616,4.483875737371079e-08,1.3167398347905692,36.52496840325298,obs
0.5423234103127772,1.938710726535557,1.5989664446147018,1.5712897839132287,8.692076968059983,119.81030268296655,94.22328983842733,1.6206295384883929,-6.0,-0.08530899972351577,1.5383798599552523,0,2.0,0.3,0.8678618341897911,0.6,62.0,2.274705786828066,6.290276902601663,4.695513473979143,0.5672863837604626,26.027484074957826,2.721888465672802,obs
0.12748270386212615,3.2099139534851817,0.5771528163074892,0.7737378135334937,18.122928352630847,33.59151285854878,149.48244864478707,0.527266848271041,-5.0,-0.049524862019365574,18.828930977505653,8,6.0,0.65,0.03813257475095888,3.9000000000000004,87.0,0.03964211632791901,72.87585053933144,0.0,2.1143872004358855e-06,1.317136930623352,72.87569645156583,obs
0.5066406143622445,2.5410647340016164,0.1417049877294573,1.4184467373580114,14.1431011034641,89.23338111131028,201.54024562284775,0.16243881220341327,-2.0,0.1813736070314719,6.630050061807722,1,2.0,0.44,0.0078125,0.88,68.0,0.007874011993408203,12.640506353096114,0.41906580950444117,3.725290298461914e-09,1.672542364317362,12.640506306006559,obs
0.15634476053501745,4.882418183447,0.016203127284022737,0.6245468787146452,11.636334799146455,60.381134185485486,147.02333398729678,-0.4379622070408676,-0.0,0.024113969200002208,12.40397393249231,5,4.0,0.6,0.042584343431861016,2.4,90.0,0.04447499330596645,45.09590269709321,0.02940418139692766,3.288514965560374e-06,1.3985696648432628,45.095754398542304,obs
0.33719820568613207,15.942013139892689,-0.0846616453306607,1.450324636849749,7.2959230760846765,28.171370741095064,96.02487545298762,-0.04852956293707049,1.0,-0.02676270648960786,16.552387229697203,7,6.0,0.55,0.0507795754381567,3.3000000000000003,81.0,0.053489079170079404,55.45048508512208,0.0,6.648998911895632e-06,1.4279126333606351,55.450116394907084,obs
0.5580723954683906,6.797044351714316,-0.8650477333912533,0.8687596087577008,4.899554943257838,104.84817702537363,217.88726742163436,0.713163488450017,1.0,0.07183479613308373,1.179776045020737,0,2.0,0.3,0.9687191571401236,0.6,68.0,2.8161982993335606,5.762965503502802,7.912390265171326,0.9107874654196186,35.03851768946314,0.5141287592667886,obs
0.1405053734195307,-11.062375224918744,-0.6742251446545564,0.7002734900140302,5.116857482873505,37.298450797407355,187.80719557210224,0.8547673078131344,4.0,0.10072990673581124,-8.458545894019332,0,2.0,0.3,1.0,0.6,95.0,3.0,7.976880173051205,0.636804227669255,1.0,25.926260694791644,0.0,obs
0.25703256530651847,3.126630606952324,2.2193855604764026,0.9275387057750202,27.97504045514438,120.15479467421605,170.2147550022368,0.7391645502201146,4.0,-0.057144957092826444,26.071347722603978,11,6.0,0.93,0.05527336495077062,5.58,89.0,0.05849737796129346,114.85539726128658,0.0,9.333910194864181e-06,1.4679790236903476,114.85432521132316,obs
0.3982077558970217,7.990365376722524,-0.162804949027735,1.1008414501878188,12.720078898288103,38.09090178716376,179.69329131041417,0.3925961533648098,-3.0,0.02194399586199315,13.108953427368826,5,4.0,0.6,0.0234375,2.4,73.0,0.023999691009521484,36.36160392694,0.03678142411440917,3.0174851417541504e-07,1.2454977813334942,36.36159295488004,obs
0.5969784094803497,8.418905645753021,-1.1786944040741596,0.842496405084199,2.050172404706826,146.1010101025501,89.91317449933236,-0.627830103147786,1.0,0.09265600692170585,-1.9241247091148421,0,2.0,0.3,1.0,0.6,66.0,3.0,5.397171632266183,7.696186062806594,1.0,36.194452454991406,0.0,obs
0.4697425498140824,-2.9862348814136968,-0.7744463952922629,1.2115434478446838,26.77614855627637,43.07211649078573,213.7163864949632,0.24358090891283504,-3.0,-0.11602871459598532,14.659973066494112,6,4.0,0.74,0.078125,2.96,69.0,0.08470535278320312,40.712301734215885,0.0,3.725290298461914e-05,1.677642822265625,40.7107850827891,obs
0.21790973646706546,8.154611116316893,1.6505560210458348,0.817131693627486,2.519478029975129,179.77559465134917,134.62514459546745,-0.6207011890264988,-1.0,0.0012345457426139817,4.896734587690799,1,2.0,0.44,0.03125,0.88,86.0,0.032257080078125,17.121554135143967,0.06334719394340536,9.5367431640625e-07,1.3501980136335896,17.12153780675753,obs
0.4935230317114728,6.494196796858437,1.0134099497467177,1.239742009580797,12.883239264417876,10.110824527017726,128.1363113271053,-0.7437355966903793,1.0,-0.11143896530507154,9.204849306613516,3,4.0,0.37,0.033513655569314016,1.48,72.0,0.03467446204756386,23.389829660443603,0.0,1.2614998634585817e-06,1.2773956963805109,23.38980015417668,obs
0.5876677647056102,18.00762205878811,0.8404937673483854,1.1655466634065388,20.654417235237055,106.7894904739185,70.42823623202804,0.11957934228861929,-11.0,-0.0983580496926811,27.37185168706974,11,6.0,0.93,0.046875,5.58,54.0,0.049175262451171875,65.45359991761445,0.0,4.827976226806641e-06,1.393402099609375,65.45328390919009,obs
0.29181670902175333,-5.250012153739581,-0.38628179836468723,0.9791167734982222,25.779580353665803,67.42042934787665,191.14608032862054,0.2615997236348752,8.0,-0.05631000774803041,14.550032091567424,6,4.0,0.74,0.078125,2.96,91.0,0.08470535278320312,54.77709987985652,0.0,3.725290298461914e-05,1.677642822265625,54.77505927386892,obs
0.5071112833110228,-3.5518040348029767,0.8600437052594176,0.8582161242780001,20.535043577234628,48.889922526045204,192.71939084755678,0.45168854924040236,2.0,0.04771195378794704,7.3999946097768055,2,2.0,0.59,0.0546875,1.18,72.0,0.05784177780151367,18.44876141481747,0.10204907300812635,8.944422006607056e-06,1.6111692376966569,18.448596401309874,obs
0.9057260947827066,-2.1428333392196772,-0.9653416874259719,1.0538975787510192,14.054269627400306,96.96254193720387,121.88117378996266,0.24856812019304697,-2.0,-0.03220226286381347,-5.091940845810404,0,2.0,0.3,1.0,0.6,45.0,3.0,3.7216038838722323,9.479223385364126,1.0,38.78796128780236,0.0,obs
0.24484177503451932,-3.431555050271427,-0.3894210470186618,1.2099916853795158,27.33549301358669,169.19380958323083,262.1595153536942,0.26579299287137415,6.0,-0.06484181249684061,18.305606276177297,8,6.0,0.65,0.0625,3.9000000000000004,91.0,0.066650390625,72.35447384752672,0.0,1.52587890625e-05,1.533203125,72.35336980587255,obs
0.6969604774228595,-6.230145248345221,1.454706731087618,2.042609541711298,3.022303958865031,183.4790550776965,258.27363265316563,-0.4923262924961882,-1.0,0.005155456332495925,-17.73350199680017,0,2.0,0.3,1.0,0.6,58.0,3.0,5.406586096234078,18.439706570276947,1.0,51.82139137494829,0.0,obs
0.9395582128996094,-19.3387285397162,1.3114165183785966,1.3846186794636695,27.659197265988208,64.13348053882993,59.444662750256455,-0.05248834234233318,0.0,-0.11469627282664296,-9.270724548018295,0,2.0,0.3,1.0,0.6,45.0,3.0,4.166749367558849,12.381487309332963,1.0,43.009436086302486,0.0,obs
0.2798409650960937,-3.0428963160619387,-1.4728647689262049,1.4022706787759538,24.084180344419412,35.077506308538894,217.66036470867792,-0.7535583928172439,-2.0,0.04288032178339102,14.36670050137103,6,4.0,0.74,0.078125,2.96,81.0,0.08470535278320312,46.056507494234445,0.054235022341001186,3.725290298461914e-05,1.7565301274888994,46.054791755628955,obs
0.26482653605254514,2.5855064178993308,-1.2832896793628636,2.915064680067863,26.15218044528534,145.4273872754299,136.33538416995603,-1.0016845647000978,5.0,0.11313867619583101,21.825142266876774,9,6.0,0.75,0.0390625,4.5,89.0,0.04064798355102539,78.23145345090253,0.1208875736422395,2.3283064365386963e-06,1.5010203391605514,78.23127130410593,obs
0.7569144817322334,-3.452552918541375,0.1630532292201145,1.195701759268367,8.624083026535953,118.48975146391771,299.9230097869811,0.37032135492153706,-0.0,-0.007920404098801157,-9.446280929120189,0,2.0,0.3,1.0,0.6,56.0,3.0,4.905879433978521,10.783287973298203,1.0,40.68478250661557,0.0,obs
0.29266923608351664,13.547668284703768,2.589198562004265,1.1828010976790122,5.703909879391014,44.19814899212418,90.75638001485615,-0.3765621968954794,0.0,-0.020264899330020833,12.970250870937988,5,4.0,0.6,0.0234375,2.4,83.0,0.023999691009521484,47.07808877470137,0.0,3.0174851417541504e-07,1.1919975280761719,47.07807456895803,obs
0.2550485289661252,0.09363068901103805,-2.8733477467034914,1.2761885948452742,19.246197263690203,153.25767867705014,105.74153546191214,0.43624925107152673,4.0,0.03734403532155694,14.098567445725456,5,4.0,0.6,0.0078125,2.4,89.0,0.007874011993408203,38.36634111917606,0.0526516844858915,3.725290298461914e-09,1.1395763642903805,38.36634097625031,obs
0.3263399911584965,9.037203386288947,0.41749940935575636,0.7050291938871296,15.41234538763912,106.19143487221751,149.36869953004643,0.5541737889400193,2.0,-0.2028469418831545,18.08029836314117,8,6.0,0.65,0.0625,3.9000000000000004,83.0,0.066650390625,68.7090946676257,0.0,1.52587890625e-05,1.533203125,68.7080462500435,obs
0.8087225901435202,1.8299428891097784,-2.064064997359722,0.8574674691027742,15.602366979353866,132.41206390394447,102.55309014377904,-0.30965866231159883,-0.0,0.05368174565978674,1.549982066996075,0,2.0,0.3,0.8645987134595597,0.6,53.0,2.258443933720857,4.473377765665303,7.792325654312315,0.666294102968199,30.401843330584768,1.4927925400534534,obs
0.2419454802582048,5.784851169252805,-0.9514964902883183,0.839169826663228,26.04009864056366,75.0711116228608,216.83820892435884,0.29515554727764953,4.0,0.3101885803744864,26.69561765909471,11,6.0,0.93,0.046875,5.58,89.0,0.049175262451171875,98.60130031328676,0.3115712131710156,4.827976226806641e-06,1.8465965914944886,98.60082426855291,obs
0.1528993913771743,1.9546908775349359,-0.5466426270963621,1.2514965340475295,18.122103572984816,90.62402445396332,159.84519028899976,-0.3305783643068208,8.0,-0.012267622111472039,15.977601122194024,7,6.0,0.55,0.0546875,3.3000000000000003,99.0,0.05784177780151367,66.15782156194723,0.0,8.944422006607056e-06,1.4627342224121094,66.15722981847215,obs
0.42773011591589366,9.58149242332494,-0.6307625151553364,0.9414483061532162,10.087659712719338,40.16670918311373,89.63728540937585,-0.922939437313412,1.0,-0.011912503371633071,10.434201684898087,4,4.0,0.48,0.07131643103716664,1.92,76.0,0.07676518211869653,29.338939549130828,0.008446687644642977,2.5867735093720867e-05,1.6264075480690527,29.33818061721464,obs
0.8546241607610466,0.39157545092680507,-0.8006939094888127,1.049046859592715,12.401730466864777,152.52059419084148,166.7209987613719,0.0616547022212292,0.0,0.07436070000996835,-3.762607363854416,0,2.0,0.3,1.0,0.6,50.0,3.0,4.170883736904155,9.542008607834212,1.0,38.87928524775886,0.0,obs
0.5942808569171103,3.4728449566215,0.010810590564555227,1.4574747728784692,5.470891712388132,35.61720820959941,269.97269691856036,-0.23543693985788036,1.0,0.16453326681979621,-2.9634933437355127,0,2.0,0.3,1.0,0.6,66.0,3.0,5.738272443832236,13.318243092047968,1.0,44.37198995206977,0.0,obs
0.540545681694017,2.564330535550306,-0.8028833499458676,1.3485152694318814,7.000165047167922,156.76900597645695,243.94682464951427,-0.22004450529356587,4.0,0.0974967844434135,-1.7784809419156598,0,2.0,0.3,1.0,0.6,72.0,3.0,6.005387663768658,6.817748917398726,1.0,34.91672569803451,0.0,obs
0.8858497306039471,-2.0179982068912317,-2.193686077281229,0.9455185245119566,5.727101825448001,160.6115317024943,164.68380959524168,0.9876715589227627,-2.0,-0.21556068785835505,-12.501178414501359,0,2.0,0.3,1.0,0.6,46.0,3.0,3.558806741244069,8.317743995862045,1.0,37.098536721253886,0.0,obs
0.3646871905132503,2.8348762324727375,1.1698044187841647,0.7928722957498557,23.067574871495218,150.58718799074873,107.89300284832588,-0.7629284913663359,-1.0,0.05633988376627469,17.490160375488827,7,6.0,0.55,0.01496430615278288,3.3000000000000003,77.0,0.015191587575357032,56.35368139661751,0.06052448362793074,5.014485027210469e-08,1.2095683131525736,56.3536785707706,obs
0.6209051459122696,15.640703723383774,1.1293082507233208,1.4818194682445884,20.32671016727509,8.787443671454383,78.5693454696825,0.19143556768573552,-5.0,0.2571930145241675,24.587207032079167,10,6.0,0.85,0.02771286018170671,5.1,58.0,0.02850214635036956,65.34614269753199,0.26292406929567286,5.898280235339115e-07,1.6104521806875716,65.3461041545458,obs
0.2699649703256335,-1.8927785946680942,1.2647614650340033,1.307456659729418,15.788970457882147,58.26097645830134,267.16337684046175,-0.49740361857237575,-4.0,0.062244104675946516,7.457697131918755,2,2.0,0.59,0.0546875,1.18,80.0,0.05784177780151367,20.896329437512925,0.12371017991771187,8.944422006607056e-06,1.6426763022924176,20.896142531924045,obs
0.5512982630814426,2.936254249972738,-2.311101744396123,0.5732555452952404,11.733563674316839,96.32585984440368,221.74507393464802,0.4541307046336622,-2.0,-0.11546019132717496,4.039587561512941,0,2.0,0.3,0.0078125,0.6,66.0,0.007874011993408203,7.346367087297087,0.5237636612233192,3.725290298461914e-09,1.82483014863573,7.346367059929737,obs
0.7840857883345032,8.804452656086099,0.4483772288762262,0.8971971018514684,19.380851548433114,121.13115384977517,184.48409184981378,0.1492156180875329,-0.0,0.0281829624418614,13.045185294379595,5,4.0,0.6,0.0234375,2.4,54.0,0.023999691009521484,27.72633820060875,0.05020324110583571,3.0174851417541504e-07,1.2650204242301146,27.726329834227396,obs
0.5049786641965721,7.981772966609961,1.0139682837103852,1.0590118304844134,23.135539040089785,184.24830937696478,267.4473544074905,0.1896721745903068,6.0,-0.1280687251341067,20.712777315817167,9,6.0,0.75,0.0689344948604535,4.5,76.0,0.07401403372015129,74.63258134792787,0.0,2.2581167385404832e-05,1.5921122697612105,74.63089605711605,obs
0.5427584275418883,0.08201492403555675,-1.5468031026593776,1.3096953174987362,24.912063607464432,78.24316456509695,62.85637759100416,-0.47244480880112993,2.0,0.12328036892688597,14.053618563796073,5,4.0,0.6,0.0078125,2.4,70.0,0.007874011993408203,32.51303811909507,0.1458349452488815,3.725290298461914e-09,1.2751156526729115,32.513037997974564,obs
0.29049765087304547,-16.683720920701532,0.013759872273193715,1.3706271459426398,16.22242193336467,175.62954716092105,214.27210722055844,-0.3827939566441617,-3.0,-0.09558825880279255,-7.465221628840221,0,2.0,0.3,1.0,0.6,80.0,3.0,6.956506879741855,1.9504368214166605,1.0,27.836999012969688,0.0,obs
0.25099593491596295,3.6169197305392635,-0.17439996796554863,1.1033465987909192,23.317013167312222,36.86871118668313,88.51232435157263,0.46362525367294305,-2.0,0.007424363469202304,22.287371446032083,10,6.0,0.85,0.09375,5.1,83.0,0.103363037109375,86.77249292149429,0.0097907282223525,7.724761962890625e-05,1.8411453561075126,86.76578995296684,obs
0.24990735929412516,-15.53631981036137,2.7632259878523957,1.2247487144136833,15.29395478873007,77.39969506418225,62.55590907431649,0.8853988608637814,4.0,-0.08577800019918477,-4.54917479311533,0,2.0,0.3,1.0,0.6,89.0,3.0,8.80230400785437,0.5515000497179822,1.0,25.802181890498883,0.0,obs
0.8708251250831834,10.289560616588618,2.8867440555188595,1.0224662898922279,14.337782318885163,15.194992110157985,155.71429770187194,0.24015390861209357,4.0,-0.0546448057547991,8.548792461589539,3,4.0,0.37,0.06896836395262662,1.48,53.0,0.07405305652840607,18.642895628432615,0.008471265029265984,2.2625578676049862e-05,1.6047462922698172,18.642473822130825,obs
0.3788184780326499,1.186317098352824,-2.496534589995301,0.7918137554045956,24.501228246174605,149.78541175584633,134.5960910363755,-0.4487103603857164,0.0,0.1486150645860495,17.267686178938547,7,6.0,0.55,0.021916624794979134,3.3000000000000003,78.0,0.022407490634799798,47.14814522024907,0.15471405776675198,2.307250192012944e-07,1.4042985545573103,47.14813434199236,obs
0.4156619036213059,6.997718139103923,3.740890508591984,0.9134700954826864,12.045722342881264,34.37728769941803,284.11687451780006,0.16946926123103412,-1.0,0.01034571648936973,10.741232682494731,4,4.0,0.48,0.04273306121991455,1.92,74.0,0.04463721120476959,35.18204583475657,0.023576171982850173,3.334694244627734e-06,1.3913903034313935,35.181928513390815,obs
0.6826986067555766,-6.314777967267358,-1.3728385817299857,1.0066004274741365,12.293729655058259,55.118903051449266,117.47447762299042,1.2137360221688047,4.0,-0.05592024737257201,-5.8609129044282104,0,2.0,0.3,1.0,0.6,64.0,3.0,5.179635506101014,9.0286486105815,1.0,38.13257979720946,0.0,obs
0.3772606570904063,-10.867552313100381,1.4710099414911386,0.9880586263338705,9.92769497740782,156.17048417767688,250.02360994404066,0.05121140535945585,-3.0,-0.11452279708867229,-9.080870782775357,0,2.0,0.3,1.0,0.6,75.0,3.0,6.996587722313492,1.3126929729861931,1.0,26.909371597070827,0.0,obs
0.3838014404080356,1.8252806889881703,1.4557469712955964,0.5203874678622413,15.486244935660034,109.26975989742844,232.18329012645307,0.7309204296967997,1.0,-0.18717014863994363,9.90854639933979,3,4.0,0.37,0.011523121421617932,1.48,78.0,0.011657433815795376,25.96154327297772,0.0,1.7631146431718037e-08,1.093259470526363,25.96154281524595,obs
0.431135077105207,-0.23522407969299383,-1.49353534026271,0.8713667994619212,16.166100875925977,7.7246802866002,210.3394449158048,-0.370164682919356,7.0,-0.12512806335226867,7.093067485601459,2,2.0,0.59,0.0546875,1.18,81.0,0.05784177780151367,18.413145507207517,0.0,8.944422006607056e-06,1.4627342224121094,18.41298081226363,obs
0.5114173417348137,-3.44078578310016,0.7399016907586485,1.0196609900594025,19.171989778071882,5.435864925742441,278.50812769921606,-0.02104302581819339,1.0,0.011195924144437793,5.698336258264269,1,2.0,0.44,0.03125,0.88,71.0,0.032257080078125,13.540687648337506,0.15284615155283027,9.5367431640625e-07,1.480378315610935,13.54067473493147,obs
0.6632419642315316,0.5926289651293464,-0.16130061639909593,0.9071300772315248,13.193060062848833,104.57882318927993,140.13964048296236,0.3097826030627713,-3.0,0.09802337687226637,1.1352384390913055,0,2.0,0.3,0.9812453588077762,0.6,58.0,2.8888725024185593,5.05749292042076,8.28487232388677,0.9474863418957671,36.16170339954741,0.26558745408755424,obs
0.26301799104792395,19.37205124422582,0.831495006948586,0.9180510582784598,7.663769588973583,64.466325181093,135.21122021537371,0.19866415413143204,1.0,-0.05603514924222011,21.64768228584192,9,6.0,0.75,0.0390625,4.5,85.0,0.04064798355102539,83.15746433529037,0.0,2.3283064365386963e-06,1.3251838684082031,83.15727071923091,obs
0.9082281614290438,5.841678831583404,0.34600845357093857,1.1841736263386378,24.537893622760773,40.16073196905954,73.45580436700753,-0.3831943400555804,-2.0,0.15705436007190146,13.086902854011676,5,4.0,0.6,0.0234375,2.4,45.0,0.023999691009521484,22.989612048510487,0.20159935860242842,3.0174851417541504e-07,1.4852329587706132,22.98960511142921,obs
0.5921026845821029,7.346490241043233,1.7945092280553703,0.6881408532567526,10.996022548188375,124.65081785464163,104.45576038366868,-0.4047587285652998,-5.0,-0.07175004222282269,6.283348097040859,1,2.0,0.44,0.0078125,0.88,60.0,0.007874011993408203,12.06862164529705,0.059542726112040895,3.725290298461914e-09,1.1495996975647798,12.06862160033793,obs
0.3550613668330224,5.907558240873489,0.11309931471909339,0.5689456509019652,25.996528915844543,49.545111984898284,267.5396431364351,0.49414220155132926,2.0,-0.02380117228798793,24.965674430087713,10,6.0,0.85,0.0234375,5.1,81.0,0.023999691009521484,86.92863487602416,0.0,3.0174851417541504e-07,1.1919975280761719,86.92860864543775,obs
0.8842124935251735,10.35623500696535,-0.25181110413946683,0.8863799760168757,7.391186658687849,120.48039418856484,158.08317588606937,0.5957754063250725,4.0,-0.1079576720337252,1.3099125634595263,0,2.0,0.3,0.932118261329214,0.6,52.0,2.6108284954248813,4.648888929071241,7.891621611518571,0.8164398991558021,33.36535030742606,0.8533505206337924,obs
0.7602726894428304,-1.3305017103052141,1.6440963495857706,1.3030360890160337,16.561494382141994,78.9568603643232,122.16539699149182,0.75607177906096,-1.0,0.0990761734567856,1.4216964636024514,0,2.0,0.3,0.9006790394140164,0.6,54.0,2.4425530824981525,5.388914953485588,11.858976876826478,0.8277972923406702,37.789845571732826,0.9279857463360693,obs
0.8111881708009158,-14.383329153727056,0.870593947287905,1.7942471536822597,15.951992431765758,41.415512445609,88.3502548721862,0.9019652416264339,-1.0,0.2097510614044568,-12.746095940929596,0,2.0,0.3,1.0,0.6,51.0,3.0,4.624635748457657,16.402831623386838,1.0,48.85866417947176,0.0,obs
0.973475515285742,-1.3201029310420687,1.0977200914813319,1.3111926850739948,23.54484404610188,31.93042388440599,160.93926756577605,0.06730971816129823,-3.0,-0.17618169609361978,4.016117283829675,0,2.0,0.3,0.0078125,0.6,40.0,0.007874011993408203,5.3103533951049515,11.657332286699173,0.48610341609328955,18.019111785691518,2.728972469081836,obs
0.7523432280065728,5.682149969975512,-0.9968800083878953,0.601323941077131,5.610136055521574,51.187817609821174,223.4996500254228,-0.1555996221157967,-0.0,-0.03461620686346983,-3.3811683088034994,0,2.0,0.3,1.0,0.6,56.0,3.0,4.623655677959139,5.392332361357632,1.0,32.8433925256111,0.0,obs
0.5667526591354218,-6.788602765805516,-1.567894172097711,0.9226600954485349,25.658366495853993,10.81726106253209,107.40684687341036,0.6754954693892344,-2.0,0.12647798470500352,8.848634619025976,3,4.0,0.37,0.0502282291128493,1.48,65.0,0.05287782365617586,18.471758141321654,0.18471914857199329,6.364898264665797e-06,1.6917049871723062,18.471640570460316,obs
0.7080993700732455,-1.2345616534253123,-0.8515832148790523,1.0929721815432167,15.817132476473825,65.08475759707234,234.58346061941663,0.35653464092579334,-3.0,-0.14469455214256013,1.1347668897261767,0,2.0,0.3,0.9813779820667187,0.6,55.0,2.8896485528729072,4.628650453386838,9.719379386284961,0.9548167921939077,38.25446753030684,0.20913727529714088,obs
0.7812983230640933,-4.842388201016192,-0.931232078520883,1.0634510927151064,17.238843981773528,180.88116458544988,200.04269917572796,-0.4912276293337957,6.0,0.05666839069710864,-3.5371887355386122,0,2.0,0.3,1.0,0.6,60.0,3.0,4.971030534013177,9.654314502450935,1.0,39.04263927629227,0.0,obs
0.09804379532563604,10.514204762901914,1.1792989029793715,1.205410987540181,15.264323625741945,167.11561454719052,242.64189188572016,-0.5168178327594557,2.0,0.12214722002075706,22.077509464351465,9,6.0,0.75,0.03550839179930276,4.5,96.0,0.03681400829727133,95.5417088346483,0.1242665266464764,1.589732353757256e-06,1.4752633778639546,95.54155694890264,obs
0.10812422883655738,5.246199107845946,1.4639760754410776,0.7278392441392318,2.936647577742928,77.54073256033348,97.74559979622632,0.24596510067815455,2.0,0.007822881435683717,5.675042402655917,1,2.0,0.44,0.03125,0.88,95.0,0.032257080078125,18.750353451107348,0.05213208357183664,9.5367431640625e-07,1.3338851258203988,18.750335569376837,obs
0.2355254260756802,4.560784344507713,-0.23269543429860057,1.0227519101104303,14.924357206971552,117.28755562345174,200.37759907792224,-0.08863733074199981,3.0,0.055026307094013266,13.962532884913529,5,4.0,0.6,0.0078125,2.4,89.0,0.007874011993408203,44.28180935526212,0.06403397274684562,3.725290298461914e-09,1.1561324199426775,44.281809190299526,obs
0.669450532879556,4.3512091918468,2.1463785282365286,1.1567381440045021,8.852291229601754,115.6353090077414,71.50852546198732,-0.01321497737034877,2.0,0.17609023861276074,0.2745670200779457,0,2.0,0.3,1.0,0.6,63.0,3.0,6.061998370935916,5.3115528087870185,1.0,32.7258949945993,0.0,obs
0.3811493240377567,-0.2607447678648886,2.0527040906476945,1.3311201532998265,10.909892689823618,166.60382014277388,128.22518518445193,0.5362666823550973,-1.0,0.19484265541011467,3.1411948431441346,0,2.0,0.3,0.022903624463102,0.6,76.0,0.02344021516866543,10.521839591004614,0.5758717416825192,2.7517999401371895e-07,2.0251533456148056,10.521836695604858,obs
0.1368397110942475,1.3828939776925246,0.36509837460080885,0.7564574749432759,18.876641578865637,51.0765697958083,225.57722560755636,0.37951857249251786,1.0,-0.006196721303448301,17.197099448793757,7,6.0,0.55,0.024122460112003807,3.3000000000000003,93.0,0.024718389886515525,65.38308656338376,0.0,3.385995587246171e-07,1.1977471190921243,65.3830644246995,obs
0.3674940432740611,-8.296292063726224,-1.23283765731456,0.8873055802575788,14.940125366326754,62.795560314637406,200.5504641065827,0.6649366242092158,-1.0,-0.053237784929923315,-0.29269642907888493,0,2.0,0.3,1.0,0.6,77.0,3.0,6.278586518921866,2.6921255748685633,1.0,28.915819017990636,0.0,obs
0.5362524927433157,-15.305093851253973,2.36306497415331,0.3919465034646859,4.423673529353971,63.848159580394245,80.72239584113093,-0.9657680531866832,1.0,-0.09199801110736966,-22.197423099162776,0,2.0,0.3,1.0,0.6,69.0,3.0,6.704292651216858,0.642240530985206,1.0,25.93416804506939,0.0,obs
0.681782684374937,1.0505679124151686,-0.09152602654261235,0.8063150430600126,3.8990731438057322,12.969648005476495,261.75252146498286,0.1266989586106004,1.0,0.09769641504287126,-8.025717138055903,0,2.0,0.3,1.0,0.6,61.0,3.0,5.27643210206874,7.374689678659478,1.0,35.72682135077742,0.0,obs
0.30142124347419363,2.267931793905011,0.1892477946464619,0.8338826051232175,6.827100086051629,66.36413334139247,44.40476523319911,0.3473442611986034,-1.0,-0.13717755577909682,3.4375742010802552,0,2.0,0.3,0.013641769527598227,0.6,81.0,0.013830406107774175,10.281244082465042,0.11939707533189739,3.463241937673445e-08,1.284311722072226,10.281243726400685,obs
0.5803538931422866,8.464851978977643,-0.509407538409853,0.7024406016564535,6.963013810877815,176.19318643466136,190.70823589949538,-0.763292928343842,-4.0,-0.02525740379912024,2.8695351425516247,0,2.0,0.3,0.06321495053308966,0.6,62.0,0.06746369566242494,7.536756795487241,0.6668624611393439,1.596905474432475e-05,2.509691326956627,7.536636440605379,obs
0.5549692853271866,10.999350712576573,-1.3346854894457962,1.0590473013882162,17.815819681255487,182.8375912764388,295.6315350625337,-0.32744782065498607,0.0,0.010268977095446595,16.95462552814647,7,6.0,0.55,0.03192465519834736,3.3000000000000003,67.0,0.03297637589319889,43.119173789514036,0.020143839601846056,1.0387352299412456e-06,1.2931111374755488,43.11912900010913,obs
0.8991409816135325,10.989989394992627,-2.2029591454729376,0.9808065200362331,6.623176065184113,26.378892424867324,173.50627759754212,-0.4202425811644595,-1.0,-0.05030025127187546,0.25887786769008897,0,2.0,0.3,1.0,0.6,46.0,3.0,3.5569534066496153,8.801478592055119,1.0,37.8021506793529,0.0,obs
0.5338484342208252,-6.9861651530571445,0.9493024853359321,0.45720900822520644,24.924705005144034,94.32141561559412,246.1813913890436,0.010849085529958093,-6.0,0.02798202650191239,7.1442833986189545,2,2.0,0.59,0.0546875,1.18,63.0,0.05784177780151367,16.2117396644615,0.06780379393888507,8.944422006607056e-06,1.5613579226868513,16.21159465982048,obs
0.7498162980972818,-2.465855244648385,-1.1751015808449305,1.0775114295961419,7.4537771759487415,79.36303580958963,190.69886276105757,0.8139269843470319,2.0,0.2564513318292758,-8.73209592201984,0,2.0,0.3,1.0,0.6,58.0,3.0,4.743874401627077,9.980991983934446,1.0,39.51780652208647,0.0,obs
0.7426691928850321,3.362340071169657,4.5892968434952355,0.7250019662343488,4.369417581085949,100.42504334156064,241.433845029208,1.0112947023324503,3.0,-0.012159859034654243,-5.835166940164682,0,2.0,0.3,1.0,0.6,59.0,3.0,6.303339059811847,2.1533741839086655,1.0,28.132180631139878,0.0,obs
0.14444974737398134,17.723332744195243,-1.6291103739187185,1.1832295311286978,24.76939642535082,113.17030719144205,207.01041654592754,-0.40714377653664113,8.0,-0.043540562742738965,38.29217164956842,11,6.0,0.93,0.015625,5.58,99.0,0.015872955322265625,106.3055843274376,0.0,5.960464477539063e-08,1.126983642578125,106.305577991131,obs
0.30161475928009857,10.360694425997412,-1.886073712472055,0.6414357231012033,9.678516977995058,8.950458203460483,216.60564392513274,0.2632786252467871,-1.0,0.10153318243818528,14.146513440775424,5,4.0,0.6,0.0078125,2.4,81.0,0.007874011993408203,36.93052762548514,0.10989135517627253,3.725290298461914e-09,1.2228340671127529,36.93052748790821,obs
0.7708173982045061,7.835780133988662,0.7652080734201617,1.0104487810715101,13.06098837567713,169.23723834462635,91.5090107933237,0.27939892607115757,-2.0,0.023958364414552194,6.212050376318372,1,2.0,0.44,0.009344488584091551,0.88,53.0,0.009432624006751367,10.154769778935348,0.34728493791599374,7.624689324359224e-09,1.5806027199318202,10.154769701508384,obs
0.5362341337297923,-2.714515688845034,2.293970218450943,0.9065667156814109,26.9346859843235,194.864494268801,230.29164666468776,0.19381288575737388,-4.0,0.14393357712113763,13.292246524532906,5,4.0,0.6,0.0234375,2.4,64.0,0.023999691009521484,35.826740562809825,0.1565536574283843,3.0174851417541504e-07,1.4197119388810946,35.82672975214409,obs
0.5070806368539267,-6.182397418085872,0.09688448541483247,1.110707914576328,26.55359969810212,132.41393834071025,94.23566939936931,0.19948981736961702,1.0,0.016468761981971843,10.451769073130182,4,4.0,0.48,0.06987027459784106,1.92,71.0,0.07509322643864672,28.445467289593783,0.04220738272755164,2.3832510900434478e-05,1.6621383682037942,28.444789362684535,obs
0.27074952499007593,5.522355183682676,0.8583636302809114,1.04414294866051,20.587839120887864,133.78818650620698,294.77287428849877,0.15187125122566403,1.0,-0.02484232079710333,19.98356394537303,8,6.0,0.65,0.015625,3.9000000000000004,85.0,0.015872955322265625,72.43029677639376,0.0,5.960464477539063e-08,1.126983642578125,72.43029245921166,obs
0.8307594812615263,-7.70462884964052,-2.7653211261880646,0.9154024603063875,3.7924127450464225,107.95607227698815,91.50254155952527,0.8437850604032099,-3.0,-0.17837248880945555,-18.92518652860865,0,2.0,0.3,1.0,0.6,48.0,3.0,3.5943219940970548,8.083134715455685,1.0,36.75728685884464,0.0,obs
0.6603015579098336,-1.6690544568621184,-1.01626731853765,0.5873230085251522,17.426843260696334,70.18331528430444,93.9046809713672,0.5512332571840288,-1.0,-0.16197346938117402,3.657910164790316,0,2.0,0.3,0.0078125,0.6,60.0,0.007874011993408203,7.167385541635336,0.5813461580170778,3.725290298461914e-09,1.9085865076084696,7.167385514934744,obs
0.2510263664566988,-0.8034456430134584,-1.6104235937063505,0.5994637045526664,27.7160263110987,34.05067571500661,261.84174253064333,-0.5300769487991336,-6.0,-0.18356986904271028,20.910496337779644,9,6.0,0.75,0.05966641570596237,4.5,79.0,0.06343891415178934,67.99664631932345,0.0,1.2674177888527538e-05,1.5075113132143148,67.99578451773218,obs
0.1907643304361418,11.150384623859654,-2.842568774921822,0.8168789420251984,26.619821939023492,118.89235182572988,95.60618272996116,0.39786054044027463,3.0,0.037933916628423964,33.78201759318929,11,6.0,0.93,0.015625,5.58,91.0,0.015872955322265625,91.26081765623744,0.03951254467900874,5.960464477539063e-08,1.1844564348385014,91.26081221666881,obs
0.794276194278496,-2.482881120717743,0.17547035103583042,0.997135873529405,4.756064805518514,13.763573684295377,127.44375424264639,0.4461866872557261,-2.0,-0.13622494798674598,-12.144824397343626,0,2.0,0.3,1.0,0.6,51.0,3.0,4.47060594743987,8.862926310616126,1.0,37.891529179078006,0.0,obs
0.17070696308246863,-17.074747470008308,-3.36424143241565,0.8100143870934162,12.295149880349586,165.77800069991542,222.9528435183373,0.15748364357589445,-0.0,0.1255577365919383,-9.076479537229845,0,2.0,0.3,1.0,0.6,90.0,3.0,6.505155246772638,1.999245870942529,1.0,27.907993994098224,0.0,obs
0.6213931070244737,3.531112533637278,-1.983293949131173,1.2418221364045354,10.203955393473823,87.07778139677002,72.86211665258607,0.5657121852513647,-5.0,0.003024656485595373,2.3480363808318954,0,2.0,0.3,0.2439133857709313,0.6,58.0,0.3179184450257772,6.283651102832896,3.8173696286634606,0.0035395050704211117,9.095885201898524,6.261410087893662,obs
0.6750256601127794,-4.893152971727485,-0.8057906910201271,0.9078056512883087,5.372930779527544,85.8770737115851,72.9493738034256,0.09403701714951859,-2.0,-0.024418691910166886,-12.339961391942776,0,2.0,0.3,1.0,0.6,58.0,3.0,4.836940745862927,8.168527310966812,1.0,36.881494270497186,0.0,obs
0.8160785123357385,0.2984171710642277,-1.2469287539266145,0.7158460036511675,20.064756092467782,68.79831740280163,161.3167742819871,0.10023386053812537,-1.0,-0.08438550752043382,4.8420237459459186,1,2.0,0.44,0.03125,0.88,51.0,0.032257080078125,8.794643864291267,0.28928451162677127,9.5367431640625e-07,1.678834112082122,8.794635477065292,obs
0.666849920378606,-0.6069329058948655,0.5946127533106016,0.9081593848854497,9.120057473366156,194.02400829622434,95.79812364283625,0.06062027233852165,-0.0,0.062225874827020626,-4.595267483792604,0,2.0,0.3,1.0,0.6,61.0,3.0,5.458282538687768,8.258364323418197,1.0,37.012166288608285,0.0,obs
0.4602651355822746,-1.915927970724378,0.45837028785371997,1.0813823132119107,10.966510881257744,39.10880579029018,93.62764800363907,-1.0091220428998344,2.0,-0.08044978195424114,-0.8627324342184635,0,2.0,0.3,1.0,0.6,75.0,3.0,6.666606869662678,2.0225792613920164,1.0,27.94193347111566,0.0,obs
0.7080979103356375,5.532384072492928,1.3406981189031852,1.1191207898028166,4.349330794236867,34.50502518766618,32.49450878299842,-0.040199196952937,5.0,-0.09853780040698808,-3.2804497805765926,0,2.0,0.3,1.0,0.6,63.0,3.0,5.841464195443223,8.387509650733382,1.0,37.20001403743037,0.0,obs
0.575778764164542,-10.73005414846895,1.1285755990690172,1.9168622769980783,14.947156528245305,37.27864280128088,130.02138962344594,-0.33412528722728535,2.0,0.11883499206053488,-7.19030146913858,0,2.0,0.3,1.0,0.6,68.0,3.0,6.242401232166323,6.374823329445043,1.0,34.27247029737461,0.0,obs
0.6296328968909383,-3.6190995746805217,1.7112191840420712,0.7931705647576185,6.112364454953468,133.41285915589899,115.92764974696887,-0.5932239890962786,3.0,0.03546211607750226,-10.489012472357654,0,2.0,0.3,1.0,0.6,66.0,3.0,6.225879266706684,2.690048642548676,1.0,28.912798025525348,0.0,obs
0.7096912838106965,4.788265391821669,-0.0028776000135812352,0.9748674606404409,13.234351013066718,198.41958715227167,38.41206892320101,0.7170091423697613,5.0,-0.023492942824827223,4.988923424698812,1,2.0,0.44,0.03125,0.88,63.0,0.032257080078125,11.584671738886085,0.18568701555665204,9.5367431640625e-07,1.5281468450710394,11.584660690882183,obs
0.07510503587737481,-4.2985934274105775,0.4552003512250046,1.1590650227496035,5.726897774685839,50.91765822834216,197.73295811768915,0.2521037592672289,2.0,0.06414329847337166,-0.5979709218203593,0,2.0,0.3,1.0,0.6,97.0,3.0,8.620808920436964,0.7157536663428257,1.0,26.041096241953202,0.0,obs
0.5404405149990237,-11.261646964889803,0.767270552878787,0.9919188781695321,26.80009713870379,181.59539242816012,199.19689914090557,-0.014915540472273904,-0.0,0.0008931873110698614,4.416355409921448,0,2.0,0.3,0.0032461783756554813,0.6,68.0,0.0032567502568716746,8.892354678095959,0.4982333249622363,1.110426195438663e-10,1.7507570201818625,8.892354677108528,obs
0.6479003468582196,4.679887402797151,0.21248504608653856,0.8407850730828119,5.769545863125708,59.33022904559362,49.1161273788879,-0.28240167555121315,3.0,0.03830131504516837,-2.061759176913466,0,2.0,0.3,1.0,0.6,65.0,3.0,5.708284569912026,7.626386599617538,1.0,36.092925963080056,0.0,obs
0.5381695778516243,7.861662413090773,-0.5957914648756109,0.5846871104988246,15.569066000116464,131.34048442443353,115.60122198555233,0.1480847923143701,3.0,-0.0816847902375455,12.843405782831617,5,4.0,0.6,0.0234375,2.4,71.0,0.023999691009521484,34.59347500438693,0.0,3.0174851417541504e-07,1.1919975280761719,34.593464565857246,obs
0.5086937555214479,-0.31496645350104435,-0.49866380150965534,0.8378147356582903,7.121475458293675,12.897295627006706,265.6574936387574,0.4957180466587566,2.0,0.20703986089106224,-2.689963183177491,0,2.0,0.3,1.0,0.6,72.0,3.0,6.100555930782911,3.6658004720543143,1.0,30.332073413897184,0.0,obs
0.5086964614589883,-13.725919189286728,-1.2263375974949482,0.6893946217992903,3.98540689028784,101.65252504235686,187.18510842603618,-0.4134829217734704,-5.0,-0.05796199676762251,-20.42525963937855,0,2.0,0.3,1.0,0.6,65.0,3.0,5.301941209535047,6.1638244649709675,1.0,33.96556285813959,0.0,obs
0.31580423806417013,4.941788226891713,0.6324252448647445,0.5498476169257602,7.260024089894552,132.64114342440143,141.23317548323672,-0.0024141861383050038,-3.0,0.15560163269499772,5.397697382151434,1,2.0,0.44,0.03125,0.88,78.0,0.032257080078125,14.798597590351529,0.21603818984611875,9.5367431640625e-07,1.5722940076739,14.798583477309087,obs
0.5979621064434044,-11.619215169937815,-0.14102276112773332,0.7590928052108254,3.4241267921513385,109.58235655841257,155.5775206853059,0.43403324942558624,-1.0,-0.01888688493044765,-19.599636059415044,0,2.0,0.3,1.0,0.6,64.0,3.0,5.522165257043654,6.831925682097246,1.0,34.9373464466869,0.0,obs
0.4264632674944544,2.16159493793716,-0.9947606259551474,0.6957789900474577,5.624331961145709,51.37790005194927,86.23559849766738,-0.968000564542065,3.0,0.08070971156549624,-1.5163413266200787,0,2.0,0.3,1.0,0.6,78.0,3.0,6.440810088555614,1.8174074316226727,1.0,27.643501718723886,0.0,obs
0.08834231914724626,-6.212246773195119,-0.993367228986889,1.2241290254017363,14.830588101843642,166.55690491224354,249.20800519114056,-0.02878488120270202,-0.0,0.07342234990261363,5.570538273076149,1,2.0,0.44,0.03125,0.88,94.0,0.032257080078125,16.428908666224753,0.17654096392319507,9.5367431640625e-07,1.5148434972405564,16.428892998396513,obs
0.7359122063121699,-8.118875000368757,-1.815598091674183,1.2314893868615455,18.94720354749693,194.17661969145686,276.7812704717612,-0.2146456852737693,4.0,0.11468517551500457,-4.176569047277118,0,2.0,0.3,1.0,0.6,61.0,3.0,4.819493554048007,11.228876891940443,1.0,41.33291184282246,0.0,obs
0.705201087815005,-3.0933701195578314,1.4682620118557996,0.731167307425814,4.27083519186637,94.54323865995273,275.8792914075118,-0.06691492887751699,4.0,-0.08406237071641448,-12.82722263108217,0,2.0,0.3,1.0,0.6,63.0,3.0,5.876381512072804,4.915982267762266,1.0,32.150519662199656,0.0,obs
0.5530736526772653,-1.2830828949908188,0.11792650429768134,0.9137979054897237,13.466484221510981,129.00425671190447,90.4622857569209,-0.2508142781859515,4.0,0.10756354012788621,1.0077719517708095,0,2.0,0.3,0.9880105898185184,0.6,71.0,2.9286367993078755,6.252189630953236,3.0464719893267627,0.952897961959035,28.860326378938296,0.29449087383648637,obs
0.44538885030118336,-4.509457752705138,-1.2942000293599052,0.5253376182417189,17.11242259418715,159.13058732738665,113.89987229964336,0.0688123026036478,4.0,0.18464398509114405,3.5291639307831293,0,2.0,0.3,0.010779590474383413,0.6,78.0,0.010897042628965304,9.17702973294147,0.42011345366490815,1.3502340245885591e-08,1.6982504554534068,9.177029609030093,obs
0.5992548754236103,4.120922947506054,1.2128216244030274,0.8426156282277525,8.0898675814876,52.09036682124982,73.36814919857494,0.961813610211359,-3.0,-0.02586929792418571,1.7660164429833434,0,2.0,0.3,0.7062789335119284,0.6,62.0,1.557421937756901,6.7166333154817925,1.533731860721796,0.24883130098205242,15.690258208559639,5.045324709371062,obs
0.5266579107578468,-3.1224856492118365,-0.8406732146915594,1.1482182403490095,11.67403869941666,173.56782447611315,112.94430608072456,-0.1619612369642755,2.0,0.0034706067142122408,-2.2523903212921526,0,2.0,0.3,1.0,0.6,71.0,3.0,5.910321980047217,7.164639267205337,1.0,35.4212934795714,0.0,obs
0.2711095734041442,6.861336101702753,-2.109750940518349,1.3307821706171368,3.8677066130738247,59.639176535449515,119.85745047310208,0.14585550454705332,-2.0,-0.05234466424801542,5.202891157751497,1,2.0,0.44,0.03125,0.88,82.0,0.032257080078125,13.489812612535834,0.13440500715279874,9.5367431640625e-07,1.4535548328472527,13.489799747648012,obs
0.41974756840445004,1.968212159504356,1.5318334338286994,0.7811354171503344,7.723408086060468,156.28700668547157,200.93854900745157,0.9973732092045564,-5.0,-0.03464362521850999,1.8188694855810872,0,2.0,0.3,0.6550775484953641,0.6,70.0,1.3653153405852536,7.881440750029168,0.5948282301760244,0.18414963414381158,12.787727423119883,6.430076319385169,obs
0.25424962726941375,-4.8829004461741565,-0.8056454843491696,1.4396113943375068,14.135576073892441,26.859350323152302,81.20452301799365,-0.27500778918627766,-1.0,0.17114227989324904,3.886512031534986,0,2.0,0.3,0.0078125,0.6,84.0,0.007874011993408203,10.145669341371153,0.6331100307233337,3.725290298461914e-09,1.9838794133630238,10.14566930357559,obs
0.4448260407127724,-6.061579186826002,-0.6133486353131843,0.5915251465168366,27.75149665205838,61.23540716576309,278.23716957929076,0.9073376744644845,4.0,-0.10042345261302042,13.47808565232017,5,4.0,0.6,0.018261071043286725,2.4,78.0,0.01860062721831971,38.000377294596554,0.0,1.1120005039000347e-07,1.1488050177465576,38.00037306895268,obs
0.3737054723645079,-11.53247409333207,0.06177003052376623,0.649085423670442,27.90289163641747,109.05588711827421,57.836856923033686,0.0026615033135536175,1.0,-0.0942118821850772,8.851062555386418,3,4.0,0.37,0.050076483090321644,1.48,79.0,0.05270971175009119,24.435831748497254,0.0,6.288329379655622e-06,1.4216776940007296,24.435678087938552,obs
0.8461594279924013,2.0351322450677567,1.7138838341851723,1.2786873980398612,27.470163709231485,107.35980866234145,31.857062979269923,0.8909481129324631,7.0,0.1610900936414377,14.479716276574878,6,4.0,0.74,0.078125,2.96,57.0,0.08470535278320312,37.984820403387744,0.17676371031019808,3.725290298461914e-05,1.934753673625913,37.983405358558365,obs
0.45875620189973587,-2.482112830759507,0.030055936299467543,1.78406304863365,13.000246043808517,170.8340809748414,260.83518473024395,0.37510056247315954,1.0,0.06245484258883624,1.1763814853152288,0,2.0,0.3,0.9696738770572977,0.6,74.0,2.8216940671360438,6.561029412408212,3.938654813167272,0.8841028358706363,29.302504992604383,0.7604047026674571,obs
0.1312385195200759,-16.6053686964446,-1.7986756892178453,1.1864075252181119,4.097689838781291,199.2448152395284,220.0178480968334,0.15355418129121085,8.0,0.21203702490425244,-16.178342101099453,0,2.0,0.3,1.0,0.6,100.0,3.0,7.908161597098452,1.1542912952991733,1.0,26.678969156798797,0.0,obs
0.593258270497548,-3.7500041093858005,0.8158155061682704,0.9861221845498757,10.412909368482671,25.90611494272742,125.94716499611958,-0.03281534094329327,1.0,-0.045043863782585326,-4.685127309349551,0,2.0,0.3,1.0,0.6,66.0,3.0,5.96911454307915,5.281399369833619,1.0,32.68203544703072,0.0,obs
0.7360550736274519,-6.307238204784664,-0.7274845863925861,0.46746352429993765,8.180573759645409,57.920685900882226,190.78492059573188,-0.3120207199396053,0.0,0.012628113723756938,-12.633257553485658,0,2.0,0.3,1.0,0.6,57.0,3.0,4.772938127604429,4.231486420530691,1.0,31.15488933895373,0.0,obs
0.7367192736410112,11.029743145194622,2.8318859572941992,0.4962893222460052,2.367290947656219,74.73165099349978,90.35690722659301,0.03789577498217638,-4.0,-0.06606769437718045,-0.6000703069787056,0,2.0,0.3,1.0,0.6,53.0,3.0,5.257632221476229,4.412943438893013,1.0,31.418826820208018,0.0,obs
0.3248077609569906,-11.919450283253168,-0.0016795829968352556,1.0458487728627974,4.47607386749776,98.38908952295098,75.46520513425152,0.4486807295100121,4.0,0.014330116864769597,-13.659875715272365,0,2.0,0.3,1.0,0.6,85.0,3.0,7.385586609175996,1.1502110088006026,1.0,26.673034194619056,0.0,obs
0.5379700441598945,-10.089455598138377,-3.3525532468479993,0.8833475564145736,13.782990311275718,101.31239991510782,157.21026648745516,-0.006555715498335287,-2.0,-0.1774096697284304,-7.04637910787631,0,2.0,0.3,1.0,0.6,66.0,3.0,4.7737988689383455,7.79480202691309,1.0,36.33789385732813,0.0,obs
0.14968313198265235,7.7697875017398985,0.536047458233511,0.6817634396062334,10.831224058911722,171.95803731394125,125.36071402465943,-0.15831140253092885,-2.0,0.06849545566550082,14.557817334940829,6,4.0,0.74,0.078125,2.96,89.0,0.08470535278320312,56.09247170453668,0.07212906821046268,3.725290298461914e-05,1.7825578305717524,56.0903820971301,obs
0.09328997128219654,9.497342102247742,2.9168966883903424,1.022960783985568,6.689196762496559,155.25906404309444,196.11211364452888,-0.12539126708888645,4.0,0.03234740834923381,13.079489614739906,5,4.0,0.6,0.0234375,2.4,98.0,0.023999691009521484,56.39255746847677,0.03773851969690624,3.0174851417541504e-07,1.246889920362581,56.39254045210634,obs
0.6131645174029312,-5.21488057107949,2.3638804328180845,1.040688668870139,20.618599237127423,8.676057912400896,88.9002798314785,0.49623830679152664,4.0,-0.005755466246591889,4.435928654193767,0,2.0,0.3,0.0029403464339004953,0.6,68.0,0.0029490174922202138,9.57645020954207,0.397452878957629,7.474698637821575e-11,1.6017054184215858,9.576450208826259,obs
0.4347686316740367,-4.424600759662376,2.746431433134848,1.3870167997571416,11.285005493312083,93.72924331372164,208.99047915136705,0.6125807275499279,4.0,-0.03903643245996648,-1.480895735261544,0,2.0,0.3,1.0,0.6,78.0,3.0,7.70868717671894,1.1931104224911777,1.0,26.73543334180535,0.0,obs
0.9027543264092143,4.31364777587319,-1.5296402780721952,1.0484579010136812,24.148564249410153,125.52439845759731,237.05261048175956,-0.3335752568841852,-1.0,-0.08947539873680996,10.591227613170153,4,4.0,0.48,0.05679603646909376,1.92,46.0,0.060205038300463386,16.975372350349357,0.0,1.0405719566675131e-05,1.4816403064037071,16.97519570938514,obs
0.3337301364671544,-16.28969857861717,1.3682285939651682,1.5303987028234403,8.26540616684105,94.77713948313956,74.99175861768809,-0.33429392872374486,-0.0,0.07277129120327612,-15.169555769285289,0,2.0,0.3,1.0,0.6,80.0,3.0,7.42730152507479,1.6898056648982476,1.0,27.457899148942907,0.0,obs
0.5064831172568969,-13.028355791538893,-1.0829918096050675,1.0027730508794115,15.998230742252243,30.475824925011953,41.841736522837316,0.18967945983355616,-0.0,-0.11710899857034066,-6.350745803307984,0,2.0,0.3,1.0,0.6,70.0,3.0,5.753379732389079,8.93291778561634,1.0,37.99333496089649,0.0,obs
0.5733591554235316,-1.965133805954983,0.33643409912538674,0.9608343915262166,6.787619645878744,82.50744631967639,148.68859133136147,0.7637660323786274,3.0,0.05118959120492431,-5.693926718950111,0,2.0,0.3,1.0,0.6,69.0,3.0,6.096722691648142,4.045804587591989,1.0,30.884806672861075,0.0,obs
0.32935745973297664,10.849233962903883,-1.9094286431095986,1.4458372367041523,14.877816026031892,85.27286055029855,238.98650321795802,0.57299515415628,5.0,0.20744513948094576,19.22229395173183,8,6.0,0.65,0.02682434721545568,3.9000000000000004,85.0,0.02756319416009759,62.709485193087744,0.21354069812194135,5.177458756167042e-07,1.5311102050945136,62.709452725510424,obs
0.5169300913869185,-3.050110617167177,-0.9666836473240744,0.7125238716810454,5.964129233438041,41.60460487770296,205.71055560501853,-0.6259261060899558,1.0,0.14855214886442983,-7.912449772208973,0,2.0,0.3,1.0,0.6,71.0,3.0,5.871449934173753,5.0899424069314225,1.0,32.40355259190025,0.0,obs
0.3708656486755563,0.7065575421460824,-1.014370046045423,2.651043130930763,6.20104423365957,152.47988732183592,219.50806451193964,-0.13203798499593106,6.0,-0.15051279426706532,-1.2384430569890423,0,2.0,0.3,1.0,0.6,84.0,3.0,6.929100256298455,3.898718965990354,1.0,30.670863950531423,0.0,obs
0.7464174875126945,7.936524907948083,1.3478329202139243,1.1388204156774984,17.91780780309241,67.67313262778298,138.76662179820946,-0.46530177734475614,3.0,-0.053673806034330286,11.078449922940125,4,4.0,0.48,0.021384407488026475,1.92,59.0,0.021851479309005013,25.30901049075872,0.0,2.091167814466388e-07,1.1748118344720402,25.309005198219904,obs
0.5119780630094103,14.748193132947023,1.201078682504483,1.141020597637412,8.858437096569935,119.85252166088016,93.43529721832887,-0.13375626095762913,-1.0,0.04214507405553378,13.308260364185932,5,4.0,0.6,0.0234375,2.4,69.0,0.023999691009521484,36.73220139061765,0.05718824236215853,3.0174851417541504e-07,1.2751804260574935,36.73219030673045,obs
0.30797149468154295,-4.037939312038188,0.41522959399623116,1.1994925365620532,6.48154789067043,105.56738528695968,173.58028768684454,0.8022049980176772,3.0,-0.007028192201435019,-3.398264735414874,0,2.0,0.3,1.0,0.6,85.0,3.0,7.539555481093089,1.172780708570345,1.0,26.705862848829593,0.0,obs
0.38325898100786254,-0.1178570661339824,-2.025632127083078,1.9160373049873265,26.1739745035119,176.0982804471958,85.17873731228316,-0.7113003243915086,6.0,-0.13994057182824213,17.357997121757588,7,6.0,0.55,0.019094407831884097,3.3000000000000003,83.0,0.019465965994889593,51.542883481545864,0.0,1.329305424624394e-07,1.1557277279591167,51.542876629922404,obs
0.2873635650914274,12.754386549399896,-0.46745915092458,1.315915499162055,3.118084519241328,28.792911713253446,226.08174818596777,-0.8094326466400951,6.0,0.03853159514734912,9.025874176363917,3,4.0,0.37,0.03915075677922797,1.48,89.0,0.04074354810135415,26.850577775649544,0.07325002836687215,2.349419912728301e-06,1.4324938806171925,26.85051469236745,obs
0.2920992257502185,-10.655394926339998,-1.119174724414089,0.573494059423741,16.693850930093067,27.28128660942473,83.1809431090588,-0.4142770767168012,4.0,-0.0010016895116299349,-0.1569250678118671,0,2.0,0.3,1.0,0.6,87.0,3.0,7.136951954171474,0.7414626529560017,1.0,26.078491131572367,0.0,obs
0.48946045017331136,7.193067493876752,1.3045136350417366,1.6260868169640925,16.254859887664896,63.562335478988075,108.64108201287219,0.1436553012879964,0.0,0.1914325408603782,14.001964993040907,5,4.0,0.6,0.0078125,2.4,71.0,0.007874011993408203,38.07306762714837,0.21126436127390388,3.725290298461914e-09,1.3702857123456713,38.07306748531514,obs
0.45688749533760187,-7.128208726528808,1.7672772792257767,0.8886160387840802,8.515830734479554,89.08691878453783,166.76709014721146,0.3103774103203784,-1.0,-0.02532287026174467,-7.551732557145951,0,2.0,0.3,1.0,0.6,72.0,3.0,6.8094048095564235,1.4820699626154352,1.0,27.15573812744063,0.0,obs
0.2966050094996261,0.717306569722097,1.5845783790463246,1.0378171426649787,13.772065372933262,63.21573850666721,161.41168221874364,0.2187242174307666,2.0,0.1168003385326591,8.461286453201682,3,4.0,0.37,0.07443748947686768,1.48,84.0,0.08039088296749004,27.839933705026393,0.14203899002188713,3.070201430632746e-05,1.8497292310444835,27.839078962983493,obs
0.700088874253488,-1.6983333318019198,-1.1328291291255308,0.6420130970451721,4.281182360148522,153.82148106707254,192.22933162989793,0.5878427016155082,5.0,-0.12670884031299756,-10.721655488468599,0,2.0,0.3,1.0,0.6,64.0,3.0,5.246374686301094,5.667459360519675,1.0,33.24357725166498,0.0,obs
0.523207295196748,-6.706081204908605,-4.109299683434219,1.199952204103741,20.753023794021026,52.82683940631343,148.1100421349776,-0.8815427971169646,1.0,-0.10280092978965083,2.917327461273516,0,2.0,0.3,0.05574740073279413,0.6,70.0,0.05902842367070703,6.94629451724965,1.7037466247438504,9.658251083122238e-06,3.9504042980839844,6.946227428193105,obs
0.41644533835128045,-6.881713493607926,-2.6504428471950816,0.7980031987926883,7.764125857797403,21.53107484058772,278.2577932977247,0.5941682691794685,1.0,0.072166195980949,-6.927846004843769,0,2.0,0.3,1.0,0.6,76.0,3.0,5.728943423974478,7.274145065084955,1.0,35.58057464012357,0.0,obs
0.4199271465418232,1.9349005497762815,2.1324404671233124,1.0353088422101462,7.0280193554904535,85.69096292740878,256.78220543324085,-0.15604766002314574,0.0,0.10837307806073747,0.06771434004864396,0,2.0,0.3,1.0,0.6,75.0,3.0,7.212122841872941,1.3765132779491327,1.0,27.002201131562373,0.0,obs
0.3218697548693414,6.968775297138775,-0.6018824089797359,0.9062729197876157,10.186840435215078,155.80896118700437,267.3606318338924,0.3657471549024338,-1.0,-0.09573927260743924,10.299295086306618,4,4.0,0.48,0.08185600905212514,1.92,80.0,0.08910488378209548,30.872648487469267,0.0,4.489544348540431e-05,1.7128390702567637,30.871262446223852,obs
0.7825834110691507,-0.9081534223195225,-1.1260869273976688,1.948079461212788,25.461617926841694,170.85957899941457,199.96947427892815,-0.6617127133816022,-1.0,0.002407740648391172,8.452551557225332,3,4.0,0.37,0.07498342047538953,1.48,53.0,0.08102752910394437,15.358265933865372,0.19701513518513816,3.161265632811716e-05,1.9347877021917559,15.357780418282609,obs
0.9123855622179065,0.4907921111325146,2.463990440154351,1.9870976578188213,22.70813285537211,148.0022454308534,201.45213728241774,0.002478348504535088,0.0,-0.1381579173529078,5.4865150203942985,1,2.0,0.44,0.03125,0.88,47.0,0.032257080078125,9.708685690584053,0.5973843937083885,9.5367431640625e-07,2.1269793951099287,9.708676431659864,obs
0.7318871667602828,3.99821846403733,1.8977399182324903,1.0162431433099135,26.619199569477697,113.7879023074501,194.48364460330615,0.11813538529450679,6.0,-0.01812198263054794,16.39021930455066,7,6.0,0.55,0.0546875,3.3000000000000003,63.0,0.05784177780151367,47.390498749718,0.0,8.944422006607056e-06,1.4627342224121094,47.39007486909808,obs
0.9260450375349061,-6.801331411090719,0.03667308287967998,1.022409942568776,18.951020996860223,146.21738184108946,147.41872169379317,0.5778755187492091,-1.0,0.0836922785624126,-5.11399374586261,0,2.0,0.3,1.0,0.6,45.0,3.0,3.9175150475837173,9.31094201024561,1.0,38.54318837853907,0.0,obs
0.45376771298138574,5.177847558890461,-0.44010463659596083,0.8786536921407145,19.23595928683428,137.87095938425296,116.9686202881609,-0.7926273113038826,0.0,-0.043495849913614486,14.381276564102649,6,4.0,0.74,0.078125,2.96,73.0,0.08470535278320312,43.82148583375082,0.0,3.725290298461914e-05,1.677642822265625,43.819853356190414,obs
0.6967553269741988,5.735401679418229,-0.19815181921968783,1.466871377485636,14.480805985081641,50.70149333653686,189.840779611195,0.01537627426745208,-3.0,-0.02490347059438028,6.780036960143218,1,2.0,0.44,0.007260872489100623,0.88,56.0,0.007313975553556601,10.23503949836086,0.43289494853944327,2.7794267998260125e-09,1.6881771841221884,10.235039469913318,obs
0.07226634078691119,18.22538409125287,0.3407441975811991,0.892310435213949,25.534844407541364,112.39798397962278,36.893596027381584,-0.5426176455710715,2.0,-0.11297953982960518,41.19220969959784,11,6.0,0.93,0.015625,5.58,97.0,0.015872955322265625,115.32654168946314,0.0,5.960464477539063e-08,1.126983642578125,115.32653481546559,obs
0.626094504210151,-2.632729333917076,2.4000709219794123,0.8641961475108633,15.282805881028555,155.26881986449425,32.01323648442682,0.25274802210413755,4.0,-0.06483584136249258,0.7968417928556835,0,2.0,0.3,0.9946021572846161,0.6,67.0,2.9677293332562606,6.542579272738459,1.8514029574692232,0.9785828211218677,27.434784422368956,0.1401235906086005,obs
0.5132228683722834,-3.2065726116768936,0.63370113635584,1.4035356425296084,11.231561840670642,66.83852906565195,259.9432931001221,0.3886082682280631,5.0,0.17581109162143385,-1.9327482370200506,0,2.0,0.3,1.0,0.6,75.0,3.0,6.7237405427090575,2.7558041312504273,1.0,29.008442372727895,0.0,obs
0.11576315775448634,5.382761101016219,1.089043549558712,0.8298815688114801,18.649750257859296,132.52476360980162,42.53449208995799,0.6435851212540439,1.0,0.007292489171713288,21.77914302329675,9,6.0,0.75,0.0390625,4.5,94.0,0.04064798355102539,93.09934184795796,0.008831579285528881,2.3283064365386963e-06,1.338029801914427,93.0991250841611,obs
0.44137613261901654,5.733729182384968,1.753905163605257,0.9870064273327331,16.19962682842505,98.88868336616571,171.69469059002287,-0.2675147271541872,2.0,-0.10023077666505982,12.648295752277523,5,4.0,0.6,0.031131758129429143,2.4,76.0,0.03213111696913194,41.4632401365249,0.0,9.393222085707364e-07,1.2570489357530557,41.463201189182605,obs
0.9011525321992006,-3.7456100736369837,-1.7545140015366285,0.5782308340154634,5.224515198057283,103.1159759342789,196.04669599640417,0.4636132428443952,-0.0,-0.031477194991799164,-15.415708972526671,0,2.0,0.3,1.0,0.6,47.0,3.0,3.7258540718241404,5.187056081997753,1.0,32.54480884654218,0.0,obs
0.2883891047989979,-2.822138738510342,1.1322928387110642,1.2762660817368072,12.210860761723168,22.560732367521148,83.50623199805761,0.6804507937385266,2.0,-0.15974276211665622,4.38108889539496,0,2.0,0.3,0.003797217665131858,0.6,85.0,0.0038116912786857315,11.30987635157193,0.13403022841904122,2.0790358323807823e-10,1.2254465897480913,11.309876349220566,obs
0.758547370317414,3.7879158675262827,-0.44185313199241705,1.9588078137328626,10.146460688456479,134.91234723454906,271.84732633159007,-0.8216234849277334,1.0,-0.10141596921402124,-1.9150450266460486,0,2.0,0.3,1.0,0.6,57.0,3.0,4.843676234690705,17.576824549725046,1.0,50.56629025414552,0.0,obs
0.2839439698312723,-5.79308968514263,-3.774142793659149,1.2838197295692915,24.017678150289427,173.80897189413142,81.32585837206125,0.30617246004922527,0.0,0.13603397390464533,12.349750736786868,5,4.0,0.6,0.04512605573055359,2.4,83.0,0.04725430957207313,33.699138504303335,0.15646756930040245,4.146765738677338e-06,1.6056236682862612,33.698998761870364,obs
0.7906170862590721,-2.8737379161051044,-3.1922543129787178,1.6592771997886226,11.849906481300827,32.57910116504325,268.81904658900214,0.479255626890053,0.0,-0.014248242438660505,-5.732275313720932,0,2.0,0.3,1.0,0.6,54.0,3.0,3.9434448846376826,14.960728485653647,1.0,46.76105961549621,0.0,obs
0.5705167914039545,0.6271493715790425,-1.5271764172780284,0.7459487524018615,23.36043604861121,76.39060413220763,236.0073727199195,-0.1293631931937187,1.0,0.18907301761012063,12.480135968891183,5,4.0,0.6,0.03901424797566383,2.4,67.0,0.04059574355803783,31.000740619622263,0.20334484261658345,2.3168235557813333e-06,1.620540264997515,31.00066879637615,obs
0.3308952379223733,6.971570793755807,0.7968348428888721,1.085309427214159,13.502129441424584,14.490153693962828,95.00059745153237,-0.6053867887625543,-1.0,-0.009534783849605592,13.429195981166094,5,4.0,0.6,0.01978887326685158,2.4,79.0,0.020188222085002292,41.277341384979415,0.001580720590603742,1.5335017244932914e-07,1.1638050066299874,41.277335055091996,obs
0.8684745732550969,-4.232190313256786,0.17069934801044465,0.7212855436615698,21.59101464958586,10.778217765396265,70.70092489454525,0.4714778780548316,-1.0,-0.0035978696191495936,1.815334429068033,0,2.0,0.3,0.6585021344923853,0.6,48.0,1.3776702239475853,5.055000858185591,6.506004161926512,0.30155102739777073,21.4846405725647,3.530660155903113,obs
0.261203750094142,-12.896691234214703,0.276550060763496,0.9241320563430355,5.5173301412909375,197.98340685099004,115.38283175028349,-0.5997544137788784,6.0,0.06408941585421234,-13.91116030943234,0,2.0,0.3,1.0,0.6,90.0,3.0,7.928830265139931,0.7898997240183673,1.0,26.148945053117625,0.0,obs
0.5156703281275677,-13.416182272627477,2.926415224030038,1.306696115943917,26.040905711120022,101.226944119745,137.44665289297416,-0.08917571725545118,9.0,-0.2672587582219401,2.250028700170864,0,2.0,0.3,0.29444859611177565,0.6,79.0,0.40667725800713017,10.754438992847332,0.08248974878212473,0.007516885795431305,4.373403153194677,10.673599103144165,obs
0.7084671834670551,-8.815891466942933,-1.9036344222897186,1.035901119755287,14.494557160771874,74.32620863387304,96.36186265470933,-0.020062028901664513,-4.0,0.020493932365357487,-7.884106282351997,0,2.0,0.3,1.0,0.6,54.0,3.0,4.245781772094508,9.369501538156815,1.0,38.62836587368264,0.0,obs
0.1549784312229185,-9.192174027399561,-0.04115003127558539,0.6130227661673295,8.754754386283967,58.60102994187869,299.70071816369426,0.3577690258519997,-4.0,-0.004898648806095168,-4.001531513154266,0,2.0,0.3,1.0,0.6,87.0,3.0,7.544445288177828,0.5962324282756568,1.0,25.867247168400954,0.0,obs
0.09221767403755608,-1.0822753103393632,0.4566532842207234,0.6341058105585379,8.278729765484979,196.10246576426704,92.00613078468687,-0.3133157797562663,-3.0,0.14860388935151475,4.063711339619038,0,2.0,0.3,0.0078125,0.6,91.0,0.007874011993408203,11.71396394395598,0.28036416789073465,3.725290298461914e-09,1.4707945219701524,11.713963900318063,obs
0.5588227262084543,-8.322161075183235,-1.1044096748075032,0.6197437327987307,8.89200950294927,54.18890317672832,254.27140328537138,-0.3422918444139275,-0.0,0.09646793941636173,-10.87354396466898,0,2.0,0.3,1.0,0.6,67.0,3.0,5.500571500871554,5.689655127924902,1.0,33.27586200425441,0.0,obs
0.4634202067944739,-4.919284718748428,0.04249011762441145,1.185594303795699,11.53482849586716,146.51313716885994,72.96179171442765,0.049457739381555454,3.0,-0.11336916855468007,-2.643575821418184,0,2.0,0.3,1.0,0.6,76.0,3.0,6.618168460909356,2.30981504708664,1.0,28.35973097758057,0.0,obs
0.3342687266044986,-5.418601194874348,-2.3999240011265175,2.0440927324615417,20.655507849566035,60.33282868215709,294.6660488245058,0.5031952388098746,2.0,0.12421386186275805,8.590476921788117,3,4.0,0.37,0.0663630851902155,1.48,82.0,0.07105941121382023,22.19089406387145,0.20768600740123372,1.9395736344574033e-05,1.8705640277487199,22.190463655140938,obs
0.4170382555986203,-3.083555025935954,2.114859325912542,1.603148295151198,26.68967911542063,18.745453544599226,90.89133373643291,1.1437250003265735,1.0,-0.026231452558099517,16.746123707347916,7,6.0,0.55,0.04169817804827952,3.3000000000000003,76.0,0.043509418309719924,57.85965456182017,0.0,3.0232100153293473e-06,1.3480753464777595,57.859479639933014,obs
0.1059931363095801,9.257530320661857,-1.0224218287956508,0.5185138504859074,19.394973183214436,138.23893983099856,143.8559097915699,-0.7537405998893872,2.0,-0.09044532262960452,24.85027025643355,10,6.0,0.85,0.0234375,5.1,95.0,0.023999691009521484,96.19737844765885,0.0,3.0174851417541504e-07,1.1919975280761719,96.19734942024283,obs
0.263380937145458,4.633633126013617,3.047100247167754,1.636034204290599,16.226323044546618,5.31801528782365,180.81229802733475,0.15767100889328906,-2.0,0.019710325087120232,15.643551743573514,6,4.0,0.74,0.0546875,2.96,82.0,0.05784177780151367,58.23168418527396,0.027768872567217447,8.944422006607056e-06,1.5031253097826074,58.23116333651645,obs
0.3202410483903626,0.11290590693202712,-0.04871148587618257,1.3831709037433118,13.663543008445501,136.77095975431104,62.4771430921452,-0.5432675131171459,-1.0,-0.020276935566381823,6.567001748505819,1,2.0,0.44,0.0078125,0.88,80.0,0.007874011993408203,14.730594138402953,0.13358149858440554,3.725290298461914e-09,1.2572924575245827,14.730594083527214,obs
0.4951620465289732,-3.227183964065867,1.5420803480987746,0.5854891637989046,23.533056142978026,53.82343680301551,250.54141821935735,0.5094056216033713,-0.0,0.1538465314028524,10.867889330850755,4,4.0,0.48,0.03085900043653733,1.92,71.0,0.031840664688856435,30.687903639585866,0.16530311161008304,9.068332139650082e-07,1.4951662071255178,30.687875810775576,obs
0.4440128920259228,-3.0326285963611483,-0.07995430348673156,0.9002956037123956,24.091087263597817,150.49032525394273,104.16509382382407,-0.4692722736546165,-5.0,0.034062202849120995,11.522682403947117,4,4.0,0.48,0.015625,1.92,69.0,0.015872955322265625,27.64376213548044,0.05630717967722643,5.960464477539063e-08,1.2088849948359088,27.64376048778382,obs
0.5591547370015238,2.2942252896636464,-0.04611574839079473,1.461553769485019,9.618979535253283,155.10128263337663,178.30287343244922,-0.3373241090911619,-4.0,0.02056589208860058,0.2448980516922183,0,2.0,0.3,1.0,0.6,63.0,3.0,5.461859765147375,13.211088661690884,1.0,44.216128962459464,0.0,obs
0.6426022415421762,4.089183513466031,-0.8760439998330116,1.210067038055403,26.78892646498918,146.2009115694199,178.40112888717667,-0.2946354295319981,-4.0,0.09006470828554398,17.775850124958012,8,6.0,0.65,0.08035022406157627,3.9000000000000004,58.0,0.08732513635091584,44.83403713509894,0.1004430614138477,4.168198266418788e-05,1.844700089227469,44.832168363540305,obs
0.813787326567853,-6.353322542704203,0.17868589404941643,0.6354106294490455,12.272999443365935,9.774271086184026,192.71297612796195,-0.038099469359901945,2.0,0.10928716180927121,-9.453659105389987,0,2.0,0.3,1.0,0.6,54.0,3.0,4.734337200796974,5.843868092586901,1.0,33.5001717710355,0.0,obs
0.2282267540600922,0.2553652892996204,0.4769980416210712,1.2356131057949389,22.802029798979724,142.22864083053486,44.98121636156497,0.16159879842935373,1.0,0.07836050942972993,18.258381185562474,8,6.0,0.65,0.0625,3.9000000000000004,87.0,0.066650390625,72.23025090729439,0.08223786838022071,1.52587890625e-05,1.6528218426439574,72.22914876113187,obs
0.5741913320794411,-14.221336980641189,-1.17638776337277,0.4768983437071867,27.13731683013807,198.07839474087382,75.52706569452333,0.2418506968042568,2.0,0.14194634728149536,1.7098632612802567,0,2.0,0.3,0.7606773282867937,0.6,68.0,1.779458046826251,6.365077283540924,1.4519201436094016,0.3348126743187715,17.347548219860048,4.233968735992926,obs
0.7446946487479593,1.4819964891941793,-0.1875666237898263,0.9257159268203816,20.29511062224589,52.31194686249646,73.52190558930833,-0.0028837730913916218,-6.0,0.06086824129137885,7.748157986898085,2,2.0,0.59,0.0546875,1.18,50.0,0.05784177780151367,12.168227688235035,0.2334263495921944,8.944422006607056e-06,1.802263458182574,12.168118850471519,obs
0.8867504872611358,5.3350446937108025,-0.9151482990856705,1.4831968444272947,6.2003188877310365,58.476521583941015,111.55384004228,-0.6649455112202907,-5.0,0.016765146472670182,-5.855635209664636,0,2.0,0.3,1.0,0.6,43.0,3.0,3.565576776398408,13.402616667428992,1.0,44.49471515262399,0.0,obs
0.15583579838333828,-1.960480388166128,3.4494961044222583,1.0063922872043225,17.2395608345222,163.63767716820522,69.12682235175176,0.3638930751550946,2.0,0.12391720620880294,11.835408676595513,4,4.0,0.48,0.015625,1.92,92.0,0.015872955322265625,43.38894280220708,0.13317635636543135,5.960464477539063e-08,1.3206947063823888,43.38894021602456,obs
0.40977023378765576,12.715688972980738,-0.1345961548674278,0.8412747000982488,5.088205200485039,36.27737698593571,278.9187566090582,-0.026479331831513964,-9.0,-0.009089614008213873,9.409522169060129,3,4.0,0.37,0.02711762861785738,1.48,67.0,0.02787293577588407,20.59734490472267,0.03182904510396824,5.407628331788317e-07,1.2692802790855717,20.597333766444084,obs
0.6564021916187276,-6.168669132052353,2.3178482275448387,1.3608079162204272,22.51769303659208,133.81381672338756,168.4977016380512,0.5808673950073494,4.0,0.0033246516344661576,3.932007862268094,0,2.0,0.3,0.0078125,0.6,65.0,0.007874011993408203,9.128377306321061,0.6247460240092446,3.725290298461914e-09,1.9717135854152579,9.128377272315205,obs
0.6921763822193352,1.522082907122829,-0.2934334962115325,1.4016693704046412,9.314194520720957,152.2301436126128,198.3652898797248,-0.35386938973996834,-6.0,0.17215769172969148,-3.274969076062064,0,2.0,0.3,1.0,0.6,53.0,3.0,4.537946590079288,12.822223759631566,1.0,43.650507286736826,0.0,obs
0.9417613676462039,-0.25077322666168833,0.388931462302362,1.574300523544652,20.075585399560484,12.24632905477465,126.52180735749262,-0.8011373636754973,3.0,0.16219241279552313,1.5167760815910112,0,2.0,0.3,0.8739378968547339,0.6,48.0,2.305190661219321,4.581446664364958,14.370254637785996,0.8367564325673233,40.343713853806925,0.7478916974934726,obs
0.7028058695694813,-0.7020836721038584,-1.9820461074679039,1.3537534960955622,25.66233152738517,112.9836083817191,104.58645807915612,-0.017013001341537635,-3.0,-0.0008175806923322827,11.334273739051017,4,4.0,0.48,0.017387160361293785,1.92,56.0,0.01769473007733947,20.287701416444985,0.06743223092825583,9.139335876984234e-08,1.2396410856052695,20.287699562283812,obs
0.5122539782305882,-0.8002551760332335,-0.670608887801797,1.4544083956698424,6.706256117424482,117.29606541449716,165.8578359626975,0.6479763441421325,3.0,-0.045355157730561674,-3.790687344302608,0,2.0,0.3,1.0,0.6,73.0,3.0,6.130749636206865,5.643320414502334,1.0,33.20846605745794,0.0,obs
0.7448388959092858,0.7497352100663017,0.3158020061838701,1.2890260996780614,12.214303803630335,64.17136499139987,109.46720320540507,0.0804710683080254,10.0,0.14631735002084986,-1.1468810505265405,0,2.0,0.3,1.0,0.6,66.0,3.0,5.825731361497416,10.420494868290637,1.0,40.15708344478638,0.0,obs
0.12430681265095797,5.935711204245899,2.3790057464398,1.0963448927910606,18.825088489912723,175.88721053251587,122.78439994703635,-0.09983489958642827,-7.0,0.08004183579152141,21.22914359197252,9,6.0,0.75,0.04472982566567135,4.5,85.0,0.04682007649516358,89.25285798340956,0.082260138521558,4.0030297898674405e-06,1.4942117225381204,89.25250070156022,obs
0.7871822894957285,9.64415365392321,0.33297416651440676,1.0314925459292656,12.91112341304703,36.73619526347199,152.24273605313144,-0.4351735088287166,2.0,0.0315581254197363,7.191199663890953,2,2.0,0.59,0.0546875,1.18,56.0,0.05784177780151367,13.986480362293205,0.1629974826773173,8.944422006607056e-06,1.6998214699427527,13.986355261310457,obs
0.6974260534539265,-0.015751711529101733,2.0755805417894986,0.9210976911503328,6.545292482242596,76.0179683536428,166.548095539776,0.8788832333404112,-6.0,-0.032187271018994455,-6.118864662946102,0,2.0,0.3,1.0,0.6,53.0,3.0,5.083473339933457,8.28071939161275,1.0,37.044682751436724,0.0,obs
0.2348839901416104,5.707212505201432,0.9610936653043803,0.6570621316726063,2.755861968388722,170.4903939937292,295.76478318109645,-0.5148012974423897,1.0,0.03316965787145939,2.2087153771441703,0,2.0,0.3,0.31575077829741455,0.6,87.0,0.4469292283120192,10.76696475084936,0.20841565971641762,0.00993980166877828,4.878583876992761,10.65994325665119,obs
0.4871684921791853,-4.9123686238674775,2.441102009197029,0.718255722361126,12.571551736251035,42.175337538168534,90.29709880372394,-0.36269712881412,-1.0,-0.002170845988770261,-2.0976839171552886,0,2.0,0.3,1.0,0.6,70.0,3.0,6.825190335210958,1.1989354709847917,1.0,26.743906139614243,0.0,obs
0.8939550971206525,5.361688169083631,-0.08856332595758314,0.9069275758856481,18.87943469112993,165.16795658389663,161.75356451831473,0.2850170980420114,0.0,-0.06643381795729958,7.176211312669361,2,2.0,0.59,0.0546875,1.18,48.0,0.05784177780151367,11.739871364156919,0.12081928171712245,8.944422006607056e-06,1.6384713594551965,11.739766357793135,obs
0.484539814903108,-5.333940666788932,3.5853340659777064,1.0872390287353293,16.923589411964706,20.418489586751363,70.36816966212152,-0.9280103449433948,-3.0,0.012904232858723517,1.4984309412624621,0,2.0,0.3,0.8790974675721384,0.6,68.0,2.3312872114433336,7.486114621714539,1.1189157162530392,0.5972389398919515,21.277811460642,3.01511546113211,obs
0.45266605792427467,7.634619552616925,-0.7280943043711845,1.6472580616183108,6.062272233776703,100.39966810204805,124.4997928311526,0.6372953326906698,3.0,0.026542404563960748,5.218072371403153,1,2.0,0.44,0.03125,0.88,76.0,0.032257080078125,13.468335678324163,0.2586960308661626,9.5367431640625e-07,1.6343417764303274,13.468322833918341,obs
0.7005164655412413,15.474486141752678,-1.1496927512965036,0.9856253319641245,13.718029540552052,19.689479176912165,223.67389405072916,0.3120965571086778,-5.0,-0.037539506692023106,16.08785128408871,7,6.0,0.55,0.0546875,3.3000000000000003,54.0,0.05784177780151367,34.96742320455571,0.0,8.944422006607056e-06,1.4627342224121094,34.967110441166085,obs
0.4563101221559484,-0.8545872157997425,-1.8150792745335513,1.415686233205347,11.606247200712573,137.19119908699528,77.10477881535513,0.44961553590555486,4.0,0.09038256886095176,2.0348268256377953,0,2.0,0.3,0.4458688753154281,0.6,77.0,0.7333062399000972,7.947330938734956,1.1912838916455397,0.039521063861372774,8.599226488867018,7.633243965177749,obs
0.4074881757892578,-15.34780443565186,3.496537007337105,1.4533713271259767,9.129262459628396,159.16729036584204,186.96485303851165,0.27905850597482706,-1.0,0.1288832392310989,-14.569562077043432,0,2.0,0.3,1.0,0.6,75.0,3.0,7.656630162735712,1.4601301910405398,1.0,27.123825732422603,0.0,obs
0.9279632196964752,-3.8365105327137607,1.2291713589268465,0.9229543328527606,20.96105234037012,170.72241690812655,142.50927636336195,-0.08056175872818504,-5.0,0.09698976936554127,-0.8889810558311985,0,2.0,0.3,1.0,0.6,41.0,3.0,3.7817206634557268,8.426652623361699,1.0,37.25694927034429,0.0,obs
0.2541370779497541,8.623125940025123,-0.5011811000704627,1.2287614762003427,10.050952780706792,196.34613889507781,43.92647698920771,-0.5315743550777114,5.0,-0.027624838521399478,12.574262525238725,5,4.0,0.6,0.03460206564687282,2.4,90.0,0.035840797749075656,43.98684273492775,0.0,1.4335343470062156e-06,1.2867263819926054,43.98677967827787,obs
0.7436866737763558,3.871537509176714,1.8735340453102425,0.9190997797386585,16.04369076065876,136.04306584841945,281.93031519918003,-0.07003772061248031,-0.0,0.0755821504188372,5.06598159564642,1,2.0,0.44,0.03125,0.88,56.0,0.032257080078125,11.263741146384598,0.28970889575809794,9.5367431640625e-07,1.6794513980913242,11.26373040444396,obs
0.5907100515250243,1.7423951907252069,1.031538277676673,1.5809110718575032,26.00381191701003,154.96707319880397,141.6728478790793,-0.4876181558763174,6.0,0.007796139746004018,15.441430392923555,6,4.0,0.74,0.0546875,2.96,71.0,0.05784177780151367,46.010674009202816,0.020624606709853673,8.944422006607056e-06,1.4927336503537147,46.01026247031767,obs
0.3490299385904939,7.060678491683873,2.9491912070633854,1.2464039852105988,16.02117553859314,103.62286427265923,241.66016465281487,0.24307765503819176,4.0,-0.12357459785659518,15.820418187731713,7,6.0,0.55,0.08022812236106014,3.3000000000000003,83.0,0.08718106642939996,65.14876562242564,0.0,4.1429196725784045e-05,1.6974485314351997,65.14606656139823,obs
0.4125108671407349,3.391174074738954,-2.321749249109867,0.6620622662153802,18.04259566417458,182.9836957303196,142.40464195758608,0.4033899152740508,-3.0,0.06727293784977458,13.150637648327315,5,4.0,0.6,0.0234375,2.4,73.0,0.023999691009521484,32.40425626069,0.07875900023131359,3.0174851417541504e-07,1.3065560738671735,32.40424648275382,obs
0.6043097186130209,8.524076312157954,-0.39804016247138185,1.0575488035907914,3.9043956403563365,130.5328845288952,283.08728682627185,0.7384043155991038,-0.0,0.014613164095694818,0.9117457936242889,0,2.0,0.3,0.9910114072605972,0.6,64.0,2.946390896529775,5.481093574743656,9.558991116502577,0.9775147699256437,38.4751142507874,0.12324365008718725,obs
0.6918109611969078,6.435965736528899,-0.6937820759142381,1.7698995616943312,6.631487737285144,177.29252421901197,108.42699029580231,0.1858838202764316,0.0,0.25935480020693075,-0.3587812131632365,0,2.0,0.3,1.0,0.6,59.0,3.0,4.949049105091501,16.232698344498257,1.0,48.61119759199747,0.0,obs
0.6332011809428728,10.651903169158713,-2.9605240146129024,0.9391498085769034,4.62473118175095,50.91314331770677,141.30227541567814,0.4622876782975931,5.0,0.145727086327856,3.536104935077934,0,2.0,0.3,0.010562684090170762,0.6,68.0,0.010675432867141435,7.288041063174398,1.235765889887427,1.24479307972436e-08,2.8828811209552074,7.288040972453367,obs
0.4519662123460313,2.5115725873437804,1.5904908071695412,1.1677666002532812,21.88513665725184,101.86386724002254,234.8933448700073,-0.1485723686150711,1.0,0.07111501569345241,14.908573022337682,6,4.0,0.74,0.07364927464854892,2.96,74.0,0.07947297985342698,49.07142377625299,0.0793757950518495,2.9422115485622236e-05,1.751239540721015,49.069979991155606,obs
0.43363278573433145,6.336815810457683,-0.4055948337050376,1.2081593177222674,23.7339481038379,147.31468960744178,122.79017512583137,-0.23913856900409738,1.0,0.024917050128817966,20.910786990537314,9,6.0,0.75,0.0596527913579466,4.5,75.0,0.06342351867924119,68.78330145733787,0.029115098571657456,1.2662605665014759e-05,1.5497373837199766,68.78243048151518,obs
0.6056133792806486,-2.149889511600498,1.1094468074798434,0.6983068176770003,6.847837623059019,44.53074213972324,128.37640926049843,0.23683594540840072,-1.0,0.016372225505801818,-6.708510418309116,0,2.0,0.3,1.0,0.6,63.0,3.0,5.778165129578447,6.318591255040724,1.0,34.19067818915015,0.0,obs
0.15536226413808846,-4.210225680913041,3.539657901494418,1.1935289503366748,7.7010655240003665,46.21125968608576,298.60225682184034,-0.1932364363584544,-0.0,-0.10036894036331077,-0.5709245077041838,0,2.0,0.3,1.0,0.6,90.0,3.0,9.20481795182575,0.4289851399663167,1.0,25.62397838540555,0.0,obs
0.593457495045519,11.947373482932813,-0.5298655377414124,0.61702936677489,10.403389526812354,195.7183343790993,180.01592193639505,0.13459289441382885,4.0,-0.17389872271999107,10.426805602129068,4,4.0,0.48,0.0718942500034962,1.92,69.0,0.07743463897747452,26.772764934312598,0.0,2.6716319598718563e-05,1.6194771118197961,26.772049664568073,obs
0.19337684337890754,1.5134327342588163,-0.6317294739857328,0.8051533299242858,17.368018040799722,89.74902034375518,216.13272249093998,-0.5305960946677105,0.0,-0.08725591090815651,13.743813131198706,5,4.0,0.6,0.009957087328332448,2.4,88.0,0.010057218097760884,42.88637906833221,0.0,9.829451030896053e-09,1.0804577447820871,42.886378646782646,obs
0.3197385697517144,5.634163961036653,0.17799625458599402,1.4515636677151773,18.166701038800507,40.45401332013547,203.73480322147464,-0.44081384123815054,-1.0,-0.004771701817043039,16.71858308758688,7,6.0,0.55,0.042989144599578144,3.3000000000000003,80.0,0.044916657953275485,55.55907641299601,0.0031222345719994753,3.4153499858247116e-06,1.3638746957309305,55.55888665930517,obs
0.8554234704714564,0.8661801008797312,1.4808710294751144,1.1315450550265889,19.855602922077896,69.63545698639368,253.5395197322745,0.3177046505091451,-2.0,-0.21055392782089843,4.531897731962814,0,2.0,0.3,0.0014408295937591437,0.6,48.0,0.0014429085748251065,6.494409773380708,2.439545466227515,4.309774759292395e-12,4.559973037656805,6.494409773352719,obs
0.33543224068329613,-4.10560955643975,-0.8500695379652248,0.8998976840054015,25.53501166155003,82.4883489118555,262.6927768492706,0.44334503770304806,-2.0,-0.05443217922727492,14.65756542642077,6,4.0,0.74,0.078125,2.96,78.0,0.08470535278320312,45.841573425906404,0.0,3.725290298461914e-05,1.677642822265625,45.83986569421891,obs
0.4678370347756028,0.07688024807680927,-0.946442395698196,1.1672594309631532,9.671043652909992,126.50162520669312,182.07915576698358,-0.49282808448334026,-5.0,-0.024761303312442598,-0.35417153524093514,0,2.0,0.3,1.0,0.6,67.0,3.0,5.546556320535029,10.509755061130004,1.0,40.28691645255273,0.0,obs
