env,seed,n_cells,J_oracle,regret_oracle,J_hscm_struct,regret_hscm_struct,J_hscm_gbm,regret_hscm_gbm,J_noncausal_mlp,regret_noncausal_mlp,J_noncausal_gbm,regret_noncausal_gbm,J_flat_tprop,regret_flat_tprop,J_proportional,regret_proportional,J_equal,regret_equal,J_random,regret_random,J_noncausal_mlp_rs43,regret_noncausal_mlp_rs43,J_noncausal_mlp_rs44,regret_noncausal_mlp_rs44,J_noncausal_mlp_rs45,regret_noncausal_mlp_rs45,J_noncausal_mlp_rs46,regret_noncausal_mlp_rs46
E0_nominal,0,25,38.85287687107711,0.0,38.78119259607535,0.002485662367177265,35.33313801092714,0.0935261536407848,37.26141059775162,0.042333764554436805,36.80099718410233,0.0559474101126023,38.48537855957783,0.010227792644024016,34.67833651700452,0.11925017510214105,26.556867031529507,0.3631014919800855,26.71871835412123,0.3529621936081132,36.74605897438871,0.04826813855700447,36.44591809543206,0.06794300008313803,37.142973211535846,0.05454778833864035,36.270485159571344,0.06359136053018383
E0_nominal,1,25,34.87354688837733,0.0,34.808809580705926,0.0015897805887845546,30.5476104826048,0.1205089453265576,33.07684557003375,0.05386043781304783,32.60980364945603,0.06170204351213261,34.22229292529756,0.017064092269569696,31.148138085860964,0.1185894316041995,22.701555608737007,0.40003702168461586,22.91991463455489,0.3955769982354568,32.5981254231276,0.062155651704671605,33.27050155105391,0.06815691333935348,33.45480845325606,0.04329565614674855,33.197896968464924,0.04111031211446549
E0_nominal,2,25,37.46397995167197,0.0,37.41951287388833,0.0011013235083527926,32.96734161132958,0.10197903181546694,35.09529411600636,0.08178748985746247,36.00032959572272,0.0414363305489916,36.88111416828767,0.013794376605354677,33.57788758239847,0.12480570062884257,26.28181386274499,0.3632107645064045,26.52702325468069,0.35449077870510154,35.4439707397037,0.06447988109164574,35.285091152802494,0.07758375182399993,35.74555814500602,0.05691822173142164,35.35756661503508,0.07079021984160587
E0_nominal,3,25,40.556121499797065,0.0,40.51576523691931,0.0009056834284880849,35.22662296229384,0.136740372012174,37.869309587905285,0.06608291748596261,37.622076637842376,0.07527058828902089,39.455133703220845,0.029879853538171127,36.16555887086649,0.12537303259472013,29.951618214747732,0.31308568037582973,30.247713565148807,0.3080221141015089,38.09476599016832,0.0653349593511415,38.39887719254512,0.0654003996615899,37.77717354620559,0.07181358799352928,38.18620866046969,0.06882416482009006
E0_nominal,4,25,39.85781459308069,0.0,39.77720503394407,0.0032351897513377232,35.1870320491866,0.11982954352710758,37.358980647470254,0.06469788019119548,37.44436976081622,0.07520746335782492,39.31953510002194,0.0188811695958215,35.29894891103905,0.1298808123467807,28.829679649539344,0.3341594692539044,28.37092494212768,0.3414249680053119,36.10469412778773,0.09242738326615019,37.57758712103452,0.06486140627521006,38.232439735141384,0.04183243558663274,38.894492897498644,0.03551781597853408
E0_nominal,5,25,38.46878001764897,0.0,38.433259425796315,0.000526867309095102,33.72982315460471,0.12948403083949508,36.84413416504709,0.043325820519745706,36.16324127573157,0.07160751044323523,37.330157990686345,0.029632427310571474,33.90760783813166,0.1294249719980865,26.267320417813817,0.3655020536970314,26.657638097097447,0.3597418590104597,35.11864271028361,0.08311433952215003,36.84758876201959,0.04236665855946164,35.93990625981141,0.06013533080461208,37.32525691192021,0.031870950918610766
E0_nominal,6,25,37.87981951542431,0.0,37.842753043113575,0.0016233901774993502,32.97444933227347,0.12505849662758808,35.79942099265091,0.06040658437372895,34.567907692280976,0.08477912347449548,36.98681843256556,0.02489474966119926,34.2228205995049,0.0992895480250347,26.006632349132193,0.34806907973716983,26.11474910149018,0.35046893971610227,35.529779764121955,0.06974409006720877,36.16042505688916,0.06243786472576113,36.83377238319317,0.030467439023413388,36.26135133545526,0.04184265430725211
E0_nominal,7,25,31.756661467135018,0.0,31.711230957226874,0.001612322463449814,27.780326443117918,0.1121368776124259,29.759303986601076,0.057274482108322734,30.41443669677236,0.0468782834231108,31.028714904440516,0.019738342221695057,27.84639026520291,0.12594426700044573,21.378781866347403,0.3849990732197473,21.611628231275663,0.37845522610402704,29.373701324251876,0.06228339172885772,30.29688134355169,0.056371618187997914,30.221433612704843,0.047082531560856754,29.78104092624593,0.07249863440462981
E0_nominal,8,25,32.16402321639496,0.0,32.05433804542783,0.0032351424225732822,28.362826630765618,0.11406572085611502,28.885951302181056,0.07997271042053594,30.810149182925425,0.04738606608504888,31.752756438640553,0.01248834980515114,27.99435021660275,0.12769414570572635,20.603720343107316,0.39610492769781763,20.759843074008145,0.39077961025056596,29.46073786999645,0.06995019962864876,29.24340086229262,0.0900692005018352,29.742202297532852,0.059287500007273106,29.054916685445242,0.08066520023392044
E0_nominal,9,25,42.524488693588175,0.0,42.45125741917854,0.001929102064575604,38.48944737464481,0.10209278724430863,41.27720707120724,0.035181807283146654,40.336511571923396,0.05579446264021765,42.15075255874442,0.009645421648664552,38.074187727538444,0.1113468839982748,30.539782257919697,0.32656091213195537,30.650448309957532,0.3319228628616519,40.32885094013804,0.04922461922576748,41.38908802840313,0.037484050664333586,41.5550438004359,0.02631329471845998,40.74759892712831,0.04720660766079763
E0_nominal,10,25,38.70046613172955,0.0,38.605262842058075,0.0023938895957109135,33.17633399301223,0.13945440704114417,36.900136027565296,0.05150525729839847,35.23037752045389,0.09171807270363035,37.68645715173041,0.027764311391085466,34.70369508042062,0.11552442041306894,28.400785932369377,0.31187094837787194,28.484599044653933,0.31284353289429956,36.45272017995827,0.06465385375482496,36.13031964209588,0.07945263833205042,36.41335861438661,0.06915108750256495,35.704966263928526,0.09495680393854325
E0_nominal,11,25,29.30824421426493,0.0,29.253922578898774,0.003057789969857491,25.630120245778716,0.11774330269405762,27.23127539731784,0.0744247184069354,27.198682384043856,0.06932425597945364,28.639858658327622,0.025690959463174245,25.999510649396203,0.11877348763691963,19.666985094192572,0.3806518830740234,20.61870716587581,0.35920652147386567,27.121794337809195,0.06641818446696511,27.295564089267536,0.07705832221136429,27.52272827968019,0.07173143931886952,27.42317641996472,0.0750022110965048
E0_nominal,12,25,43.155899967402505,0.0,43.11999062181613,0.001418966171832261,39.08373629446967,0.10608719387069725,39.36301437749479,0.08996068269093303,39.699194608324724,0.08804171110234099,42.60180018715685,0.016263704825242854,38.461845735756214,0.11354085119143764,31.73168583692638,0.29504866026714205,31.27146064087292,0.3045505477597081,39.63924481101689,0.07378535980567585,41.27491103378232,0.04026321539117191,41.31219231703115,0.04296089176935653,41.56327860000014,0.034646242305210885
E0_nominal,13,25,31.531936963400845,0.0,31.406443765701283,0.005549122263828077,29.222179780726563,0.08113129753690003,29.668174685771657,0.05742337378300743,29.912933827355253,0.05721305502411851,31.263828859551815,0.00999625666655236,27.797857905607724,0.12303593209218416,19.94901071179771,0.41016475666236496,19.882140380742996,0.418298886590727,29.413845507129178,0.07150078659257991,30.22431618143937,0.04501457015770234,30.817536963545937,0.024118247758431507,30.204467275189177,0.044360942523350454
E0_nominal,14,25,39.581717496817554,0.0,39.56255668281472,0.0007249584261869773,36.77489829708602,0.07554975289377923,37.355154985305866,0.05657147275562353,37.106059533604466,0.05975721028433873,38.98136984174345,0.015232616301522981,35.12600828527545,0.11755319051945828,26.752299774108465,0.3514029745033123,26.50318848852963,0.3559554061220828,36.70160041316593,0.0777529822076344,37.501086958285775,0.057678962406419024,38.199553615542385,0.037973685993190745,36.914091344410146,0.07683176576034832
E0_nominal,15,25,38.57421032650526,0.0,38.55329700793287,0.0007205206800329892,34.476544477703605,0.10761391742978368,36.16055337594028,0.07275045206707416,36.388298914298346,0.07407923601213043,37.956452833101686,0.015654266653663228,34.80217732754599,0.12214927878995367,28.02991462543443,0.32541846435928096,27.77702359208292,0.3377919645908009,36.5781686931193,0.04349320533469202,36.09486343100891,0.07616956651710952,36.73769783738776,0.054100030995300225,36.825308304630916,0.05390906965399149
E0_nominal,16,25,32.890995762585796,0.0,32.836028368372766,0.0013208971258928573,28.60763981565931,0.12821892580204186,31.490529992153423,0.046354500363966905,30.666771303911997,0.07565629126202085,32.04950685296731,0.02450719977413887,29.488003832489397,0.11365603248962476,23.255185342616222,0.35568659485501103,22.900222538851878,0.36957803243945575,31.573767398223843,0.04029099850984006,31.26290263327761,0.06865377196624851,31.97613850700804,0.033697388355442545,32.03803826373552,0.03249619445337555
E0_nominal,17,25,43.838859686373496,0.0,43.793153615512864,0.0008952116115292791,39.17113077437129,0.1092680201456776,41.907400033698075,0.04292286068094189,41.17374892285025,0.06538122444344778,43.305100091500705,0.011142248190991617,38.769714743504856,0.12106678795426545,30.43029668367785,0.33088500973388946,30.24437845925887,0.33747454065690674,40.911175029418935,0.058381622799544626,42.215076737243535,0.038608260889060685,42.148328827453135,0.04414200333125182,42.48402511541642,0.045036980970806315
E0_nominal,18,25,43.04778973478571,0.0,42.98731980497437,0.0028693356040521588,36.74578503912451,0.14425220693763777,39.89840929831368,0.07369843879295557,40.23649320690451,0.06791885024229966,42.19251887552953,0.01896001631160197,38.60403229796876,0.10838533724232274,31.33316829007967,0.3100267745787458,31.20582429175509,0.31427763321132085,40.27379485808958,0.06282877750617412,40.94885989081153,0.04967040535371038,40.89079103977803,0.05737207502782522,41.2728172877629,0.037199928101063255
E0_nominal,19,25,40.08593944342065,0.0,39.9565615533218,0.002847874574568079,34.27103643521124,0.1476361240777717,37.40126734189513,0.07169587167711595,37.07083262315828,0.07866207623435965,39.272469667826606,0.021943024843135723,36.01305900789036,0.10757640214111049,28.462794641265884,0.3123099391073524,28.900006944284158,0.30224170391707866,35.575007040219774,0.11432735046419387,37.09332216091274,0.07232921512094023,37.58285004392422,0.0659137500986836,36.78373871986263,0.07969763875332342
E0_nominal,20,25,37.055762779018835,0.0,37.035471311772234,0.0007530121636388841,32.15612223976061,0.12830203129497572,33.860126122163365,0.09973196093213005,34.5576308109945,0.06620532450684918,36.96721619679422,0.002970304420311545,33.27102573703174,0.12109350865505503,24.479077637056726,0.37456659319591645,24.768084472770088,0.3631468140951379,33.156992008707,0.10221083229081639,35.262519380890716,0.047163747049209316,34.82821662496121,0.052125604391316235,34.63263368401774,0.05873399437713881
E0_nominal,21,25,37.89277455439731,0.0,37.8264134735791,0.0015042111751766732,33.45315852925263,0.13175272188869128,35.59005572987081,0.07856046913706635,34.925825125188105,0.08784557577989043,37.025149740418385,0.02690644747600587,33.66282016083284,0.1264091366117171,27.011490157732833,0.3283865351825545,26.34537460113808,0.35832454762495913,35.16767734365512,0.08260042489438611,36.047661374142834,0.06413890413562238,35.97617198867603,0.06616801437888763,36.087951342261505,0.054617746998122774
E0_nominal,22,25,36.81081812512586,0.0,36.692549867605656,0.006510322177738959,31.410757335477278,0.1509314622419597,34.66039235252058,0.0677248026711474,34.88323780251804,0.07683356846041337,36.179559947020806,0.022750979044856325,32.483221401287,0.13175822016116517,26.25947934822987,0.3630535475561781,25.99874073355897,0.3715194699720213,33.580701926838415,0.10605540401721715,34.39702358827322,0.08229071722403633,33.59613317692327,0.08171840476084861,35.40689702858522,0.041379843190035535
E0_nominal,23,25,32.09293255749883,0.0,32.01704661738602,0.003132191686085345,28.168720283191337,0.11507675040971387,29.206009053867678,0.08980535678764927,29.73050974970804,0.07098275660307678,31.441022830852685,0.017719585377679117,28.097827256400237,0.13801955149234119,22.135511138032065,0.354621129710792,21.913172825561286,0.35928233681356,30.528395784049057,0.042685350778740666,29.26176855013885,0.09947341652468605,30.220147059603136,0.06194855501485762,30.217379424238814,0.07237625269907078
E0_nominal,24,25,36.91427963672436,0.0,36.83737841047065,0.005046950700401433,33.03691239201623,0.1281859600891121,35.00787053030584,0.04414888644165276,34.221633181858145,0.08186972397966974,36.21694680586857,0.018700056638201016,32.899369873517415,0.12564886882985013,26.60194996008413,0.3299533047752121,26.247082050291823,0.3435418409255201,34.23952914513553,0.07511092759436346,35.696204771896475,0.03136962961970645,34.910407477015006,0.05582929995798378,35.42386693496788,0.053651162711238626
E0_nominal,25,25,34.488076982200916,0.0,34.47802953675044,0.0002962257354204084,31.321730455423285,0.088644293931147,33.26578968645671,0.043799196875357944,32.29931667962182,0.062484897439227444,34.005926176113704,0.014206419370397771,30.10215511268484,0.14320174769698965,22.839328289596516,0.3729022254490676,22.818411114248715,0.3712816398725574,32.20843748028094,0.06438964275018932,31.296757648747093,0.09184242884329408,32.92090295385248,0.043916265266470675,33.806585756992654,0.019703753031811332
E0_nominal,26,25,42.77387193586407,0.0,42.68717851848328,0.002146182804307531,38.0754830358513,0.1077058004555026,40.72858858010787,0.050691539244820484,39.84456687596478,0.06699799874837362,42.250162427745266,0.010413102913168982,38.14538141231043,0.1180018593471379,30.776272448964665,0.31670498595241964,30.46131247573296,0.32430469439836007,39.18788205213534,0.07799261054109936,41.672545333976906,0.030287223267444353,40.304127794290025,0.06693610183837986,41.724987511849996,0.029295301853006286
E0_nominal,27,25,36.85792322395949,0.0,36.71461842012593,0.004705844443443585,33.59885654203386,0.08243559582931483,34.381534291530045,0.07146340693337444,33.64653843003611,0.08266293282393238,36.21650514225546,0.011307796414719134,32.873185596428215,0.12636870577826925,26.42221168037778,0.35480150365267754,25.913488555936677,0.36792479582512433,32.902521710487605,0.10755231197467888,34.63246627687024,0.06250821845781405,34.359995153259135,0.08300735040741193,35.12083762244386,0.04614767913226174
E0_nominal,28,25,37.70563929192733,0.0,37.595501309353196,0.003078726878337665,34.054854772611975,0.10552311692467184,36.28820460813497,0.03622266820452592,35.110226347654695,0.07078029783934232,36.99748518261022,0.021558535956298322,33.35550388063145,0.1364991370273424,26.095638670128736,0.35112056840072287,26.170020946180895,0.34853558416037395,34.367964659625436,0.08090063864638475,35.926740636483814,0.04452437159466472,35.87387885859234,0.05681947871961482,35.76550530505467,0.05489637696052362
E0_nominal,29,25,35.08633382815082,0.0,35.038127709543524,0.0022816422348484956,30.86883303228378,0.12320764236258147,31.770460908513765,0.09528558334397609,32.542610100931185,0.09871281907761555,34.12863470935868,0.05574795697593096,31.133489147235533,0.11850499768526378,24.27531076959718,0.35399421359452055,23.771212858914804,0.3639880781523722,30.969178405095725,0.10249248462949324,31.570446738278537,0.1324106449911375,31.94463294409823,0.08420190119057722,32.229168221650596,0.08391860208133452
E0_nominal,30,25,38.60762673957109,0.0,38.48728235267353,0.006861683911036171,34.81631668564201,0.09743921631711842,36.612066049738,0.059717630619500646,36.599487241460764,0.053372942931837385,37.37066627335555,0.028195272847511128,34.87107272888595,0.11067031411333195,28.505326042826596,0.30022303609476986,28.113693828565793,0.31003622562290234,36.265998838975285,0.0631277708724183,36.615524128203745,0.07986698503658599,37.49376120870707,0.03230671172784813,36.32475372784286,0.07227061038049754
E0_nominal,31,25,26.726244168346135,0.0,26.628771378948624,0.003607860667747751,23.496875772462413,0.10715220426239538,25.253108189564365,0.048078619292229806,25.067308883090206,0.06674646663795536,26.040092139816515,0.02927912607394423,23.188277716427184,0.15433227580682268,17.79538129004905,0.39121526794548184,17.649463009972376,0.4055077332952224,25.101831831681856,0.059780409376150104,25.822677865520756,0.042163633463817574,25.38928850040679,0.045106723421221344,25.64024316565306,0.05551690107570302
E0_nominal,32,25,36.675842249426836,0.0,36.53777941744316,0.004547696730648443,32.37364257748451,0.10971900219204844,33.59030794183745,0.08337736598879793,34.66802139632705,0.05973807568422149,35.82643552594191,0.028759783337748476,32.30769700209167,0.12496312279736337,25.24400911535341,0.3543705387857988,24.941476587034277,0.3621508948004253,33.54851964244424,0.07371443974643323,32.91395492282554,0.10011393871700648,34.18937424899195,0.0626539511334976,34.191383748124025,0.06449422259207709
E0_nominal,33,25,39.01925038995571,0.0,38.81475734901915,0.0065403850533467265,35.06162798750416,0.11506285140249474,35.78484429921277,0.08353810640385918,36.48097610018927,0.08012046300097385,38.06205501604675,0.02486899756530478,35.2047451364889,0.10381298827037182,28.873820649008326,0.30799690584882217,28.56594475200754,0.32119076713303363,36.44468690339508,0.06205457289722146,35.905545971892245,0.06966560109355,36.91503205067601,0.06736031704449269,37.444858529427584,0.040100967515460384
E0_nominal,34,25,40.32420751155427,0.0,40.248338062877885,0.004249361580391693,35.947051143969645,0.11495741953115603,38.16635058854271,0.0562393936310472,37.98199075137997,0.061074737012689756,39.46128742065622,0.022210150960939964,35.97413924873077,0.10985285911887424,28.92641677977102,0.3178822306611452,28.624078835379695,0.32490523157076445,36.58410138211094,0.088723383470968,38.391328902035504,0.0422121675212008,39.251518445092195,0.030442688751112126,38.36494794188212,0.047595111216124614
E0_nominal,35,25,42.55786897332149,0.0,42.48281400711451,0.001861608018988154,38.89862291929339,0.09091733011597619,40.694223466110415,0.0427623599192962,40.31790190279023,0.05685787589387472,41.83869094878469,0.019434770874508397,38.438504726194125,0.12309497130015182,31.529157361323985,0.31464006092664276,31.96386675325685,0.3062899073004645,41.01623061577962,0.04230348589341081,40.93895357162303,0.060352829920007824,39.375958338184645,0.07359083629540765,41.049971179469736,0.04319531190765288
E0_nominal,36,25,38.70425640776803,0.0,38.69090719407801,0.0003604807775944112,33.910969366055376,0.11854075130786716,36.32172578116722,0.06426005628915686,36.03201705899438,0.06838584297193745,38.12419316772846,0.015375821862810238,34.90964916833935,0.11952139984683118,27.914519251416156,0.3443926227495551,28.331604953359097,0.3341763211780404,37.077177526423604,0.04648085519653775,37.233193522291124,0.04940991840979232,37.16192152719728,0.04951497310032829,36.904191193839125,0.05571208947015478
E0_nominal,37,25,42.040992512944456,0.0,41.95762517053625,0.004459204871564038,37.97111199745922,0.10330610860755154,40.38848682521617,0.03604787706580356,39.45447284263207,0.06814856934829999,41.437566838388186,0.013954560487465857,38.180604411175416,0.09903799773819984,30.919998049497895,0.32303217462181527,30.9811396991346,0.3259195877235679,39.49669601634469,0.05713908567332023,39.75997187604824,0.048229070885429,39.87964124157108,0.04776440483622832,40.656804676818176,0.031359255041644996
E0_nominal,38,25,35.3469968395052,0.0,35.29803729434032,0.005144858395084187,31.441801920633115,0.11246198290232239,33.72240871898653,0.0486576506636517,32.88899071243921,0.07221684468394064,34.888768112498774,0.014670827599185553,31.18490835309404,0.1190008069623021,25.016888568325363,0.35131165007811993,24.918061866004876,0.35829124766740866,32.75454768245578,0.06930650437655132,32.90993175363781,0.067737032714747,34.25586815198377,0.035635400089905525,33.693183159613746,0.05531557023520419
E0_nominal,39,25,40.49903800795798,0.0,40.38625430029162,0.0029539391112437807,37.34368389535331,0.0969898342556983,37.70746049893355,0.0728761416310312,37.61898204266456,0.08654560681786767,39.582600395888115,0.025283606786505274,36.21249215132802,0.11143264804061216,29.350747679885238,0.32803198000687767,28.777865145585544,0.33837546613029074,38.03826578180212,0.0604913964209759,39.29226607812746,0.03171754234101675,38.29981126589767,0.061874252783018065,38.220910970350054,0.06415386343034578
E0_nominal,40,25,32.764316251785196,0.0,32.74990828080378,0.0006378823733881957,29.2737196846291,0.11811567309246515,30.447045166134075,0.09095417131479813,31.00910010333634,0.06331005625106634,32.44605090109435,0.012229469723767173,28.388768659514525,0.1601077210180476,20.425459787454667,0.4203938751216817,20.333125643347405,0.4090166889768105,30.007967329602263,0.08332678990627898,31.862677933916512,0.029492486901242173,31.380948261582162,0.053035443796319956,31.31336969725078,0.05759261118816341
E0_nominal,41,25,33.33910840927717,0.0,33.299006435210266,0.002027167747102993,29.31492942455722,0.12530858713603435,30.972322127600982,0.06544390361883964,30.640477863443504,0.08599768364196686,32.909690646818625,0.013894359359969032,28.860316034771834,0.1446546522752908,21.92599459904234,0.3863653148200723,21.721732158305176,0.38433733812711773,30.518218118195072,0.06918860538407663,32.42343769192615,0.03300469757430981,30.738169122714773,0.07576706344300854,32.13900906404198,0.04562723168949589
E0_nominal,42,25,31.244376177769297,0.0,31.1794086338334,0.0033576392018630358,27.27958496745993,0.11437920015664853,28.50979997490387,0.10210753487580211,29.78648807509748,0.054973137145831005,30.9463855973836,0.010764611195750147,27.48881991900942,0.13329965193517573,20.47668817225149,0.3769081550140853,20.640180785565768,0.3722794322702345,28.504524847176413,0.09742658574856054,28.593225452185102,0.10792248461391798,27.63852739346545,0.11611088408906317,27.96155756271358,0.12436978771794881
E0_nominal,43,25,33.03796075514968,0.0,32.98308133353961,0.0017997052635607114,28.830115790514938,0.11868809219888,30.291550083151957,0.07905530346021744,31.67071570646467,0.04582944409836286,32.42197135539529,0.022093314574166526,28.60591491375756,0.15104666745499423,21.830462698156058,0.3726096032159552,22.360708000990176,0.3599328838301229,30.146141717045296,0.09747035467158542,32.12971796525321,0.040268343570416365,30.802907071936655,0.06996255260082272,31.042836884801545,0.06241981435442149
E0_nominal,44,25,35.40572283127535,0.0,35.24862570384884,0.004226772125270479,31.217300299999962,0.11610224221714446,33.911286711457834,0.03614580362045783,32.77091124596299,0.0889362258704047,34.7979880395095,0.014550030806139109,31.55439762375788,0.12520242728599068,25.63002757139236,0.33877673775014583,25.239405686969025,0.34637911904722835,33.57006202516097,0.048322259657425,33.83769503962135,0.05701929469040887,33.62752947218499,0.04787644673221258,33.73352980857459,0.05026315306707255
E0_nominal,45,25,34.71048845995078,0.0,34.54599151808597,0.006025350416562855,30.227874537262792,0.12320028945120322,32.54069322027532,0.05264887521678202,32.769935675433985,0.060266508591142604,34.233910573433214,0.013288859314040391,30.05916318367377,0.14382208271287933,23.915964592590772,0.3780842533363867,24.53346085913376,0.3539360860833894,32.56825438161562,0.04655157259459543,31.854969602312476,0.11922758816606674,31.43946701144713,0.10351716869914611,32.65897145150267,0.07148429464723734
E0_nominal,46,25,35.086755951681596,0.0,35.07333307874276,0.0011958025974127067,31.170005663642478,0.1152390357193521,33.184891557577224,0.058594623270200125,32.82081600505898,0.06310419338669565,34.34209520419783,0.028829110958977743,30.780772580446833,0.13225616238207163,24.204122480971265,0.3523130348039889,24.531043095653914,0.3411935096056936,33.33731199076121,0.055426625540893476,33.528302755097414,0.060061777706031536,34.05715580525349,0.033580473861630065,32.660106216920546,0.08189651900230896
E0_nominal,47,25,28.963176044641123,0.0,28.949069005578952,0.0029660761873187376,25.324106503304268,0.11496716138700885,28.205433910848132,0.02678950408468073,26.69941378643247,0.08707023439593892,28.432345498455216,0.022037032424691006,25.46854557064359,0.13041187631436213,19.113947478967535,0.409628766417794,18.83475438136513,0.4165394361209502,28.057282318655304,0.03923598875350272,27.833358578216135,0.034924017300512845,27.54697913016839,0.057367182522809416,26.85645957023322,0.10603574005267966
E0_nominal,48,25,35.950892166575755,0.0,35.87563754843203,0.0022308605004412205,31.901207648267423,0.10983151403607536,33.98826994818276,0.04920154025225325,33.912285478655825,0.06007504653644704,35.25800798819656,0.018950071341009688,31.660793673439425,0.14291544573446233,24.355666220862894,0.36422817080828973,23.878404110478513,0.3757775907305224,33.428618083691354,0.07827590878860267,33.79746952122173,0.07979509070942009,34.49112885327958,0.053393878571308305,34.008321247297424,0.0622639763472098
E0_nominal,49,25,38.92302284014913,0.0,38.81523770569427,0.0044293518221712675,33.692636031527215,0.13173766763957084,37.73780730432508,0.03395336670219772,37.21295495036128,0.05595145080017958,38.41915299138638,0.017312876990923324,34.39065803777021,0.11550394923109032,28.206980946188196,0.31846371355199815,28.066981926655075,0.3193778954529411,37.37382349208431,0.05050806029726641,36.83683809830364,0.0649244085188779,36.9661365980211,0.05302652263780808,37.649078993743416,0.036534332887792786
E1_high_load,0,25,28.702522462651924,0.0,28.632824292496025,0.0028021788008860795,24.803947933201467,0.12731806190419326,26.99882691380664,0.07591031675385387,26.46098460954259,0.08099802982699676,28.105247302490334,0.025149675300858227,25.081314850016796,0.1468305323038951,17.767722288102444,0.43184325372535687,17.846535421897215,0.42907955871160863,25.601479773371217,0.10870086124351172,25.539561217320525,0.11818504198953006,27.246862953812915,0.061040540619265046,26.90384210568113,0.07737940883324645
E1_high_load,1,25,26.332497842315306,0.0,26.320282126651026,0.0027476090044697456,23.268925290651456,0.10652398390145447,25.035775269974234,0.04905669343642956,23.856731459903013,0.0853198890628115,25.776987698667813,0.018389429604364748,22.882276737505386,0.12488230501066934,15.95672055619431,0.42594440252181826,16.120510390079378,0.4215877107335104,24.373144181506728,0.05731465143253374,24.85236956609109,0.0590317511075224,24.935624129779825,0.050602173444412146,24.480573158655858,0.06591999578710656
E1_high_load,2,25,25.933706785029567,0.0,25.8629918189912,0.002161948673453825,22.530055264189837,0.11458583168917391,23.42214629728654,0.10260039292856715,24.10920417261099,0.06749391942304425,25.304516857959158,0.02157015984903004,22.979268233151455,0.12869491061662724,15.98277438349798,0.4277410940365086,16.053176589554614,0.41988529229240895,22.829136345760094,0.11831861556849216,23.7041211737183,0.10306718587317784,24.21014044416247,0.061614607652047404,23.967251942722182,0.08949131519837016
E1_high_load,3,25,25.074751874143388,0.0,25.018760702496785,0.003161608196278962,21.76378281028639,0.11506946112960667,22.61873500341453,0.099249134430513,22.746942117497678,0.09502537193800212,23.47814585528587,0.06393016360112887,21.931677109913917,0.13517996963729126,15.406350956436286,0.43768527458336925,15.891995207294991,0.4187522747112652,22.5638024364256,0.10412421731320937,22.396878161807702,0.1231617808963219,22.967873470724104,0.07719978649485143,22.53008265202706,0.10480375502585373
E1_high_load,4,25,23.495109614911993,0.0,23.47288553107584,0.0005639949986380227,20.772190534066752,0.09887889743034307,22.84975198081442,0.03526487723104357,22.069608231685017,0.07667038376967858,23.240038360737653,0.014142021108935412,20.212297332749056,0.1559991125245001,14.331831750875581,0.45317827459299836,14.06005909962305,0.46317662505825047,22.202976754955504,0.044475512451837264,21.862008594213812,0.050514272457142996,21.92615549223156,0.04242064741646855,22.1346882461219,0.06496900707177133
E1_high_load,5,25,30.537827045881805,0.0,30.471262109291402,0.0030558850433259643,26.752982325229567,0.13903222694590017,29.504927095037246,0.02970380862152802,28.633618201291114,0.09530757958822308,30.125224152371,0.010959729854201065,27.100426132020992,0.12224216540367877,19.0914260655523,0.4325745804232685,19.334977533392145,0.43082547641445323,27.94165135958677,0.06542956855943408,28.392015866555894,0.054284307073276,28.186876347673707,0.06661888172743158,29.14487009816168,0.03696515430731769
E1_high_load,6,25,26.99562556303593,0.0,26.88929300827858,0.004540026074701417,23.61786721339234,0.1186022288953398,25.557432147920395,0.052576284546567716,24.473519030760162,0.08813347686534645,26.196014889019697,0.028445777018151333,24.015130042266275,0.1163621379051603,16.10197264580585,0.4425470614212129,16.234971942791795,0.4421827832754325,25.030214278527453,0.07671289843207812,25.52935687914667,0.0456159098446604,25.231759873669233,0.06515814376613385,25.296184509477328,0.06943767678019436
E1_high_load,7,25,23.934900001281793,0.0,23.892756186630432,0.0012041787289684414,21.449263962208775,0.09346862072762872,22.136852019292554,0.08442498473462633,21.986528245748527,0.07825826591060178,23.356248038341615,0.02334132237598744,20.609942571568922,0.14871953772423238,14.846545092378438,0.430431024477214,14.75597489219918,0.4288523222594492,19.583734046196586,0.15770175901285602,21.243911139755536,0.14235238425818075,22.141020419271918,0.08470700298275972,22.115617213983054,0.08200055028734324
E1_high_load,8,25,21.639963105357534,0.0,21.61106008573938,0.001596879609185505,19.1130258224645,0.11208570117047845,20.633784994193444,0.04564776634270395,20.34896427863335,0.08453213792894397,21.250778390771867,0.022034366466265838,18.76536065446962,0.1346528658232343,12.671863714518333,0.45492598368354387,12.705543961889726,0.45803058411482245,19.952825013109795,0.054860367084531625,19.469521242629533,0.11818669983451474,20.84906653207242,0.031454201602747485,20.71181730678617,0.05498136454926452
E1_high_load,9,25,28.74563701034957,0.0,28.665683049360883,0.00378118627561026,24.86216882338799,0.13163024511953905,27.867931864675732,0.03652504210822169,26.959802804957985,0.07263256956167558,28.010861481259223,0.0303946325850727,25.252829689967488,0.12472202777680402,16.81835846051326,0.43837996345572683,17.17853073868101,0.4256339002659991,26.193894025391117,0.08033977180694396,26.208519864611898,0.08250142238390104,26.66684140345381,0.059008799587326875,26.92029404769307,0.05794360736551077
E1_high_load,10,25,25.61038389312745,0.0,25.58927073240354,0.0012024399425343921,21.903705900793398,0.14559304864162173,24.05440198752124,0.055484077994716774,24.166388599501428,0.06939318577191232,25.256047022361255,0.013892359165365636,22.36883390896561,0.13355127603503575,15.321739265583592,0.43492609928184905,15.012718954203963,0.44165025287259335,24.238680115987385,0.053693571824106334,24.38995455661387,0.05044039390676322,24.116687629973477,0.05080603920523734,24.63634482654948,0.02949546450874357
E1_high_load,11,25,25.02366339474884,0.0,24.921263030494842,0.003962735826354839,23.164334150032925,0.07576588503719035,24.098261502285823,0.039770806113594875,23.313761490573917,0.06772675948228779,24.68281962678534,0.012369206584636371,22.067522294422446,0.1346719925540698,15.054657694436823,0.4498259905928316,14.717580449774363,0.4551290245043308,23.714436096129,0.05089938872354102,24.47871867884546,0.027020724884722677,24.11036283794928,0.04535305699163172,23.05519206302415,0.10511639044799825
E1_high_load,12,25,31.218092876411898,0.0,31.151744057819204,0.0022037354661547898,27.43537062684915,0.1220973459837163,29.39679572469717,0.06795576509415079,28.747756428785316,0.07637418644859144,30.60549788764763,0.02244986898453531,27.44974009218458,0.1293463478645512,20.356537528288754,0.3793813256109166,19.570119362146215,0.40090005530231343,28.872920594850658,0.07147298000664253,30.11428969424411,0.04448195717551021,29.367396624585375,0.06232511983016561,29.55614971323571,0.05610861063154215
E1_high_load,13,25,22.255264964101833,0.0,22.231753284874923,0.0019405246686703568,19.815021114569923,0.09966645173649567,21.33821275524841,0.05201767204158747,20.992367915867913,0.06056706218446753,22.150466029265864,0.00408876990741393,19.677674445301417,0.1243665875607561,12.466007243303288,0.4718687736701069,12.489459319793268,0.47698914297371403,20.81923308702651,0.05692427029430051,20.799933103803422,0.06034962793998765,21.058543406544636,0.04765988255100692,21.058543406544636,0.04765988255100692
E1_high_load,14,25,31.435240315559298,0.0,31.29689589490022,0.0043285534899955335,26.8780573012426,0.14280511976311294,29.552588487702067,0.05340451913172466,29.22319892978481,0.07688267117553205,30.671796572760286,0.025731835441472724,28.377806447620237,0.08974786056015951,19.023248914145213,0.40915378272402014,19.188749690766414,0.40372354021885193,29.469238688003387,0.05420312482874325,30.163823743440666,0.036603429285740126,28.816115968303848,0.07060099341722,30.010801315980107,0.039152315237296814
E1_high_load,15,25,28.247516877297944,0.0,28.182498973713532,0.002001774252802744,23.75905055608446,0.14530449592316327,26.738592035345924,0.05375072029475981,26.01936349560378,0.08532250131697715,27.458030503078763,0.037094670153794064,24.822217072584763,0.1402656233345068,17.682991928295603,0.4208854135560011,17.480488721251362,0.427117814891056,26.00676162907611,0.08513329625988682,26.512102264387646,0.05730739718758066,25.967198349856925,0.07792147474735599,25.321973398267314,0.11002816529740318
E1_high_load,16,25,24.893489021741868,0.0,24.81963011508412,0.0028487512029350577,22.41068738098032,0.10069692992482086,24.140108094809417,0.04406923289264552,23.400896079654522,0.07054564064652495,24.352825392975152,0.020068253870300538,22.132530126747284,0.1238716059462062,16.697247945204662,0.3828711343940297,16.318472101627666,0.39279464453964885,22.823393836501737,0.0798653954520321,23.777791899348696,0.055952740471548724,23.873724519731375,0.05903775251071192,23.36597339088156,0.07048205938835751
E1_high_load,17,25,29.40288939308713,0.0,29.368743404644068,0.0016168123636187848,26.359303223556623,0.09500365602235938,27.448043426061886,0.05337946535309648,27.425044767871437,0.06307819304144602,29.302291115593757,0.004805760059800168,26.284462768479244,0.1157213094731485,17.57759228772127,0.42453602672957047,17.72656239588031,0.4177700292574889,27.007117664150623,0.08176841053821012,28.179251279623816,0.04458207323256481,28.146110231296287,0.046956446224837946,28.102031867150266,0.04909875322646503
E1_high_load,18,25,26.12328008079055,0.0,26.05190141101405,0.0024498767939711476,22.841130091133756,0.12197672121292343,24.548253797294752,0.05249913092905349,24.269643946105656,0.07317511013598521,25.476703228777048,0.023281320865757092,23.026777026810247,0.14453072380263207,16.108161732179088,0.4341825436321068,15.706527588582695,0.4516777984104349,24.748781490294217,0.04787794882885692,23.599177800131514,0.1008858641721224,24.96582768035465,0.038019975595495185,23.393225322872958,0.08613459145665833
E1_high_load,19,25,27.48729040513294,0.0,27.454629291574655,0.001174443733957749,23.171794675532723,0.12728572127739624,26.118349693370405,0.0517930587060917,25.57162050512903,0.07293932641520313,27.129775477770885,0.013074983254568098,24.564532769180406,0.11738296919465936,17.692233763948515,0.40956933748763097,17.46507523598259,0.41154433840720034,24.853338789597064,0.08484934275827768,25.20818468744059,0.06731643119110205,26.47271545846245,0.04232435552019703,26.082682294955767,0.04366838606910069
E1_high_load,20,25,26.189248523269786,0.0,26.151544908799327,0.0038277517925936278,21.653989240822835,0.1566545227754627,24.43592332860799,0.06569431915031716,24.561330159915364,0.06923661163912978,25.57742907557255,0.02253436194450477,22.620097055821443,0.14382398097337462,16.154185126822398,0.43418076598034494,16.61206588735976,0.41428091293581715,24.090499722084136,0.0789239840730861,23.472647916176207,0.07790261664849282,24.647447789623833,0.055266381608374694,24.589075293732325,0.060298023376084406
E1_high_load,21,25,25.964146057300887,0.0,25.935596528656678,0.003254016269769975,22.627925144912833,0.11274013343235392,24.13536859945828,0.05668776082348415,24.06488596107255,0.06617276086036748,25.32925163802392,0.03938403511158773,22.436745884298574,0.15554819168641618,16.26914106575974,0.406264020194058,16.244083145944046,0.41178987076290646,23.494861291180868,0.09806463086024163,24.75991297712713,0.062259952510164626,24.579417022716694,0.07065301950798389,23.568379074516532,0.10164364602488218
E1_high_load,22,25,26.316733391930466,0.0,26.252287402365337,0.005073544033332996,23.577704613710516,0.10894567014405312,24.288786465704078,0.08613597200635878,24.247300616110742,0.08320780005819647,25.93480781446622,0.023355432361743186,22.97203712368826,0.16093476371691298,16.038595067604035,0.4576290548112309,15.848277270974432,0.46558607471998953,23.647121856581986,0.11037551072041557,24.316933251517167,0.09385164542315821,25.011600982706987,0.08645249499341044,23.58686780449997,0.14438845633763223
E1_high_load,23,25,20.314583132448107,0.0,20.253830635472532,0.008457286880445674,18.297705850726565,0.10845730500858776,19.16165924389782,0.06434011470033074,19.13762668804072,0.09221819240330088,19.94899040522778,0.016181842993199087,17.719215067184624,0.1313709999078279,12.278190952671117,0.4269276520633218,12.244555009761665,0.4346832349808867,18.561659550517174,0.06791204380859106,18.8105194814496,0.09291574206820112,19.628167703409353,0.022633144741818073,19.253225778257303,0.05443084806728791
E1_high_load,24,25,24.143941783057507,0.0,24.044533071207308,0.00460528363803097,21.104928403358414,0.11843303848548598,23.407988669193948,0.02988369895839176,22.453357551712806,0.08177135825689075,23.407892827902113,0.06345036297720266,21.177117565725677,0.1340456062408209,14.990270732142122,0.41563548188755745,14.539862015300587,0.4256048055524857,22.836021496417484,0.06227829203090858,22.901576551731647,0.06931850523756347,22.458985250663055,0.06798034871135661,22.679850661812836,0.07048128421715967
E1_high_load,25,25,23.45299556192575,0.0,23.407180373446508,0.004089555050572883,20.2393130809682,0.11669865602714312,22.51312227920849,0.047159307776687774,21.844758839563713,0.07136621803696032,22.85158550922522,0.03252329452704933,20.683331687152098,0.11879656970523042,13.502442877658964,0.4366828013435334,13.208352928333692,0.4454491986153414,21.49109233900208,0.07845355432523092,22.178764329865984,0.04940360081761343,22.408403426716458,0.04054313815592797,22.13326146585858,0.06248753135092087
E1_high_load,26,25,30.96853385243683,0.0,30.818353508914583,0.00551179842946588,25.94358059403224,0.1542331451459941,29.263655593848494,0.06098719450909423,28.448780460559693,0.08891382733245096,29.91538551137212,0.03638217535240986,26.346155584055886,0.16657652853600935,19.149492262593302,0.4090844772853886,19.219636407653052,0.40413243751114875,27.427982264460283,0.10887292254799931,28.437686828308728,0.0840795980831216,28.31430705307816,0.08773971225644893,28.0563139397365,0.10253114244348549
E1_high_load,27,25,27.091162585846938,0.0,27.085381905425894,0.0002622096699342921,23.892437500516966,0.1049523546999666,25.123298102467633,0.05428855529936154,25.34884932315658,0.06545929523832904,26.535134858845463,0.017928007420548123,23.969835098442427,0.12214819093298812,17.14528434129806,0.41387368404514335,16.976704747548567,0.4249295850162059,25.20294701125559,0.0635823557550133,25.72908304353479,0.04537352743202101,25.42546881310027,0.047347820750153334,25.112351374214064,0.060672433533456686
E1_high_load,28,25,26.529138233326602,0.0,26.45383064253871,0.004338141363331548,23.715726256089862,0.1041202675875406,25.934579522365198,0.021454422180300324,25.50466144074501,0.04552258468657921,26.262247150411874,0.01149189659436533,23.59372567548556,0.10538345375378519,15.98806890526688,0.4572458235055054,16.13255254179444,0.455892117766856,24.230666038910712,0.0679027399776864,25.122270023598595,0.048087643058808215,25.926837941106328,0.021705884979655546,25.63858693222562,0.0297200566290746
E1_high_load,29,25,25.044925677921192,0.0,25.005431835075672,0.0020885326313252804,21.441848071972828,0.12587702882053373,23.637752065418503,0.053408479211469746,23.369762384136887,0.0746252101689314,24.31392741000286,0.035998134024241096,21.45228796455835,0.1512687859232062,14.800731385414283,0.42599814733808705,14.740068968196148,0.42549882121559407,23.50395664852324,0.05469076003782172,22.04603303917304,0.12530735020797046,23.385966039505842,0.06081050792741111,23.403690003134344,0.062133646126724534
E1_high_load,30,25,27.38903447239829,0.0,27.329158862514745,0.0024254111230265856,23.82118395204575,0.12188991071898951,25.82094600421809,0.0568344923452516,25.546174265850322,0.08153881468168914,26.810006034839088,0.047649353492922465,24.256313788343103,0.12404390526477381,18.52546512148952,0.3510422707388113,17.645083578635198,0.38228780416816915,25.169739923586572,0.07584641563552533,25.593835254630882,0.06822689949360039,25.8853282959494,0.042092805836204915,25.71497585880765,0.06203147315350812
E1_high_load,31,25,17.96930722288981,0.0,17.85007782618964,0.006840537997642918,15.597741873440905,0.11261348279062443,16.30544493638661,0.08771530990247144,16.048341642754238,0.10086675823551118,17.54876136503228,0.02349471638911428,15.527011015992064,0.1461427062667621,9.505351224082348,0.5055233764478357,9.732394535919553,0.500714872878246,16.114560297876498,0.09646181561844956,16.236998530046094,0.10367075165514261,17.12755968780392,0.05120742870865405,16.401246007405437,0.08309572526200153
E1_high_load,32,25,28.31930871560967,0.0,28.2893323743824,0.001765871229407149,24.93237350538845,0.11307968665678192,26.54058612696074,0.05327780082737662,26.337144601610035,0.07079984559303552,27.728190301021986,0.022550949468376928,24.773103852659165,0.13120362854303994,17.23345380218114,0.4265106662323373,17.140271487598106,0.4255299682434076,25.738665586827324,0.08386017469155072,26.63006572919455,0.06640070746691028,27.632423334424107,0.026584185155204734,27.11572388723349,0.05022209498580327
E1_high_load,33,25,23.041856349842043,0.0,22.982407149800405,0.0015603602412090696,20.44106245450221,0.0953901678208711,22.10008409636087,0.03394028726754153,21.723165686677007,0.05227176629012148,22.626390684401404,0.014528268270212058,19.97222375710832,0.14570826017253607,13.64445556129404,0.43584051984481215,13.324687881072625,0.45414228659624617,21.24803814042831,0.07540621248612535,21.761376003911927,0.052806558332896825,22.48983883214338,0.018495972696927803,21.703592283992208,0.055927747458834755
E1_high_load,34,25,25.320984930624576,0.0,25.153328986207026,0.004215478257125696,22.392633086726185,0.10880459837349718,24.35478494854,0.049955240012949036,23.797050610602707,0.07419200371280965,24.809638144697686,0.014998709829117536,22.378834300687476,0.12332027175005063,14.274581356989554,0.4921785539542624,13.899633473039712,0.4946190114956932,22.248942477241048,0.09888392732586922,23.49992199994997,0.06840474958278593,24.211598648587778,0.03240208556215701,23.399515838559317,0.09697522499916122
E1_high_load,35,25,21.61690349902249,0.0,21.4900214564052,0.005250767803167966,18.540276659589555,0.1264843203073487,20.395905619883578,0.0543648414152355,19.976204304384456,0.09855339289453437,21.278359149173816,0.02993790024124386,18.683735931668167,0.14083727619221492,12.499193103393612,0.45966151837655966,12.561430751568876,0.45831126205840483,19.96652682652197,0.097087167322504,20.273751068721907,0.085234274578726,20.70661949877494,0.03054448141056571,19.976183121823418,0.08870233174073798
E1_high_load,36,25,23.390552747307588,0.0,23.374031095698356,0.0006358416715077056,20.13985339427117,0.12312582315193282,21.26834068327978,0.08779422846710355,21.68340569996475,0.07770433857583858,22.88542854474907,0.017510377549136712,20.61063712590741,0.11606806178183993,14.703685844618779,0.4120287576555047,14.791402438384793,0.4011162377734817,21.22686950804391,0.0781579462404903,21.760146308863863,0.06396039988188751,22.13265215163921,0.03780526670987861,20.75654638359946,0.10778219544217686
E1_high_load,37,25,26.660493843560342,0.0,26.636841138938074,0.003890760950451648,23.95496714711676,0.10749678711936257,25.152593850109238,0.04717600570213281,25.12999814108163,0.06613356054690678,26.088294875448145,0.022230390840638766,23.543878627187922,0.1135421566319335,16.748862352406594,0.4423740779568219,16.89154213322463,0.4356277568653865,22.891090993565477,0.1021298082445082,24.368585086708727,0.08024122169712337,24.430354979285184,0.06451069306478721,24.3011072942207,0.07204401955051029
E1_high_load,38,25,23.210536031980933,0.0,23.13700857581955,0.0031808734810331134,20.522841291973876,0.11239529330765789,22.089033225422817,0.0576727597025274,21.58947065515208,0.0940816648126699,22.87408137703517,0.04484821988970053,20.001278690864137,0.1419717827834427,13.355073424863145,0.4667229321896461,13.21699400649026,0.45753828452431217,21.312411551961482,0.06518397790670738,21.718376210532814,0.06270809268040275,21.52054041011446,0.07787366036394631,21.47694236848661,0.08102985457612133
E1_high_load,39,25,33.75733671922653,0.0,33.61198872390903,0.004138772802705475,29.984006025098402,0.11656534495448229,30.630533696282086,0.08718469028911031,31.658394929025995,0.0959444816474795,33.113069411585386,0.04983797345745619,30.37076561618838,0.09641972586525283,22.77175739183271,0.35690443850059994,23.272197473714833,0.34407731273514464,29.86597485121695,0.10588452584053615,31.27480590503949,0.07993064454157833,31.808782931877136,0.05806154336600675,31.61434116287473,0.05988738925629936
E1_high_load,40,25,30.077249067982788,0.0,30.04217864532764,0.001090568952774195,25.629438670545447,0.14882127979341414,28.650755636698236,0.06952768008307116,28.354387788788813,0.07095770529751116,29.738228458700096,0.012666100784558371,26.027244800795014,0.16394348719440546,17.834998036941556,0.43991045494454684,18.03995898426995,0.43739311038564516,28.017941966254895,0.06688386474215952,28.46200370354909,0.06275787777610159,28.424302158201503,0.07778979207743887,29.00568703867454,0.06198572204472201
E1_high_load,41,25,21.92511014795844,0.0,21.87314473185469,0.0034429789921778266,19.626839464881826,0.10913268757866296,20.997054745956284,0.060351383424524375,20.688977822376263,0.07368613792825898,21.533854527584776,0.02787685198155256,18.87609103652464,0.15276519994320042,11.615949386983775,0.4835666381616354,11.671021505547861,0.4801056677531153,20.332133443842103,0.0818512316956519,20.565489633831092,0.07554408699938463,20.743944335813755,0.08118809061709588,20.639541314165363,0.07063533578241696
E1_high_load,42,25,21.483836975402983,0.0,21.370017340431,0.00894388936608072,18.807625634424113,0.11312949821007677,19.93058422045673,0.07581748310723907,19.875524215463305,0.09462920174735256,21.026418545813964,0.04152883947612893,18.545642847675094,0.1417964689823805,12.831317210303904,0.4428253579606093,12.98595471944687,0.44077555182369144,20.56714842802554,0.05293146457866267,19.760052170356282,0.07239285666984965,20.242738983258114,0.05753445840958598,19.56418623843908,0.08783746298446792
E1_high_load,43,25,20.56927086352438,0.0,20.484068783173726,0.004374027437940346,17.894274857040447,0.128383771587572,19.74254626568467,0.03711447266651206,18.935285623991007,0.09744219715714467,20.255908904079536,0.022413048249073145,17.573709907858248,0.16128828609777568,11.446330721733897,0.4626856181388559,11.408819566942213,0.4635109645549961,18.884949920154337,0.06134959977053122,19.221761849630937,0.08308706322641715,19.675781306941566,0.04296904738837354,18.684070543685642,0.12051952277384557
E1_high_load,44,25,29.105203464477786,0.0,29.07094300787337,0.003582227943786958,25.69372180205427,0.11524368522179929,28.40013270490742,0.029283765822181965,27.332374435422217,0.06556214293708279,28.529518987056125,0.014337569875691583,26.167517995516402,0.10607504018235354,19.408768916798703,0.38831622597884496,19.224759428672236,0.39056270707571383,26.628204167615376,0.07220007506846456,27.28825855359405,0.06562785823421137,28.32352409046938,0.027128711135473247,27.927032437128823,0.04061172654766573
E1_high_load,45,25,22.21136542665114,0.0,22.184155924326447,0.0015145083799166451,18.75345087890822,0.13182491533473262,21.11566578714759,0.0404079824724215,20.23793660306234,0.09136989844163279,21.729596051582785,0.03345423000108896,19.129262823188196,0.13736983525120297,13.463147490081475,0.44519980343434945,13.328361381639112,0.4494039522685507,20.665354715418836,0.05667723816117353,19.97188147945101,0.08575850039571639,21.23299499719365,0.033349641389436545,20.557902712347474,0.05742025241737775
E1_high_load,46,25,24.529059481779637,0.0,24.379875297707994,0.00868350555050758,21.045417085892865,0.12119786144293533,23.016037294353236,0.05531219872606984,22.647857411933874,0.07486610552588807,24.207798195398937,0.010228066477654079,21.150310580171073,0.1342144776453261,14.845776104766507,0.4469513929028001,14.35193149201203,0.45894200614145786,22.163500179738413,0.08370962013818381,22.28554244095786,0.0782418985690247,22.945526941698827,0.05152028376397794,21.624033097774245,0.11950725000508527
E1_high_load,47,25,23.5263355562894,0.0,23.4950159230814,0.003919807157835453,20.745756698892087,0.12361173483897321,22.341002546705443,0.03595326426255521,21.455246055173706,0.08895136760174713,23.142644904063594,0.013316523134190099,20.900239024259918,0.10245870343844025,14.740328512264838,0.4247160563717713,14.478181179385647,0.4246767561942035,22.31614201746975,0.033326766006376136,21.9063492283365,0.05604006088393146,22.779092158946124,0.02651645376034194,22.465787096306162,0.04601185926749626
E1_high_load,48,25,24.181859841467176,0.0,24.079574076902908,0.005827093811735229,21.945545404537082,0.0886109625936261,22.474843387627423,0.06353867949229883,22.29874974127244,0.07535675593066486,23.522701398704427,0.031103168308118847,21.55731704069136,0.11779472013568487,13.84711442282584,0.45353674999274346,13.516680482073625,0.4629159212733768,22.280484069942055,0.07560817350052873,21.434794833340305,0.0893874591718494,22.74015611903556,0.047084029392699595,22.88072886775654,0.04770610042092385
E1_high_load,49,25,21.9829996962531,0.0,21.91135438098495,0.002428835034950153,19.061734375673485,0.11530376444171671,21.47896785631644,0.024828088202385034,20.20045691673045,0.07917106251980309,21.581285847227374,0.025409124306831985,19.12967565313077,0.13364917070153318,13.988408746624424,0.41948547526489993,13.814214251127892,0.42235144108103073,20.985659990215698,0.04203046148594927,21.004845702524616,0.03757935876870453,20.659542192159325,0.05781663425267244,20.493987176423197,0.06724358745191823
E2_poor_channel,0,25,20.240125373101037,0.0,20.1843315119976,0.005462163824616564,18.294015661992972,0.10491928283651411,19.437305180808526,0.03952060066416587,18.613242279263176,0.11536095101078411,20.074591929007628,0.008218836119642272,17.83125337389596,0.11475354336346491,12.324417560576194,0.44644232599149947,12.276110266376826,0.44587292342624935,19.372660890522496,0.03395722603085244,19.75472856617045,0.02751401666918126,19.784493307835344,0.021470644212208522,19.41963303222124,0.04141231283901393
E2_poor_channel,1,25,18.5564936610233,0.0,18.51873713720797,0.008127670254693041,16.9562408057081,0.08492123410450499,17.606369946664294,0.048672764803890746,16.786267031204538,0.08742080425351507,18.119695078977394,0.04411951497889268,16.806492620348713,0.06937036128581889,10.062377580891456,0.5269407292431635,10.048869396367206,0.5321726542291351,17.54209234270721,0.036789665560147546,17.9455089647057,0.04805502970613082,17.961068630327905,0.03215811961753975,17.7977487644095,0.03266832772831053
E2_poor_channel,2,25,19.656964051423635,0.0,19.65045359655084,0.000817896360200467,16.947228172041097,0.12172441669628192,18.56188973586845,0.04985771733215728,17.99842436052795,0.08652969720597245,18.843281413722586,0.033286414603444725,17.560839507142067,0.10521016068355506,11.48370005299326,0.453421633453093,11.588429169716324,0.4490460715264788,18.18890975479023,0.06930582596066022,18.555848791008728,0.09770782987324617,18.483539225951912,0.05404954447412257,18.558000175384205,0.050750036176933584
E2_poor_channel,3,25,19.69051975350302,0.0,19.636234205611547,0.006562660783627209,16.728183033788707,0.11264530522987061,18.614608906049046,0.05419460557365207,18.327261282481164,0.07504709919827475,19.282907684118474,0.011867502280046394,16.853862755969388,0.15573193657678222,12.178083294849964,0.4568984245560679,12.083989884611123,0.4588818242841269,18.04749489568441,0.09077718290381225,17.97371106906759,0.08457491089870883,18.67562073381735,0.0467641465566765,18.753268354073516,0.042489518957649394
E2_poor_channel,4,25,21.417322084348495,0.0,21.340295579829036,0.004039944769830718,18.900207442810512,0.11488564114347474,20.30297713205325,0.03855666331221365,20.09835913949207,0.08730630635044391,21.127861998930722,0.011897800385004603,18.58418106878877,0.12187298356108743,12.941489650884277,0.44173497610520746,12.751635949406795,0.4437159979682394,20.274885373202764,0.04248124873159433,20.34745645631441,0.04043005635159317,20.24833733376746,0.04002381143655003,20.316098406210145,0.041613424588210275
E2_poor_channel,5,25,21.540526206519502,0.0,21.508033623042984,0.0015142483429315817,18.55100368728593,0.10693017557975898,19.399693843096568,0.058927417453925456,20.184509664342055,0.07111162151049602,21.02453905945208,0.017174079399441048,18.843189619268717,0.13813322912426437,12.718736395401848,0.4670309611872303,13.02545652162402,0.45465887578138464,19.692633779342607,0.062337060110979,19.984425063352887,0.0788690395923377,20.4697531162322,0.03383857945972173,20.157783065904407,0.060733267363546936
E2_poor_channel,6,25,20.271298390207296,0.0,20.23838137392275,0.0012977028675035974,18.759487535420238,0.09776593029466125,19.92130582533383,0.01662370541530886,19.010880856991616,0.08944912871848953,19.841515911699737,0.01709619347471501,18.03772400930255,0.12054212490992455,11.483599150826103,0.47198591068373813,11.864490722947503,0.4553730400128833,19.209205445943702,0.036653160074659054,19.571406334354457,0.058366790616838395,19.975101860998024,0.019602930698350337,19.873239379907147,0.019194824645626867
E2_poor_channel,7,25,16.937236517241956,0.0,16.910512458817625,0.004370807277516022,14.806059881038125,0.10680188458747739,16.204594501430755,0.030009404989886097,15.887479245223581,0.07040674956558807,16.762089315721695,0.01153674926805214,15.014548536510894,0.12692020694931652,9.875293760847237,0.4764006953765545,9.711720308304574,0.4881690685631692,15.610448522271938,0.07317045489341553,16.397048054022928,0.02236996504798692,15.604531429771962,0.06983791455293588,15.987317557735913,0.06915845966768115
E2_poor_channel,8,25,15.937931720275213,0.0,15.873549570090292,0.01197358568988806,14.899888391983675,0.0706625171498572,15.42049427023653,0.034060331159586836,14.826594461381708,0.07162072255556821,15.742708469460482,0.007941676933014579,14.12717165601574,0.0981453480459462,8.39688739209856,0.49722730274920124,8.068710113166697,0.5107036576428828,15.20092560381462,0.0382113671349614,15.0891694418431,0.0714986088804835,15.494945269182923,0.04458913043497905,15.342516324483734,0.038685327416041713
E2_poor_channel,9,25,22.14428105715414,0.0,22.094679060195094,0.004477383523309511,19.729715746840817,0.095033648403631,21.72733002907819,0.016731155402108455,20.569104757257975,0.0731758936753,21.59484847300379,0.02037905967060097,19.342114373649306,0.12283734560518765,12.842033616678645,0.47792198880355313,13.093782343156088,0.4722138182294189,21.23958215844899,0.033929032026303506,21.7277215702736,0.016658963868174937,21.727643262034523,0.016673402174961632,21.621930467133044,0.02144454152183531
E2_poor_channel,10,25,21.63823096248733,0.0,21.60874514204191,0.0032474434321820306,19.507594792492657,0.09463533332202295,20.500382923323365,0.048020762919858344,19.934933528405395,0.07812298608290945,21.092991788860054,0.022332216070322635,19.068698532599576,0.14435274485534175,13.120115040974854,0.4635259713292725,13.318372846512673,0.45057692774923064,20.322605316267815,0.052965890599727755,20.10957726940485,0.0787931777168438,20.740526371386505,0.04362553076853051,19.879351703733843,0.0911871024441165
E2_poor_channel,11,25,14.526455907942763,0.0,14.492561988906651,0.005242365819195216,12.851297615322613,0.10597508117723083,14.199670884851002,0.03187430077953689,13.75729842145663,0.08049991667370401,14.3035101970173,0.016533761635193392,13.051902575864256,0.09768864116503771,8.22872908727336,0.4847144564972977,8.583496357240758,0.46431686569874026,13.876213682702856,0.028708047060591727,14.196807413293017,0.07417140221713929,14.282778780479257,0.03220767469034462,14.30879402987237,0.014809963964001383
E2_poor_channel,12,25,23.542453556419815,0.0,23.54097523866486,3.890617374169787e-05,20.62370570362093,0.1126505962212237,21.999743542655573,0.04894407198075488,21.775144644532748,0.0874312579097898,23.0380951682621,0.01942553975957157,20.771506507428686,0.12556603673496533,14.241224236171293,0.44781933382348904,14.082532666578102,0.453350201297367,22.334757198696384,0.05235638960421813,21.562397631865547,0.0586397898230479,22.514914996539478,0.030042721615931384,21.492163143249577,0.0789195594754966
E2_poor_channel,13,25,17.225472270171736,0.0,17.216458592950662,0.0034043827742940504,15.468112939573995,0.1078239784104703,16.417689898986367,0.028191507074980585,16.055130446791974,0.10050795548242746,17.013186316415,0.03770656467671328,15.756424103585177,0.07526891025082035,9.528677050867378,0.4926797688872371,9.264767673774527,0.49567132968417577,15.814920849822188,0.062173393720827703,16.808481668077057,0.027642997417374353,16.771347593192385,0.03027458276656022,16.57481256386577,0.029990731732646457
E2_poor_channel,14,25,22.611754565881164,0.0,22.545770415682732,0.006028700657769397,20.836660738626293,0.07457566690312953,21.838647274761072,0.02686312930497257,21.398690723422707,0.05717456666160839,22.30531434649648,0.010828103368576456,20.18564321267262,0.10391245932425967,12.51545125866852,0.4754436059529146,12.187136344757432,0.4844752125235277,21.796132187120108,0.03236278730077122,21.887448098164462,0.021097917287106808,22.267040185833306,0.012070013670303541,21.95433336030013,0.021988465508295415
E2_poor_channel,15,25,20.03330893693012,0.0,19.911453803602353,0.014928567588377935,17.66933735012166,0.09395941639862271,19.025115166680756,0.054831127154728786,18.82988409449895,0.07685251376920374,19.528986950472632,0.03263142916902439,17.44111882133948,0.1344510543858436,12.013753581465549,0.4698961834429825,11.750177065198239,0.48024921517634944,19.186866230093937,0.03961694758323852,19.062508807686424,0.05187062702221046,19.03107043717805,0.05158007036135381,18.472078559704297,0.08327052249483258
E2_poor_channel,16,25,14.657480797851782,0.0,14.626052806595299,0.005342147972532317,13.607116912384909,0.06757698753448553,13.624469258301504,0.053767434166139196,13.742164280732398,0.0696069617665159,14.287494816986396,0.024440980409311516,12.72131486549667,0.12529217318334496,9.154956555567598,0.434056124568899,9.091752083857118,0.43693143973028814,13.345302590726064,0.08591078001424997,13.462316082633032,0.06235265282226757,13.788493339663033,0.06706083951638686,13.936064260060414,0.03572657566712804
E2_poor_channel,17,25,24.69874651155981,0.0,24.63828159959223,0.0032211964969341327,21.026443008213004,0.13296355810016874,23.4282968296402,0.05875093204625222,22.53130323852378,0.0934123031651481,24.19409806436277,0.021306427643656093,21.897703057947528,0.11543464734594648,14.824486264062232,0.441910493892248,14.73434788710861,0.4445353971107033,23.49670100637655,0.04879823786967402,23.87761312160856,0.03022418085816926,23.727754918303862,0.04218856986229442,23.527050202314673,0.055279810688781295
E2_poor_channel,18,25,23.43234163661421,0.0,23.346729098922243,0.007868876839890205,20.7259254190605,0.10812132606365706,20.90529782739709,0.08952741126452633,21.15738570063747,0.09097043926491531,22.710469449653363,0.02924741311676748,20.62161371999254,0.11384125360925541,14.244083359646666,0.43070686999532026,13.986746523212862,0.43619404978634163,21.49107973644525,0.07827013466124534,22.178917366090786,0.06885678188223437,22.069136344721006,0.05969804512977895,21.934027803731592,0.06876502422276903
E2_poor_channel,19,25,22.004220454882287,0.0,21.944273866623295,0.0043247191770290705,19.809395546270288,0.08729361358678622,20.04497248312653,0.07648395475447473,20.746517940614698,0.06236851098937052,21.740658864022734,0.013122774161190155,19.127293076668444,0.12973366417146706,12.47023387220662,0.47594671747498146,12.997403143207446,0.460543674042803,19.64172905951564,0.07996084209722891,20.340137453481855,0.0710481287127991,21.086867057667018,0.03192350126085509,20.267280620248524,0.0649073955747496
E2_poor_channel,20,25,19.912742975697235,0.0,19.903269842652072,0.0007808989910571053,18.145832153185367,0.09177391476930198,19.276495968105454,0.03193673715994462,18.578103809454248,0.06926812949906021,19.770721366991637,0.006110942611319945,17.566050475511894,0.11415240228214184,10.842495111251235,0.4919360823267426,10.838727462483886,0.48564636358003294,17.763523398219064,0.10706551594794961,19.277590147346007,0.03152361458171739,19.64906900362995,0.02356837646131971,19.191257633831142,0.046863546528728726
E2_poor_channel,21,25,17.77999011168026,0.0,17.72858397191935,0.010106443902998932,15.481701685625671,0.09747172559878135,17.071368785290783,0.031187180157416828,16.51189325360848,0.0821321403325705,17.41733092828326,0.019794149861514072,15.332560663810927,0.11790979806498843,10.91731934823665,0.4552791772494234,10.78643208790471,0.47119654997415195,17.064988572858027,0.03421989146270858,17.273363550167456,0.029743765954439998,17.028674169741816,0.032244724359513095,16.941577368935732,0.03282797946101236
E2_poor_channel,22,25,18.508028897033096,0.0,18.428190348766474,0.009237829057234087,15.953107565702089,0.12738095926751777,17.28835442708308,0.05455519372501999,17.190245166703924,0.07689114106044304,17.980944486223436,0.03380710463857247,16.206446952233225,0.11251265176554792,11.023980389116817,0.44644720120208603,10.921234145737257,0.44984562449653576,17.02012753829938,0.08707436137311723,16.604432001260015,0.10644939891606166,17.374694248416105,0.06159465748159661,17.15683930167315,0.08068924029014835
E2_poor_channel,23,25,16.03630028199616,0.0,15.94645395707083,0.005111103763598607,13.909459052560361,0.10891015454941357,14.971953038533158,0.05506350001404482,14.500055738476734,0.09056233804643692,15.72184111666427,0.015416368703747328,13.876557519727804,0.11546741800602067,8.944883849810928,0.4703558629942561,8.752564610312904,0.4794998303108148,15.346982934203156,0.02909195567812772,15.280377819437767,0.07094630109710771,15.52504098618683,0.024231009130245583,15.279028398675907,0.040549146261671866
E2_poor_channel,24,25,19.32699252668192,0.0,19.175370395838282,0.011316409666000636,16.708577004557608,0.11836895614661326,17.62636835614826,0.058875974364549805,17.565692366148085,0.09273704471964743,18.566726230814435,0.03302369879866255,16.99693694275938,0.10089555579225458,11.160452346371219,0.45890851130467986,10.898118193432438,0.47685513410469377,17.534743942458697,0.06325636148827847,17.886888132041555,0.05526477826425485,17.852399986906935,0.05725922588391488,17.741848490903024,0.05781033358262667
E2_poor_channel,25,25,18.51654435227154,0.0,18.47914099103936,0.004543375920949655,16.273445127650866,0.10380460327437864,17.997766886105875,0.015531433342118985,17.388067540651978,0.06859895806821253,18.297524273101338,0.013291293989185306,16.693063854060295,0.08435583266266089,9.659026178874877,0.5215882321420965,9.43666943832046,0.527516813144841,17.42548989373032,0.0684193422044444,18.353497158409812,0.010706246891611391,18.35548812903434,0.008696532620076183,18.3706986691986,0.005741063160859552
E2_poor_channel,26,25,21.55992508262172,0.0,21.54650713518161,0.0004380546203972332,19.025896622815186,0.09968652219329675,20.513499542850013,0.053604649823677054,20.089910204085648,0.06709067524535021,21.00199644986438,0.025366578195720694,19.032489645146,0.1227838605422785,12.839813311460876,0.43700052624575153,12.685498981303965,0.4368469100657134,20.43397217971535,0.04584844168021612,19.373870643958607,0.09802371194450718,20.314128767522202,0.04648272372700246,19.8943295500835,0.06223475477645129
E2_poor_channel,27,25,19.110407082514488,0.0,19.075404332314278,0.0020928973522581222,17.06186106844171,0.1063662286038843,18.648905739258474,0.01963194081208223,17.95009610749402,0.07863092887624702,18.766812928047667,0.025290923934817907,16.62042091140963,0.10572206859864969,10.903145452586953,0.4721602030760043,10.762287395304446,0.47601107473664633,17.627293926406704,0.05417606487460772,17.799927238857887,0.08227055287484158,18.061847385908067,0.042859713209537104,18.389765469491707,0.027400628237657366
E2_poor_channel,28,25,20.937673532018586,0.0,20.913816730016755,0.0025582494409510394,18.875527097554265,0.09018681528522977,18.92892029400832,0.07939109727238346,19.278501851029986,0.07863093241233611,20.244083320509493,0.028045293036796707,18.07554570406719,0.12321805070209246,12.208721706126225,0.47852360853201326,12.359901145687163,0.4653198977314906,18.78903104755415,0.08553665469563132,19.403296748915533,0.07734908975582241,19.31715466952242,0.07028545007387467,18.99635336895367,0.07630779242327955
E2_poor_channel,29,25,18.138502294669024,0.0,18.132881117691305,0.0011574450960600753,16.429646306173378,0.08426143195103009,17.320164409887333,0.034804690252893525,17.213678000371328,0.05305279806799551,17.875599528053744,0.041121202471806895,15.966768177741056,0.12484910964867459,9.82806646207554,0.48943242316838587,9.639034417873454,0.5001705509535003,16.582390163520014,0.07284644144287614,17.024889866793856,0.08428059536553241,17.241550727756852,0.04919862227831276,17.314819285810454,0.035651791514622264
E2_poor_channel,30,25,19.35131862856758,0.0,19.162273071958946,0.012619514464145854,17.716714109569587,0.08767783862158761,18.818813632015875,0.031088011357160206,18.10347730690479,0.07381182781431345,19.0140363260639,0.02052739407031249,16.076922273567753,0.20244494212878933,11.408239980670851,0.4611893349727865,11.075903270533948,0.48070270276706795,18.026639178899583,0.079455589282149,17.822882301082092,0.07122342866863172,18.141663617757825,0.06937600857790689,18.13274608021773,0.0728133698306133
E2_poor_channel,31,25,11.924374357936536,0.0,11.883785336795754,0.008516086057805797,10.203960973202438,0.1252459554798929,11.44614947248192,0.019660022681768658,10.72310499929316,0.09996505109147145,11.555683110419968,0.015029903393853801,10.811120995970182,0.08180877919232647,6.913322199465184,0.5062991986693467,7.203624266530857,0.5014233828904929,10.851587762852665,0.07088437752691615,11.563433073820315,0.022110457717525484,11.488964864346976,0.017403308634162534,11.473316595069953,0.01781218559326103
E2_poor_channel,32,25,19.15762455289553,0.0,19.132954859918396,0.002282233106876978,16.224506594331523,0.12209507137182808,18.51315781763339,0.0251410159691336,18.191726834248644,0.055238812553230564,18.879279765748603,0.007070262949334206,16.718186936592478,0.1221079576676296,10.651217883111599,0.48050993975515804,10.738040146858381,0.4768359437824239,17.94706297611831,0.05546323549785342,17.67894947163125,0.10831277350878571,18.58249957182553,0.02431835870985215,18.00172078742281,0.05678779060803584
E2_poor_channel,33,25,20.069145085414736,0.0,19.964898134133282,0.0056981368954324915,17.139374326086966,0.1186537073238852,19.236497414377784,0.033019502914587086,18.553046274738122,0.08164007980414825,19.640295826218782,0.01991815899141597,17.681139479686312,0.11192299150561419,12.24492861357881,0.43891505095380695,12.247529771954305,0.4444041492984574,18.923346812085704,0.04959312089538132,19.296661848437896,0.032630047962519,19.21526287087879,0.029670604708480156,19.074766250967045,0.049589722181370234
E2_poor_channel,34,25,22.209991213149657,0.0,22.147304381649498,0.002312091138688137,19.833043730029555,0.09209499377979917,21.12060189072002,0.047557537306691204,20.525009496791117,0.07202228717096465,21.52273153341443,0.026932950486064238,18.78976377078487,0.16830107042367723,12.712258703816108,0.46313802987841307,12.717015378759607,0.4552192041811924,21.470212956295086,0.04737800462223254,21.639112576380203,0.028029213947036925,20.870150425717387,0.038154621742433836,21.631291795073402,0.028605613833266753
E2_poor_channel,35,25,26.75949382589226,0.0,26.682776277342846,0.006544840234505911,23.492486600393377,0.11429772046472932,26.073268328755105,0.020776520679862805,24.56424869174344,0.07817368021173082,26.330581119316477,0.015402750370545155,23.62427906336303,0.11873545189221202,17.124655358453634,0.40468395352260017,17.46454304015332,0.40019245639202466,25.08030379070629,0.05702821136782158,25.756438155699588,0.02880756811415153,26.102661404467817,0.02258927237265419,26.30700714128074,0.01863850914580553
E2_poor_channel,36,25,21.943216196198676,0.0,21.866219575770064,0.004036383676389557,19.712669753705825,0.12474640336384674,20.0640346854198,0.04252919332338656,20.244676601940295,0.09709764888328966,21.820703186543287,0.00458093739153205,19.079770825272398,0.14146725921505907,13.203259099845786,0.47104433826166936,13.388182479541731,0.4638169315027421,20.012344929013683,0.05635691685030159,20.71110808380503,0.0327674670066077,21.090122116254435,0.024646571265656832,20.585262685029257,0.038792197922754935
E2_poor_channel,37,25,24.206228887599263,0.0,24.12079590926416,0.0029412322592256676,21.076608809554255,0.13095550571513495,23.087969444294234,0.044032360850086855,22.667725197589334,0.10534164484154579,23.833503118726785,0.012510678934128277,21.036792358116113,0.13340864843946906,15.028233562079283,0.4381289814221756,15.145025562192352,0.44272009309436194,22.940264500607732,0.03733129022931011,23.2474060973903,0.08501172403759305,22.85968842726069,0.055278469926531536,23.470615367213913,0.03158692978875738
E2_poor_channel,38,25,17.064394735778272,0.0,17.01734507471406,0.0033133855797676183,14.722581624800368,0.1378704448041058,16.113491826324225,0.048428036192539124,16.130026046162882,0.06586322440921358,16.93754544016822,0.017652769849456334,14.035346463023878,0.17015857104986112,9.562895727747717,0.4756744537964988,9.717280098949956,0.47047777353121023,15.55897326294586,0.07938767345472932,16.043893776029446,0.0773466762568191,15.788277511376924,0.07083769511917869,15.994458391217561,0.0661350832355705
E2_poor_channel,39,25,22.15090064676825,0.0,22.143724134336072,0.0005423508041610711,19.951172657157052,0.10462354393643393,21.273823355217083,0.04117690252055789,21.086584403137227,0.0639248834302842,21.814858172351578,0.01745022919274794,19.623882554003497,0.11358919556080309,13.917839485773703,0.4388931932222035,13.285942945320363,0.4665285422040679,21.117145767841137,0.02399997822791265,21.557718024778204,0.0239035490674961,21.613366617273865,0.019774846125985346,21.859951233731817,0.008892400941968236
E2_poor_channel,40,25,17.608028293912753,0.0,17.596035458135688,0.0018763437667604509,16.08532057947221,0.08353365555089425,16.23953245576526,0.05986305335229702,16.86543238881525,0.05470897152465204,17.573060374090407,0.010687808663949227,15.665196009875524,0.10363877889189128,9.4133499055804,0.49792805346550595,9.153859973271432,0.5041729144738227,16.47920147732443,0.03012106101354148,16.986594400288382,0.033422460465499,17.009537644123647,0.031432891438878,16.45085460244515,0.03211509953547139
E2_poor_channel,41,25,18.794972850425907,0.0,18.73787600588815,0.004294521827588251,17.438289560162183,0.07444755500479393,17.894975591247416,0.03480723348463859,17.95396302319489,0.051439945090653666,18.72300769153458,0.0050653915243365965,16.516411369990642,0.1076657886180538,10.079056035725024,0.5000847834740197,9.828067555957253,0.5043963439349258,17.351242898277732,0.070431168133773,17.930332511785405,0.04229746507769965,18.23886429341942,0.02310306105665995,18.239131719332367,0.04170880157698945
E2_poor_channel,42,25,13.690545894829716,0.0,13.58445565990846,0.01900318108670397,12.350123007681502,0.10653661861579931,13.190749630895393,0.028009248765209844,12.65200308718718,0.08463826066074782,13.44699662913609,0.02622964922847984,11.711241515755049,0.12759167081354858,7.3522206978300435,0.48328687241020396,7.387580830477865,0.48338178453000574,12.958300794450336,0.06007656465231535,12.967382177681833,0.08914401822991713,12.848928705023974,0.0671681762780475,12.914222175386051,0.05157761597138311
E2_poor_channel,43,25,16.779308264001784,0.0,16.736236233224282,0.0021963032768963233,14.551225679052187,0.11306723479360664,16.35503035470086,0.030268629230806355,15.863284350845802,0.07185237882445107,16.588404195325335,0.0076897377886566585,14.651708896582171,0.1104407599442665,9.077477615986558,0.4897237762545508,9.273042612324865,0.4786730069123259,16.078062978360325,0.04023353910744218,16.2440508075295,0.08709262379453918,16.25750431385715,0.0430352130630269,16.354553589589457,0.029017015328111656
E2_poor_channel,44,25,16.748906098945415,0.0,16.66497012283551,0.0036871089884032873,14.939019466131244,0.09871879369678963,15.830536113033647,0.05073453988982868,15.442840780469618,0.08702925079408678,16.509659507667436,0.03612911582242704,14.765567001474315,0.12342066608739706,10.050946956310773,0.45707093561655815,9.813045685662793,0.46584015352038594,15.734967822915369,0.04979273392303171,15.751177162438077,0.07130679064469567,16.382802870589764,0.03469636346737769,15.931779445822837,0.04529417795137775
E2_poor_channel,45,25,19.600986978164396,0.0,19.56847307047354,0.0033079542235936823,17.10866677232608,0.0945649766240449,18.839443337257613,0.020707403276401058,18.68078866876995,0.055381658406342064,19.40633865298524,0.022323606101561793,16.79920486243635,0.1306223506593188,11.153586658806764,0.4876786919239849,11.327001303620627,0.468707436057263,18.54756606235886,0.04701679162194991,19.069097886148178,0.013472692261489255,18.8084004595758,0.024058276353538532,18.885113016355906,0.03643123443772555
E2_poor_channel,46,25,17.07583722462424,0.0,17.026100224495668,0.008746376100170435,14.752160110091893,0.12522841698469264,16.63006188477455,0.030057185225181294,15.814201555382464,0.09107167096648411,16.659057575983546,0.022247103414286273,15.100659031931377,0.08947748825444975,9.819038221524558,0.474658498979548,9.823432257883324,0.4860607291096568,16.369456800488027,0.03130766552540628,16.183398961057108,0.05936712208381601,16.54229945852512,0.03969498888337133,16.125363633059415,0.050786745922041084
E2_poor_channel,47,25,13.479142870208836,0.0,13.477836521791493,5.236760652146219e-05,11.948220968412759,0.09440555269671677,13.223141149676692,0.00925704328266557,12.252442963286406,0.0886789865131325,13.199615994223533,0.0275653973710545,11.865837561562264,0.11002190524382734,7.953613406744552,0.4830746920599121,7.991061998815098,0.4850520069074755,13.198125742892206,0.025414116505250134,13.188173336182274,0.017102896544903264,13.037946950342695,0.04651599437929779,13.24215770429553,0.0204950406205001
E2_poor_channel,48,25,20.651879816669215,0.0,20.62464844551046,0.002499707164779495,18.675548835036487,0.09320515755597747,19.576623185042866,0.05124882920492791,19.69842063715625,0.056207149537580214,20.344292732829413,0.024933809423572654,18.240422810260284,0.11813907038625328,11.36118614691916,0.49471017298366515,11.070022127952907,0.49112905050589895,19.12830620017291,0.07406568523083774,19.849855496599538,0.038362092622324984,19.622116947950097,0.04495937835883975,19.822532624408954,0.042078490752273635
E2_poor_channel,49,25,19.450520146477608,0.0,19.39112865183643,0.01066656033318549,17.229627480095715,0.09535105187403697,18.600171387503448,0.04483892860865989,18.229533570556576,0.05710668918371372,19.089303974999503,0.012153844401311854,16.844010614592474,0.1382515227325591,11.312464107716334,0.4808732635609516,11.1320966040648,0.4874201900930945,17.99482696912234,0.067645951135001,18.407970984366248,0.05223423904334092,18.257893680544996,0.05114905022848115,18.84784808630107,0.03731090047399489
E3_heterogeneous,0,25,44.22728697113009,0.0,44.21789768325821,0.0005996198445111858,41.16187179916531,0.08213202759717461,40.884839700480576,0.0798591968868896,41.23203175456051,0.07550227503445475,43.34970770627915,0.02396006016463246,39.58552344342413,0.1218646046802504,30.335076946333576,0.36241092378986034,30.35930062313943,0.35995015378094264,41.7070024103717,0.07357666976287698,40.636924060408454,0.09220321763674658,42.090270754294224,0.0655627916198702,42.161083716234195,0.053911400115191396
E3_heterogeneous,1,25,38.2121555911273,0.0,38.16221243855255,0.002254034316064064,35.148952605161696,0.08267203015396202,34.49832820949135,0.08383305589080639,35.406662797451226,0.06963390613627167,37.23904467992071,0.02136541338381652,34.394469842001094,0.09951767829935645,24.245097710672894,0.42566619272946377,24.858096050952867,0.40971693509886825,35.40354857901241,0.0652183270920257,36.4537781433586,0.04276146298210344,36.28970254411363,0.05283799194999679,35.04652450684323,0.06381004620896127
E3_heterogeneous,2,25,42.56497854974224,0.0,42.47637255024698,0.002331172546118542,39.37430460962312,0.06955566231301417,38.10699442560075,0.1066289443755144,40.02311592634171,0.053962433183064734,41.39865151427836,0.025473234559174763,38.3789226047509,0.11576940146038042,29.58361213000699,0.35901672808674595,29.627923173735702,0.3538986970063718,40.23323318525291,0.0607176178539084,39.926216776443695,0.07946110658431424,39.83912397652369,0.0665811351413861,39.729570243710356,0.06514477936761338
E3_heterogeneous,3,25,45.359942884214576,0.0,45.26531225011192,0.003243087730825935,40.58904124290993,0.11622516299679869,43.2210735138649,0.053453310804777526,41.48277077051622,0.09255251802121048,44.17263082889363,0.031345444085935086,40.52167656326862,0.11718220812383308,33.17080435663596,0.3087026980843244,33.268593097116764,0.3083445880535022,42.78042039958384,0.07966634794646014,43.36388817938395,0.06623540013749431,42.7376978615071,0.06410972529260546,43.49630877826028,0.04827221072257084
E3_heterogeneous,4,25,43.164398981027915,0.0,43.01652648024677,0.0068707943940673035,37.88654367210829,0.12150169910669949,40.061454044267506,0.06920828426552401,39.29736302349361,0.08595693857784935,41.758010502473866,0.0326994714376667,38.83752858489618,0.11919448131240008,31.294219896744465,0.32073529835532055,30.861080559326087,0.3250772170303233,39.67643936841756,0.07952818379635257,41.27237234926724,0.05240722998391576,40.89702351948085,0.053246055139417124,41.593804279854105,0.04215529446634634
E3_heterogeneous,5,25,43.40771272956174,0.0,43.24105673537634,0.004518409110352063,38.16790552279687,0.1177174276125335,42.576041546049666,0.015525566538832785,39.32123686822852,0.10242741318574013,41.26588864884814,0.039262213696976314,38.8163959984169,0.10616192400966287,29.63553039550584,0.3677115118264578,30.0303341175376,0.3587449429901762,40.79915330084515,0.058644207561681164,42.20770948936859,0.026558787853159068,40.63906399787632,0.05861058948487155,42.21834167128466,0.02790401785687061
E3_heterogeneous,6,25,41.497048755750676,0.0,41.445822354631346,0.0022199432637020123,38.63449309470279,0.07556042519420113,39.345689053931274,0.054563238909967365,38.42468699743151,0.07121064787497461,40.06836320896963,0.029444096391506008,37.099350271596805,0.10418415167210875,27.510429150223374,0.37204953307337846,27.890827020901558,0.3673533852419223,39.39970999983117,0.060824244847756004,39.97585608364982,0.04491774210212639,39.87707571950252,0.037241696981945835,39.86732130564381,0.03863643221573663
E3_heterogeneous,7,25,35.20979393332502,0.0,35.11901613996895,0.002441763323002677,31.00433745031114,0.11105713789696363,32.98582413729201,0.0712704253109723,33.08193498361768,0.06947468781485884,34.2429142261922,0.026516383565818834,31.367550911895158,0.11301398722901924,24.193092347735757,0.36460105524275027,24.126096648034927,0.3674742636274517,32.21030737545439,0.0883404473398028,31.999733716654582,0.08911278718401493,33.200578619568944,0.059705350145586415,32.524727297087516,0.09361410790975855
E3_heterogeneous,8,25,35.23859783798398,0.0,35.16158592802745,0.0024656682991260085,31.40879590623734,0.11101654974376611,32.498131215057384,0.08184192021162538,33.09862485523812,0.061437478949206446,34.64716176336201,0.02089569777748331,30.95424066513806,0.13222906881292282,22.297390949465438,0.40173539037559897,22.122973942660174,0.40555093008594456,32.61111632739184,0.07789273465689099,32.87754761710667,0.07176356814708011,31.92018965394369,0.10146674449367016,31.971097835473337,0.1020494829347728
E3_heterogeneous,9,25,46.25243538471777,0.0,46.23828854442393,0.00025317063297972066,42.4449470612741,0.09164458406983199,44.85264736303853,0.03483142071882736,42.06032623111508,0.08591031272501345,44.94844764006711,0.023734834027341355,41.67013724746377,0.1100889878677498,33.22101438916794,0.3223453452242889,33.3034409821886,0.32713028595929416,43.99573182160765,0.04369367098952139,44.74787451795558,0.04220110436246416,45.28518746584131,0.02061567355791293,44.52411713246643,0.04171379670250168
E3_heterogeneous,10,25,44.04119334996692,0.0,43.86182433872738,0.004149396321793449,40.52719653765578,0.08527447141870333,42.898119108139426,0.024211651950242757,41.22675130377862,0.05523515676426184,43.43847419579711,0.012721193550496845,39.582400540376625,0.11170085119555338,31.228611210957798,0.33560264106688414,31.48187953485741,0.3329154889591022,40.94157007869793,0.06415588940382895,42.02714592126953,0.05916742298923042,40.85868915136932,0.07829622224435705,41.04400748378916,0.08659944907686402
E3_heterogeneous,11,25,33.755080201804965,0.0,33.64373206827048,0.004661153792474971,29.894147728647468,0.10792124341613075,32.58977547226923,0.042842221021347084,30.93611880785233,0.08219345562734924,32.49553549410761,0.03364034237648598,30.22030932810856,0.10469145889517152,22.629714163962266,0.37500497199859284,23.250324160332514,0.36259620408428056,31.402909429071034,0.06663578952479982,32.34712973891615,0.051926233313330385,32.32914039861947,0.053449248669366484,31.574163060244082,0.0613065801530007
E3_heterogeneous,12,25,49.2217764611613,0.0,49.08815511857419,0.002634444135773153,44.70124632143994,0.10497677028401194,47.371389182559234,0.03951584619953304,45.493083949625316,0.07342401045502252,48.10656871527295,0.022658883459588563,43.817330481306186,0.11327486209164728,35.0465626672491,0.3163736198340494,34.333992604310836,0.3267321725003331,46.131667045852616,0.062212397114133185,47.57989643778819,0.031788851859930994,47.248163560888635,0.03913719031716595,47.53370871412585,0.03313414476430999
E3_heterogeneous,13,25,35.14386365883826,0.0,35.07984655521402,0.00519980717410242,31.4133937841654,0.10807067181407656,33.03847828582061,0.0524671747316444,33.045233269024635,0.058520397023538964,34.711965279423694,0.00973282706424071,31.84979593983995,0.10200031666033435,22.476615897213925,0.4097934522252227,22.524758500949453,0.40773091003097156,32.633145008648015,0.07341621772377582,33.54258109296431,0.03824841203055035,34.00793339290598,0.0331609834256067,33.82671274767807,0.03851362800548511
E3_heterogeneous,14,25,43.72422869494143,0.0,43.65221261633552,0.0016962985837955464,39.11745276378585,0.10699551173603968,41.29961281946073,0.06322264151784722,40.996864902745266,0.06517276709414284,42.59189390619648,0.02536217044998925,39.27037872139774,0.10420120650824628,29.60433996682348,0.34936892269965947,29.147715765602033,0.3592989025923837,39.25052579430441,0.1151546160585914,40.69063742843667,0.08019285327896172,41.0737561355166,0.06601012246497422,41.600315164124495,0.05041502404797758
E3_heterogeneous,15,25,43.11551307716534,0.0,42.954359771689084,0.007492697685661322,38.95542232205881,0.11118572365450462,41.57981702810447,0.04158705561310315,40.53169146542276,0.06439693150387082,41.703936634994136,0.03234639078116437,39.02304828660756,0.10762481734451977,30.238834518102777,0.3439502104222001,30.146733100822193,0.3429915647249887,39.648268044944224,0.07998189823572864,40.39345788078383,0.06872631086178928,41.700547913997404,0.03405347987714763,40.50243185593281,0.08522987065494282
E3_heterogeneous,16,25,36.796356588410156,0.0,36.57756459950704,0.009259964996702019,33.322918548119304,0.10948510429273459,35.532948361572345,0.040542951007735806,34.77832147618032,0.06104242833603215,35.725890816427906,0.02524924110425152,33.105910066536666,0.10628929023400659,25.922872601311386,0.35226477583854277,26.06786377123792,0.3534418198981835,34.79398511111565,0.06564473937569114,34.24793089484847,0.06927919791127668,34.45594395686786,0.0650195944918197,35.00953860860748,0.0510229891795548
E3_heterogeneous,17,25,49.63015678085451,0.0,49.62328994280895,0.00017071623084491416,45.23345613463595,0.0951984790604708,46.49428289541761,0.0626858568418467,46.47967143916637,0.06024691846816884,49.16969534967009,0.007970522102988029,44.92736374463927,0.1004264859269387,34.155032868132444,0.33553931378747587,34.1872739008609,0.3325511080500613,47.842621989921746,0.031913965850807725,48.497229814441525,0.019992789450975688,47.68189327452075,0.040948499609486586,47.160852961582634,0.05217515109818752
E3_heterogeneous,18,25,48.70997138773851,0.0,48.63695552376057,0.0013063117071758122,43.30185471735493,0.11518421223270185,45.42515618124924,0.06535851608078191,45.52406161254401,0.07028167159683804,47.55022710710984,0.024582041678222345,43.38865743195727,0.10685009620465957,35.17188290765421,0.31933369186112376,35.199672656979494,0.3178484726073836,45.35904288317488,0.06484465039923207,47.00612872603486,0.038359278807056196,43.64094295497014,0.09861112080865043,47.29429646236586,0.03121414760683373
E3_heterogeneous,19,25,46.95849395581503,0.0,46.91268364055456,0.0008509751271233301,41.91241485014966,0.12277035334407005,44.52008684272573,0.055606951143991876,44.18168725442094,0.05652507456288248,46.05296593806698,0.018038996590567527,42.14323467332477,0.10272595491495352,32.72522023679812,0.3191010853357003,33.415969611549706,0.3064897840669078,41.9054178985174,0.11358366022242226,44.51418717135067,0.0490937343767637,45.07831377392312,0.048800223772011826,44.64835104657741,0.04917460577056456
E3_heterogeneous,20,25,41.53138356331031,0.0,41.47555061354768,0.0013624472389963682,38.53958322499542,0.0819757866210095,39.55396222406762,0.045811475375159276,38.64357284876423,0.06946933799150731,40.93381913724763,0.015339584063778389,37.31505249305361,0.11844530859688772,27.44129560012268,0.3832740586299036,27.789171698403248,0.3689204548898097,37.9939345492536,0.08469326397543041,40.39794601925935,0.04099644033225319,40.52745530947277,0.026874662478991312,40.48808826446396,0.035211740133928256
E3_heterogeneous,21,25,41.61485154193662,0.0,41.496846291815665,0.0038156232789447486,37.41112162197322,0.11379943473095994,39.7640942728459,0.06570336481199111,38.35342953607155,0.08691950914093098,40.13214423868192,0.041414280977161246,37.21885779601056,0.11474512110018516,29.454200632487346,0.32707818277203204,28.796315645495255,0.3551769280194717,37.45722161990045,0.1141938832196237,40.23644483889817,0.05533297669025899,39.82772739250323,0.0646573833367692,39.31870646906216,0.05948557105451159
E3_heterogeneous,22,25,39.64090993249574,0.0,39.542900301708784,0.00546124543056891,35.827694123338354,0.10565204299459649,36.45868801580011,0.09455884948768889,36.62094115698167,0.08631237987687898,38.94764362956662,0.021973239842246174,35.59786664297109,0.12332702315770887,28.00619774371028,0.36907646762833296,27.90825245243253,0.37408435271358387,36.41495585866911,0.08564669736110425,37.77722280801433,0.05957638462625602,36.61519389811108,0.10529792558890932,37.6156303733276,0.08963094459495752
E3_heterogeneous,23,25,35.68820578642485,0.0,35.628087215788625,0.0015035861922047245,30.618964459343303,0.1400182912560793,33.916828779243936,0.057266346567367316,33.42489378668888,0.06386777774859011,34.91483513093076,0.024162149691842938,31.662313193282284,0.11331203050319148,24.811354791404895,0.3481227995072467,24.620280131367345,0.3564760981497732,33.637796295294926,0.05700030891036799,33.39465877278842,0.0697231765371108,34.39341904251937,0.03499860803934694,34.36342250057379,0.043330332008288897
E3_heterogeneous,24,25,43.41521634841462,0.0,43.35296742659336,0.003029868767653133,38.7123939703099,0.11577309205810904,41.35037574099594,0.05731750410711549,41.41947800023342,0.052163002638202345,42.54056493015275,0.01974997760429437,38.759214377554024,0.12542721320357106,30.57130732158951,0.3374594272431836,30.017262977162336,0.3507373559349098,40.17476595842559,0.07885765874288808,40.67192270108255,0.07093016189009686,41.346615730448555,0.05439044817181611,41.5661359448489,0.052350449904469416
E3_heterogeneous,25,25,39.564011243057884,0.0,39.50063568836848,0.002233146358365738,35.0191261167178,0.11540416402970356,37.56441666677969,0.06195054885688278,36.89645113140267,0.07103032163817714,39.11538304929601,0.010406282134458534,35.29195442524318,0.11803236242308573,25.892614633708526,0.38506460459644787,25.5564612723337,0.3907201296529886,37.92754865494677,0.03941528552104665,38.0341438813827,0.0379180021219391,38.765443064423565,0.02027578923955968,38.502696093833435,0.027897748518309836
E3_heterogeneous,26,25,46.423377559187266,0.0,46.34236724731858,0.0016945673082608653,41.46322692618221,0.10452580745048402,44.25687930572747,0.03926805138408237,43.27940540515661,0.07583736847281969,45.19311516192698,0.021962089925813517,41.310722710322615,0.13121085875616773,33.227183605213405,0.32756223558931213,32.680085504755056,0.33977137320012063,44.78172024733392,0.03534194995626003,44.66365791385296,0.04258444059958968,44.14826934965438,0.05735108577840408,45.110608402823644,0.03510590560344459
E3_heterogeneous,27,25,40.17661073940125,0.0,40.03477404297376,0.0042741597985764416,36.3675190435001,0.09857732325090268,37.12246711459491,0.09214589534430737,37.34498724548399,0.0651726330558957,39.19830381509255,0.024965377630262738,35.54466746922239,0.12670379954054145,28.07223626293798,0.35720595047368947,28.08458532382779,0.3551213797975311,36.24250559702134,0.10022510305058141,38.151460790082766,0.05933230268903733,38.54106051297946,0.055558218334315956,38.14465698230738,0.05863224748285181
E3_heterogeneous,28,25,44.098873103113746,0.0,44.00684119721632,0.0017562338649157782,40.623706453118096,0.08356294871074312,43.2478825397649,0.021263179415361516,41.03465250041944,0.06509816678515286,43.10240722245993,0.022587230199353606,39.38159222047698,0.12243889265847831,30.63866167864969,0.3460341040542685,30.948841371051397,0.338298765470517,41.01609922164699,0.057056189665990464,41.307112060795696,0.05216877985123517,42.70677225764236,0.03116825360127849,41.73307231235113,0.05093353480744413
E3_heterogeneous,29,25,40.244735439767425,0.0,40.18086255468661,0.0016801324101425336,37.03173012486951,0.09342476167226745,37.79655494901978,0.06373875649791155,36.97432599923053,0.07919156104994546,39.1751946738445,0.027627839841218103,36.39827570652675,0.08761913845912651,27.660759680842474,0.3546961807756326,27.39458218617528,0.35734262679727785,36.62805903954822,0.07948500923970803,35.9613230734193,0.10062390381225325,38.27375293939223,0.05120611998114517,37.080612739982,0.07524680214454203
E3_heterogeneous,30,25,42.703294815139586,0.0,42.67252618615434,0.0014872749739247974,38.5258122686403,0.09900283910277903,41.37090818843653,0.03821370076503396,40.35656535153395,0.06025347968095365,41.08673330263069,0.0388787968710715,38.49565873291521,0.10314315407121173,31.51483552952144,0.2874896564073902,30.87316051789163,0.30282277489282927,40.62880178182411,0.06008154000662552,41.60677262072293,0.037964044414309984,40.93177032690533,0.0495035745865811,41.19780826051836,0.043911560918641304
E3_heterogeneous,31,25,31.06981850570589,0.0,31.013239131998553,0.0013713444403731208,27.874587932198278,0.09903720884095576,28.745935471946023,0.05802271931369676,29.53739377502336,0.059395878671704205,30.31920724191143,0.025508316750321964,27.54911711415675,0.12013684110397993,20.7374825916698,0.39892799455935923,20.361024458739916,0.4199098277493574,28.83971480680212,0.06512284285239402,28.935937624239465,0.07715061107862244,28.46710099641391,0.07732538047743448,29.883206219260945,0.046664158980114424
E3_heterogeneous,32,25,41.80258314034329,0.0,41.70039169548726,0.004730579210733931,38.1497168236667,0.09143190076934843,39.240430672880784,0.07252558660582299,39.32615985603838,0.06014629605873717,40.78086340531723,0.02540449627686647,36.91718403628518,0.12357303041328133,27.90634254613643,0.37652615489729735,27.78478640866836,0.37777092308307153,38.32822839918173,0.08269554521456887,38.95077658162688,0.07186497170755322,40.790168689476126,0.03038290207016217,39.97042290765704,0.04293544347220678
E3_heterogeneous,33,25,43.392530424583086,0.0,43.314270453633256,0.0015784323787279531,37.94713224103633,0.11550580824021399,41.16582897991093,0.05606433313612334,40.30058747206241,0.08084281078832499,42.08950281598473,0.030854895715141405,38.769940681362506,0.11173722412146489,31.239303864450402,0.3206763898146255,30.78849487998288,0.33857799026826135,40.00237893560055,0.08108773366519091,40.724693535261146,0.05927592462000736,40.56642590514799,0.07119147586975022,41.411528364214604,0.054473215236122086
E3_heterogeneous,34,25,45.0940695875035,0.0,45.000788190446144,0.0027140669994581436,39.305249944309324,0.13841259050598784,43.065050174733116,0.050822554904536174,41.8633646335745,0.08244383924906451,43.42437680888985,0.04034739391563219,40.33047346613399,0.11194110256167336,31.95902414847189,0.33469455308327084,31.361308045660685,0.3448262265017845,41.89411221785183,0.0769604473850743,43.14630981972777,0.05174796997197653,43.34089502547979,0.04439957830388861,43.00465030915718,0.05174069694994641
E3_heterogeneous,35,25,48.10829872510046,0.0,47.98470938710939,0.007194220227506759,45.20959164037944,0.07183822325245343,46.126345188758584,0.06379200843530106,44.91119852952082,0.07336637288601855,46.44754902660895,0.030942268173194752,43.396752709233645,0.12108246717753605,35.312659315319344,0.3119632350074974,35.73275240879955,0.3051589798722434,46.005546213715554,0.05843041786422092,46.55371929580256,0.05543105396870269,47.410750780551155,0.024512510190367553,46.51474999748081,0.04923889528546745
E3_heterogeneous,36,25,42.1362884623882,0.0,42.10355020745952,0.000656620248700197,37.45169445973918,0.1104077305550162,39.88054174267947,0.05500917138386443,39.29937088696839,0.07644931700793997,41.27487249349927,0.017862957323489456,38.55817575433582,0.08416166323556883,29.544798411816732,0.3534704738468635,30.36754700362199,0.3350685221721814,40.67283309205409,0.045583515907248504,39.206720296207784,0.07353616526799767,40.755888653421444,0.031118387720413993,40.23559016031271,0.05552784896687502
E3_heterogeneous,37,25,46.78640868707001,0.0,46.718838513906945,0.0017389219672667392,43.03936751918597,0.08309751709136642,45.204529963039576,0.03769316284925781,42.6869572971828,0.09891092854691882,45.455704881285556,0.023422909879925013,42.49474349183766,0.1033375631402589,33.7907091009241,0.33604269928690017,33.96858521339545,0.33339751842982673,44.871250581595085,0.03710566146868982,43.97537404338033,0.05747906070255262,45.02414931615606,0.04361069064391658,44.17336140348678,0.08882207940811541
E3_heterogeneous,38,25,39.93803090015595,0.0,39.777066739453424,0.0047843674058999355,35.89101070056874,0.11514302836707228,38.12083398338103,0.0459555145538801,36.54332674582628,0.088082182468529,38.78726417762148,0.03021851443450173,35.75051147164144,0.1061937476874239,28.36343704838281,0.339911665632803,28.20520673736119,0.3530923740165349,36.982910545552784,0.06484896003595092,38.01567201767568,0.045304184840734944,37.28769657943144,0.058769625713731184,37.92757861449873,0.04859030153406116
E3_heterogeneous,39,25,44.37114804551749,0.0,44.28838058613512,0.0022324592703899804,40.73341241146542,0.09552019728079708,42.805727859394004,0.046934459799531786,41.31591468837505,0.0790518248125423,43.25730832391894,0.02770151889783838,39.889119316280755,0.0987640283541536,31.437577128953244,0.3473680403510235,30.79160854237841,0.3519268758965191,42.720565520946884,0.050322985461350174,41.86018969132926,0.0636469098063165,42.30418136714103,0.04798501862677964,43.206221948943686,0.03869557197498028
E3_heterogeneous,40,25,38.15203584241109,0.0,38.071944183489265,0.002127295229059527,34.04752375611897,0.11371953585153452,35.61847382215198,0.08371097671338021,35.74687363337074,0.06622363473259317,37.24954865898622,0.027996154282300366,33.9509516029698,0.11636797862326764,24.014035192117397,0.416334771319112,23.515461312136527,0.41944728699461004,35.100102678865134,0.09521209586140879,35.16524861111535,0.08634491809846746,37.20861434871346,0.026675156008542405,36.21788553859777,0.07444255915259411
E3_heterogeneous,41,25,37.053492608123435,0.0,37.01632416123957,0.005048039326820809,34.04436893530356,0.0910503981986441,34.208958981903834,0.08949156571785,33.43125005903785,0.11779603135793265,36.49134581010296,0.02955829452173334,32.934327355447245,0.1105260312642735,24.067887694811088,0.39143300523455954,24.07663477207442,0.3833688841402602,34.88928958681282,0.060967118890420606,34.91864394472937,0.06417085153368259,33.85124547999332,0.0870344077945942,35.18927733731922,0.061202182581566046
E3_heterogeneous,42,25,34.129135718523045,0.0,34.10402256003586,0.0013093453399566227,30.24801701677321,0.10973160865048597,32.25706297116578,0.07672141735721576,31.886837393844004,0.06565686373024532,33.36612405132549,0.029180410986784,29.995871574606536,0.13839511234118748,22.340602898991154,0.3717570797862483,22.614791387190497,0.3648915315363427,31.430369144992866,0.09607051952547366,32.43690532446532,0.07080099257931521,32.34470053290165,0.07254943056727382,31.956791658210076,0.09305363247727952
E3_heterogeneous,43,25,36.42526215287134,0.0,36.34225813869907,0.0023554296414998372,32.76484311862713,0.10188883855654392,34.61301508330701,0.056369585610510156,34.78112005218644,0.05113732516739551,35.97900248063193,0.023147670807227474,32.3221853671085,0.11987081544262125,23.79191225178522,0.37937775182428063,24.394245225679814,0.3654681812165901,32.51903847838647,0.10022627854797703,34.72164600724231,0.05225181331666477,35.484372193632154,0.03281955965657163,34.7129399639573,0.04174404130152237
E3_heterogeneous,44,25,38.79779576516631,0.0,38.72579854199371,0.0020715504439516295,34.31259867920252,0.13867125800691668,37.205957895582216,0.04982219226241837,36.422435646851405,0.0801244576937447,37.997846373290166,0.04360242214786028,34.87813902418656,0.1226238995352434,27.564243350792744,0.33901600821428196,27.38035714386795,0.348233892511759,36.87132828875178,0.07986188063102502,37.005485220508845,0.07828125882414082,36.42583147023089,0.08329579975097874,37.141122900951565,0.06830652743289482
E3_heterogeneous,45,25,40.15288149218586,0.0,40.10541598296256,0.0039732981886169225,36.09360323420715,0.10744599328855457,37.9591262643077,0.056664012280572565,36.647814319997636,0.08288137457052656,39.673154449091605,0.010136293834095056,35.02901152379946,0.1306492353805352,27.21092060717622,0.39370087818337185,27.588406191865893,0.38079373477340006,36.92741538353201,0.08594915363152232,38.55241092528782,0.04925995792528863,37.42566162623903,0.09012526062810934,38.01025909444761,0.06049603134851391
E3_heterogeneous,46,25,38.81910911588788,0.0,38.71749139476977,0.0018401762242925715,35.81127086443072,0.07522873250316187,37.58164163640934,0.03613657242457458,36.22739038001636,0.06250740022026427,38.31553340609013,0.012664763714031692,34.39271725783656,0.12222781613621513,26.648640680071416,0.34828051283618644,26.889058477142157,0.3462411653563344,35.76091010170098,0.08513985491632846,36.65744138528864,0.06737112494800401,37.16232574724937,0.04321196060325633,36.45257922310333,0.08196403387808025
E3_heterogeneous,47,25,32.37315783459569,0.0,32.351724996782586,0.0008948072551906182,29.566590766743474,0.09149967542676345,29.91638222388235,0.1044337249618039,30.262999657755508,0.06894723081868978,31.455298509095357,0.028018970334849697,28.475415704937166,0.1406517716168764,21.154333379446122,0.41742949709161115,21.21175122839078,0.4135517944914166,29.72840571803525,0.08058874538266032,30.318042205892098,0.07412218391756323,30.47115420071719,0.06883396021945937,30.320721737205613,0.10164073348121487
E3_heterogeneous,48,25,40.86706572752657,0.0,40.76853353368522,0.004376234338693948,37.02404701848051,0.09828193342314079,38.33630442171228,0.07018497025895838,37.80043420636593,0.07016996048019145,40.0649047670109,0.01780392941247401,35.901638708056865,0.14126390081200735,27.07923916513737,0.37528667409450717,26.68365654458247,0.3823186724039459,37.392948173731924,0.09211551729483808,36.83402320679138,0.10132494228585479,38.44597369603729,0.07127973501248729,37.700361571281086,0.09196756593378615
E3_heterogeneous,49,25,43.67789923129028,0.0,43.56946569719978,0.0028258772599074273,39.80258514971211,0.09699331196807628,43.2944873609699,0.010858067784862386,40.95086425819046,0.07385130047507334,42.94808723402474,0.017661687966022716,38.552886577172906,0.1370096549743255,30.428606846310455,0.36090334876627345,30.31498978579402,0.3591482948940012,41.29731379973234,0.06965062917488178,42.41593351021034,0.040218447247367256,42.109370324663395,0.047612833878320944,42.55710826852523,0.05224223805482254
