env,seed,n_cells,J_oracle,regret_oracle,J_hscm_struct,regret_hscm_struct,J_hscm_gbm,regret_hscm_gbm,J_noncausal_mlp,regret_noncausal_mlp,J_noncausal_gbm,regret_noncausal_gbm,J_flat_tprop,regret_flat_tprop,J_proportional,regret_proportional,J_equal,regret_equal,J_random,regret_random,J_noncausal_mlp_rs43,regret_noncausal_mlp_rs43,J_noncausal_mlp_rs44,regret_noncausal_mlp_rs44,J_noncausal_mlp_rs45,regret_noncausal_mlp_rs45,J_noncausal_mlp_rs46,regret_noncausal_mlp_rs46
E0_nominal,0,25,31.03530082587356,0.0,30.992028079350636,0.008607020253304154,29.357107927466007,0.12373464609466088,30.867292552707102,0.005786576639804084,29.08417450026889,0.1301401038387496,30.867323564097948,0.005785684944210385,27.639015578804464,0.08248201089014914,18.6011055958063,0.4091216088864706,18.548887957866942,0.42366185817924595,30.86271417709442,0.006055722933049771,30.867323564097948,0.005785684944210385,30.867323564097948,0.005785684944210385,30.867292552707102,0.005786576639804084
E0_nominal,1,25,33.25853248092838,0.0,33.22743914436546,0.00042581079678383134,30.640189884786125,0.129395606288619,32.90138335263792,0.014210862063144019,30.949424158079193,0.11280621541755641,32.924218869790096,0.010764635406499986,29.3392190614735,0.11083815570316355,21.910212545812154,0.37800774929660713,22.276223206444087,0.3742328898735155,32.956873022892744,0.007983779170954122,32.86754597857254,0.01931743616514051,32.924218869790096,0.010764635406499986,32.87739566172481,0.01198586274658941
E0_nominal,2,25,27.311917271680095,0.0,27.27548784232681,0.007192540112851323,25.416380557071466,0.12704213615349183,27.2440716170818,0.032980062162908975,25.517701293044773,0.12180849611195303,27.246663883239652,0.001475997122258577,24.311076087320473,0.08581768722596556,15.921664709043593,0.4093871899255362,16.351757951695554,0.37698938885018635,27.245075074949355,0.020784940211689466,27.24479612167248,0.020794465729301395,27.245911289838986,0.010622338585673205,27.245911289838986,0.010622338585673205
E0_nominal,3,25,32.42243817645349,0.0,32.35696545265162,0.004889215288899539,28.718929517475885,0.1601096201168017,32.26384491507195,0.00830221172974856,29.30781623902175,0.14081285669906368,32.276634950350726,0.0062114475543444915,29.16098372077996,0.09601543751730567,20.03140750682421,0.38717536994516805,21.015031586466122,0.3626601223360759,32.05023282610089,0.012722741871372623,32.17444285105711,0.011806366722723415,32.17444285105711,0.011806366722723415,32.17561335457733,0.013367011409050522
E0_nominal,4,25,29.816925063396756,0.0,29.730710061013323,0.0022787548751832354,26.44760579180145,0.16329202398769968,29.53926659600687,0.011682374925555709,27.81361558858497,0.11415904249749974,29.515514604118398,0.011794614863776033,27.368516092679243,0.07156859701704063,18.607856812542874,0.39082825941522253,18.82056255949477,0.3855525800208435,29.570977734214413,0.009723779073646988,29.597442043502962,0.00948698227508068,29.539695512653388,0.011595911406803874,29.515514604118398,0.011794614863776033
E0_nominal,5,25,26.995629069173475,0.0,26.916998747929537,0.001361564616878868,23.389628573273615,0.21013426126186516,26.677604336436048,0.024909669626076644,24.058127064138542,0.1901511567855563,26.677441817091974,0.030127060930424467,24.160450564470207,0.07944857519120031,17.08868558376465,0.41061986727200356,17.45997127242784,0.38955244570618086,26.67776685578012,0.01969227832172882,26.678146067582958,0.0075183652782505606,26.677441817091974,0.030127060930424467,26.678146067582958,0.0075183652782505606
E0_nominal,6,25,15.826466960801922,0.0,15.808938554855175,0.0017016149283890357,13.278075587593383,0.25605795959898536,15.5990743719041,0.012201898618290288,13.625819357570037,0.21809057989708217,15.759676915376724,0.005777063522005511,14.792395434384874,0.08063256968195436,8.971407870816604,0.43554071575307823,8.706920867784827,0.4631941467214524,15.765225302139513,0.0030846356461583986,15.747962233340955,0.003775237226235264,15.711816670094338,0.010297563302404613,15.746359999943213,0.003839333878403208
E0_nominal,7,25,33.81601767640675,0.0,33.75521823140263,0.002902758004317903,30.7953018395688,0.1626061694124016,33.44345415760192,0.01331308497013041,31.557564684874922,0.12993653835065294,33.44345415760192,0.01331308497013041,30.239331186116363,0.09376180105563925,23.957808504395828,0.3414751246494857,24.154332619193852,0.35000927743638277,33.16724278240556,0.018685646384680978,33.16724278240556,0.018685646384680978,33.44345415760192,0.01331308497013041,33.44345415760192,0.01331308497013041
E0_nominal,8,25,24.504485289387357,0.0,24.46721005041843,0.0038671182343563925,22.570916056150807,0.1354139683374906,24.32946386425514,0.05486292708033061,22.669339677229004,0.12872486964241753,24.351202749928916,0.004637363170556177,21.726994021438475,0.09440279043661512,14.330528425025257,0.43234901821904204,13.528942139187366,0.46039241941463493,24.21632692728846,0.024728500470677237,24.34287720337486,0.012151226129280435,24.202539592466646,0.05004094624443422,24.348273705752202,0.004782805076648862
E0_nominal,9,25,34.953763623667825,0.0,34.94796199938297,0.00022942231688357988,31.90866734178938,0.1623220221857291,34.77984271494742,0.005747959955200359,32.14602136425504,0.13608982917934537,34.77984271494742,0.005747959955200359,31.09156011892417,0.10256596862036665,22.35536315800537,0.3815647414234699,22.44815292371698,0.38131828916253485,34.73637168980149,0.0074669997993190565,34.77984271494742,0.005747959955200359,34.73637168980149,0.0074669997993190565,34.77984271494742,0.005747959955200359
E0_nominal,10,25,35.957876122651754,0.0,35.946401866835856,0.0044446406013750155,33.844160355927905,0.09245097007307285,35.60814757249227,0.007427217561140458,33.45685989156206,0.09448475903829973,35.60814757249227,0.007427217561140458,31.592543612754508,0.10214722206254706,22.443359475574308,0.40228542438758336,22.62079334686557,0.3998257039818894,35.60814757249227,0.007427217561140458,35.6318108815257,0.0066974797269493515,35.60814757249227,0.007427217561140458,35.60814757249227,0.007427217561140458
E0_nominal,11,25,28.22787403234664,0.0,28.125622862132396,0.010432060691974932,26.012748058503625,0.14610758645398214,27.802995593811126,0.04425226634316233,26.628682392415445,0.11150145655610932,27.864139955221386,0.006677288293761591,24.495338982569653,0.1152306869101564,16.764239646648022,0.41794988638512726,16.96626054004658,0.4154659792394411,28.055081291639972,0.00868484360214191,27.86263404714288,0.0312926729091462,27.86385759745667,0.011292672909146205,28.053857741326183,0.02868484360214191
E0_nominal,12,25,28.0129387967302,0.0,27.905047405997763,0.005383023081175058,23.39483675844194,0.22931419508519477,27.427054758345434,0.021018806218229557,24.549993772208126,0.17338451436217506,27.521529955364205,0.017958166676161093,24.86026989863638,0.12183084346418199,18.080786987298303,0.3720054630610969,17.731269594780144,0.38410814161624374,27.521529955364205,0.017958166676161093,27.521529955364205,0.017958166676161093,27.521529955364205,0.017958166676161093,27.521529955364205,0.017958166676161093
E0_nominal,13,25,28.382672023650777,0.0,28.297567983500354,0.0014016042791989206,25.486616818726883,0.16257035158316047,28.146273952039067,0.010546157246006264,26.094553226548165,0.13045302383750518,28.169933652728965,0.007614370488388043,24.55937034272222,0.12787735619379878,16.991655172150967,0.43081964467870654,16.95789973891773,0.4378208391641223,28.169933652728965,0.007614370488388043,28.146273952039067,0.010546157246006264,27.80898994872146,0.050941962251721325,28.169933652728965,0.007614370488388043
E0_nominal,14,25,43.056330596155995,0.0,42.84658042145431,0.005179146978240407,40.72521774424772,0.09078194973384886,42.39839834586678,0.0138462932205533,40.656973650011224,0.08907037131465996,42.28474838389155,0.01503422617475969,38.739428424122195,0.10023308528519849,28.867688817965682,0.35470287096927505,28.681885555680257,0.36170221158897936,42.18245698941479,0.02343384247130184,42.18605622656027,0.017100415561510575,42.143831172694675,0.018121533297866827,42.17697855238111,0.018043137588522228
E0_nominal,15,25,22.329601403234495,0.0,22.26792242596706,0.0014816410940092538,18.393778294037663,0.18733208077382785,21.73218043250615,0.019769234052586685,19.40275304644383,0.13829999990134997,21.81265867591103,0.0157162911547969,20.487717328017933,0.06664718217763639,15.251562363756472,0.3493711681690791,15.294404629577167,0.3511554236896398,21.81265867591103,0.0157162911547969,21.78428054947377,0.01776032740944731,21.761672597521006,0.022640958191532546,21.78428054947377,0.01776032740944731
E0_nominal,16,25,30.812162938388777,0.0,30.743130910398246,0.009783802258458532,29.22138215422775,0.11491442015708765,30.50995805276932,0.013946741245288037,28.817527952756354,0.11864020173202922,30.519083402320057,0.007463119677446744,28.491277335281392,0.08687787422961885,19.337355500051725,0.40336390676269707,19.768278153323994,0.38434659811604943,30.49110102220949,0.014190535812240052,30.55300532723957,0.013020052510911574,30.49110102220949,0.014190535812240052,30.478677057233476,0.014689451979714774
E0_nominal,17,25,38.00817163549366,0.0,37.94076018688022,0.004018209169395509,35.601781843320495,0.09068429209767907,37.74112415384623,0.013646397837371822,35.838923234674695,0.06792491838209712,37.71135253307358,0.016165185394799934,32.3118520782838,0.14559125215445548,24.165377765988346,0.3784930106243549,24.240479704615705,0.35427596163311775,37.774581651824164,0.01826842168870692,37.72691942425974,0.014962932049265692,37.85425626852737,0.006701710153144749,37.78747980684034,0.010066284234076552
E0_nominal,18,25,29.8714525972906,0.0,29.862146949590013,0.00013797242608497257,27.239509743759076,0.11806273588785743,29.73310939240701,0.0030390302111694164,27.4756844421504,0.10638642037410445,29.73310939240701,0.0030390302111694164,27.08604738233034,0.10708360201877938,18.93762912850429,0.4224571915676426,18.659930956428074,0.42887869376656523,29.60965201639655,0.010721063161741507,29.73310939240701,0.0030390302111694164,29.60965201639655,0.010721063161741507,29.537657495022607,0.01431964363336739
E0_nominal,19,25,36.35742394397371,0.0,36.3386166410415,0.0011195903219439983,32.46986455132176,0.15742860594596467,35.52861193738782,0.021990806455053576,33.04034301145932,0.12691692912723915,35.52861193738782,0.021990806455053576,32.81405199776238,0.09283118027586891,24.53384862705332,0.353777044770269,25.39581398894121,0.33922295437492417,35.49970655685916,0.023338579444696,35.52861193738782,0.021990806455053576,35.57022201718135,0.024884825689134544,35.49970655685916,0.023338579444696
E0_nominal,20,25,31.32957691600995,0.0,31.261027565788265,0.0038004905173036883,28.92449685712088,0.155587353125244,30.97746320789201,0.04027153255924889,29.103919421826628,0.14484689416796662,31.114056638996434,0.0066542366807473205,27.266598658597026,0.11043059407770145,20.5910205099537,0.3762918053382553,20.749905173377364,0.37582249615715696,31.11141753022235,0.01707090334741399,31.114056638996434,0.0066542366807473205,30.981421871053136,0.024646532559248882,31.11009797583531,0.022279236680747324
E0_nominal,21,25,26.457768078846957,0.0,26.404965497367943,0.004381426254328114,22.482477248280915,0.17320237024926197,26.017010375093122,0.015085814440112264,23.822105081111122,0.13809348768477323,26.017010375093122,0.015085814440112264,23.255637063211616,0.11185955492135741,16.869267252525393,0.4250758632637684,16.770077783202417,0.4296201238979057,26.017010375093122,0.015085814440112264,26.08324242783361,0.0098363846764578,25.947794354786975,0.03060336522954124,26.017010375093122,0.015085814440112264
E0_nominal,22,25,26.346908622714412,0.0,26.304262368472173,0.01030135904610034,23.290152112952388,0.1984309417996681,26.144088309030025,0.010730567007686051,23.99038962029816,0.16962181263683335,25.799366249266075,0.017788093886822717,24.05262831790096,0.07369666637538579,18.291744184851076,0.34438157787562157,18.142831728410716,0.3466730366533452,25.692560748136042,0.03404469915518326,25.885161665521633,0.020036415835204147,25.770584644280262,0.019887973059207552,25.849438926541147,0.020505719214214978
E0_nominal,23,25,28.042813587654834,0.0,28.00660812275423,0.002098528752857364,24.821338321907493,0.16205634939456143,27.627263045184485,0.011904869487302063,25.71273555929945,0.12493023379136221,27.855221369465422,0.0077044377918942,25.742435390125856,0.06815127243825342,19.34803969868305,0.3511416940904105,19.37715064540417,0.34767665515438106,27.627263045184485,0.011904869487302063,27.839399758202802,0.006453678925901255,27.72353694613516,0.010024092139747316,27.72353694613516,0.010024092139747316
E0_nominal,24,25,24.035107912464486,0.0,23.94732667457539,0.00822286957316787,21.89682951029528,0.13109688552584123,23.938685630106,0.005825259817228056,22.107935212920612,0.12093983686089087,23.954445734571404,0.004234061617346844,21.01518815926784,0.09679922482994119,14.231168726919101,0.41992029462098046,14.548668442355336,0.41245543116028893,23.7689200775078,0.00712944204271587,23.954445734571404,0.004234061617346844,23.938685630106,0.005825259817228056,23.954445734571404,0.004234061617346844
E0_nominal,25,25,25.921705240285913,0.0,25.8609572352593,0.003509532421633628,23.381378895336443,0.1994413491524698,25.59795246270501,0.014745464807392394,23.34854023061997,0.19448739348753138,25.59795246270501,0.014745464807392394,22.759517179740918,0.1134471570717941,15.024325863143124,0.4419915990205915,14.835995556060865,0.45027432173811177,25.59795246270501,0.014745464807392394,25.59795246270501,0.014745464807392394,25.59795246270501,0.014745464807392394,25.59795246270501,0.014745464807392394
E0_nominal,26,25,30.846007603771497,0.0,30.804356330573537,0.0020694626790601777,28.88287504036306,0.09703870694841386,30.416047948055404,0.014864237223022965,28.55364199222171,0.08912363887848135,30.404334790292015,0.016025945589655054,27.474258353384595,0.08670591242147278,19.04955908276685,0.40405993921484756,19.195574410914432,0.4001687101723926,30.15424857905793,0.035587282308640354,30.344730718632835,0.017119626723301543,30.184378745453877,0.030789091877402214,30.351276144107324,0.025179064092333454
E0_nominal,27,25,29.60830233010228,0.0,29.589587886305434,0.0016117990346191159,26.33639706707325,0.17444259693643033,28.968770716073276,0.025768535034108364,26.93371422222516,0.16305494290258696,29.241508279852496,0.02187182957891977,26.454104785151767,0.1073127090069948,18.390098340220014,0.41157527278063666,18.387025621397434,0.40822020282439575,29.068045418439578,0.019243252397263343,28.74392907477896,0.0360640571377229,28.86726891040731,0.04841574812446042,29.292887059733893,0.008947730293648808
E0_nominal,28,25,31.712692693081948,0.0,31.631133444657713,0.0029232648829891437,28.64209362021768,0.16988214668057938,31.20063443001465,0.020822380321739976,28.926635548054637,0.1638921036489602,31.204585734581443,0.01581792318159314,28.238500385833802,0.10734299820755736,20.84586330415566,0.3736806370521149,21.299391581569477,0.3701071203032893,31.200113802461896,0.02083642331679572,31.278544918505645,0.012856573605487425,31.066290840268103,0.03344228991890217,31.230152874014465,0.015456872504597059
E0_nominal,29,25,29.27685991633689,0.0,29.159592618547972,0.0054485208484116535,27.618327464792795,0.10684029667270613,29.017247625779017,0.00847354388505588,27.92627840588045,0.09632387920342664,29.017247625779017,0.00847354388505588,25.750560468382254,0.11447967181019308,17.648667700456212,0.41899756356493534,17.77650415658296,0.4185065161706843,29.018274143959815,0.008068135457967043,29.017247625779017,0.00847354388505588,28.76220577445577,0.012313573177375265,29.017247625779017,0.00847354388505588
E0_nominal,30,25,31.654258710473094,0.0,31.5272077523024,0.008889620288336498,27.57897745270972,0.20666072434730787,31.27962931039701,0.012246306409066026,28.203582091235358,0.19030857750457886,31.16248290950461,0.017706684043906778,28.648853554650245,0.08961723153607762,22.317760845171048,0.3210696631298348,22.250668818363188,0.32832310556405375,31.096185752412698,0.026892370440599497,31.257901843806724,0.014378597323212892,30.965061654671278,0.024124995176812568,31.027332492130395,0.026642809472138297
E0_nominal,31,25,34.99625876288371,0.0,34.96037435472817,0.004186123138094485,31.950565688795812,0.1452381091386569,34.688392368449364,0.0075594691953240045,32.640561634611565,0.1120746637724595,34.72028688751104,0.0069412970002087435,31.244541728817772,0.0943646371740895,22.073928502272775,0.4096169916385341,22.41255299709511,0.4088455967597248,34.688392368449364,0.0075594691953240045,34.688392368449364,0.0075594691953240045,34.688392368449364,0.0075594691953240045,34.688392368449364,0.0075594691953240045
E0_nominal,32,25,28.409310356579102,0.0,28.34782458725801,0.0032129347477713776,24.735764813123595,0.16694488205151012,28.059035065156895,0.012335081232785483,25.760449545689067,0.1305446534802412,28.184494489921164,0.008299199100348745,24.829700689320745,0.11266089194198932,18.956483468176337,0.36068960411955614,18.84384380961676,0.3634998983188245,27.94543981931149,0.04718830077392493,27.991063061234453,0.02084041361432989,27.986677131918196,0.021098684357718393,28.040338365537764,0.014472951194629737
E0_nominal,33,25,29.490501246920875,0.0,29.44992748287046,0.0008361368636851913,26.604589538678994,0.14058497581716342,29.127658054983918,0.012177679637479937,27.55666552565339,0.09648185184964925,29.147060500922098,0.011008700142508359,26.091104105130285,0.11232884522084063,19.0201399086009,0.4071164376578034,19.670121136979223,0.3938549344973919,29.127658054983918,0.012177679637479937,29.19214500751312,0.009871023626546177,28.909643461233163,0.02677294877699014,29.127658054983918,0.012177679637479937
E0_nominal,34,25,25.661603327242837,0.0,25.658712176386747,8.854339612212795e-05,23.019007415801294,0.1275639213071226,25.337893384632412,0.023931993925997836,24.312087071835858,0.08512148169950394,25.346753282546977,0.010043105037108951,22.7242214312803,0.10053269098425822,16.081728791876284,0.41790074515270753,15.97421850841219,0.4118506151320043,25.346753282546977,0.010043105037108951,25.346753282546977,0.010043105037108951,25.337893384632412,0.023931993925997836,25.318444572539764,0.0203105449759352
E0_nominal,35,25,30.209731446560312,0.0,30.182722068484587,0.0006304154010558955,27.661547117895033,0.13063031896518498,29.759881221671716,0.009447632709827547,27.833537120182157,0.1130452186459164,29.9773953790305,0.01372737565085315,27.35139219738457,0.08187691161450017,17.45155406531194,0.45178536144854137,17.557740596568284,0.46781991214622054,29.87889163002222,0.008756384635928843,30.103049911432507,0.0018436578090624226,29.87889163002222,0.008756384635928843,29.9773953790305,0.01372737565085315
E0_nominal,36,25,35.829505998124944,0.0,35.795243191540415,0.0015224086268424237,32.83559883017328,0.10852087793804087,35.48512130767338,0.03983887695809568,33.312761997841584,0.07638011475133938,35.42033573416526,0.011211741948762418,32.475204431593106,0.11887259590142428,21.723207855031724,0.4359494692183438,21.838292638831312,0.4313456117861108,35.53708646519489,0.010832254658532157,35.48512130767338,0.03983887695809568,35.540219443317326,0.009282003273110488,35.53851790386574,0.01483755882866604
E0_nominal,37,25,27.79767050761562,0.0,27.76842190319189,0.0005353778270332291,23.612056385686095,0.20358983081690446,27.399775024531724,0.006119389957705395,25.509195563678222,0.16598646904360798,27.648899714268886,0.004073655588362332,24.88436475075069,0.08480732964006385,17.63495524640117,0.4039448712937494,17.11654060671693,0.4229429964615721,27.36695858621501,0.010024672195383557,27.399510977377027,0.006131402012380237,27.630679082162825,0.004625861761509097,27.648899714268886,0.004073655588362332
E0_nominal,38,25,33.66752807448274,0.0,33.65013046055121,0.0004961969307932782,31.960994944007158,0.0879895282430344,33.207263682172695,0.022811046242307537,31.96106023865142,0.07028237817468201,33.200823100224795,0.021902172988145664,30.343164017294953,0.10144975882815911,19.141610942227626,0.41531933272778654,18.625531100029605,0.41880623716642484,32.96363505124591,0.04442285011341981,33.24808541490851,0.020554205641557296,33.200823100224795,0.021902172988145664,33.184436082114885,0.023704472303260334
E0_nominal,39,25,44.92387432624937,0.0,44.853749042639194,0.0009068601322342112,43.17474959852644,0.09593648190137248,44.65463686089038,0.013387513096711563,42.24012345270516,0.10686780948792965,44.73981590205859,0.002894563118387241,38.728084688871164,0.14051963574481977,27.8210926502921,0.40554909005491674,27.12416079094929,0.4158371540978327,44.73981590205859,0.002894563118387241,44.666243926970836,0.011957673524594165,44.65463686089038,0.013387513096711563,44.73981590205859,0.002894563118387241
E0_nominal,40,25,32.63602776660512,0.0,32.552397652439524,0.003818276267250515,29.47340060561025,0.19217497210597986,32.299490767138316,0.006815126145967265,30.417059452841958,0.1609534696432115,32.413570631579006,0.004684699313223934,29.261423342402395,0.09880775973439757,21.447000211993767,0.3588283917170352,21.314112393773783,0.3623429232511186,32.41427030750092,0.00443583690240656,32.41388159865541,0.004574093797305105,32.41427030750092,0.00443583690240656,32.34314419611319,0.012920521208565927
E0_nominal,41,25,39.367508209871275,0.0,39.35886731691667,0.00021895517949009887,36.649170489977266,0.12321067251439378,39.119118778091185,0.007631764160480687,36.359345297784955,0.11682893072076776,39.119118778091185,0.007631764160480687,35.27548289440697,0.10571707457182425,24.061761810306816,0.386468034903237,23.77603381930601,0.39353892132166074,39.119118778091185,0.007631764160480687,39.119118778091185,0.007631764160480687,39.119118778091185,0.007631764160480687,39.119118778091185,0.007631764160480687
E0_nominal,42,25,35.961777469951315,0.0,35.94082926691938,0.0036962275163963526,33.38568185442831,0.09605613253427984,35.31287834620362,0.021177778325009264,33.23510480815849,0.11744771772113725,35.3276061071923,0.018285664877718825,31.741532871292662,0.09028704432374934,22.607884695366387,0.38191719560643683,22.5044520249208,0.38437236449137663,35.31287834620362,0.021177778325009264,35.21279329849539,0.0485699571748236,35.68544454241135,0.00924057624233381,35.70953776609783,0.0316174958852025
E0_nominal,43,25,32.97255946904065,0.0,32.90427537901475,0.0016322608288147078,30.630321781441236,0.1061338212641151,32.805798825882064,0.006343798381384844,30.416229143094597,0.10168405213445532,32.77112730493192,0.003953673924441704,29.04643677265946,0.11075823583859268,20.71664424229752,0.41203399003602587,20.28809539825102,0.43468153047477903,32.77112730493192,0.003953673924441704,32.77112730493192,0.003953673924441704,32.71900943213711,0.008074690530499284,32.81629026995917,0.0055142285439223546
E0_nominal,44,25,30.6620233788791,0.0,30.65851865886253,0.00012969919685571843,28.595309838749223,0.17664230597949612,30.13191110958689,0.02812830902022861,28.30481861982592,0.16277451566067191,30.202945692619505,0.009985082680354059,27.110378993924996,0.11800254289069226,20.53377762591278,0.3684066607199864,20.76091940732741,0.36095832927679733,30.263623409910895,0.009037623036050107,30.263623409910895,0.009037623036050107,30.524009203310232,0.005677524847752192,30.110911555594342,0.03956347271562364
E0_nominal,45,25,35.11462856548098,0.0,35.04152161306629,0.002826367570144368,32.79488768177804,0.10069104893185123,34.88145526761261,0.0161850693219562,32.85556901428164,0.09541957624441623,34.903656432190225,0.004861863543030757,30.720660622230625,0.1324444489715113,20.265896887363677,0.43590653721914985,20.088573518627207,0.4461183684368951,34.89763452140305,0.011545709766564998,34.94594010206813,0.004870035870224426,34.737826078523334,0.019309417519119857,34.980445842180536,0.0031937008957326984
E0_nominal,46,25,34.34427533464728,0.0,34.173981348566166,0.011207845558399071,31.661530677851363,0.132728057855437,33.34660292678281,0.018576616113880017,32.610132476574144,0.10379238344982311,33.884998827040775,0.013531453629712234,29.931780739882637,0.09506692237446225,21.313971833427367,0.399466209730633,22.15683225295168,0.3910654081636404,33.924748652801846,0.013675022676537932,33.34660292678281,0.018576616113880017,33.34660292678281,0.018576616113880017,33.34660292678281,0.018576616113880017
E0_nominal,47,25,37.288804685813304,0.0,37.24022467770825,0.003779911523353866,32.82475138278114,0.17010806952093874,36.682502645554536,0.019711247608984395,34.26467553844924,0.13679618058544146,36.911599169181386,0.015546095480970877,34.219636417636124,0.0879935790877247,23.69308978998985,0.3727816824330857,23.38476528554996,0.3883584236122104,36.70401311765255,0.016535628870355493,36.682502645554536,0.019711247608984395,36.4437187049803,0.022908502752390484,36.84594318282207,0.01385564759259815
E0_nominal,48,25,27.67996049169169,0.0,27.6436364549557,0.0016716669126672801,24.403637661964975,0.1997288911377332,27.353470992368635,0.012516254650961657,25.752408787166228,0.13091718496771526,27.41809542022354,0.005069939043343128,24.24898160036957,0.12245266465896364,17.416324137924608,0.4224404045518207,17.56581449323651,0.4141672234417926,27.422451067587748,0.005562243749559826,27.42092773824594,0.005073972549896808,27.353470992368635,0.012516254650961657,27.353470992368635,0.012516254650961657
E0_nominal,49,25,26.232315292392915,0.0,26.169883051572565,0.0029247389901884426,23.91915940524019,0.1425606410114509,25.961877328806167,0.024426788457887098,24.07565313414846,0.13775648010171188,26.05997568595082,0.0058825491854692545,23.492464938349784,0.09920593292330666,15.339030339526852,0.45716669651965025,15.717324913052321,0.455776901888866,26.039418643284378,0.01647288102350188,26.05997568595082,0.0058825491854692545,26.05997568595082,0.0058825491854692545,26.05997568595082,0.0058825491854692545
E1_high_load,0,25,15.556162307057294,0.0,15.542599989506382,0.002308311606135785,12.248379177566816,0.22967809770532246,15.082776584674095,0.023992352522845286,12.891876364547686,0.19736006464579428,15.082776584674095,0.023992352522845286,14.289487756892026,0.08469363298718947,9.388950315488092,0.4468450719440166,9.451964045802255,0.4329354019298405,15.101736874980922,0.024576373170897205,15.263187599911337,0.01254993119981068,15.169455270109163,0.020527714313030732,15.280881841888238,0.015543817174496438
E1_high_load,1,25,12.83183084130321,0.0,12.81596974239273,0.004683601451261541,11.033966226767145,0.22511649472798764,12.83183084130321,0.0,11.025108480693236,0.22997516762627282,12.743404231322714,0.02111233510149267,11.557763452617888,0.061534760316108196,7.191359173566979,0.4138252930950056,7.2257158967871415,0.4219880052372203,12.700015194860216,0.03178586169872707,12.743404231322714,0.02111233510149267,12.668702953336755,0.05207744145083315,12.613370217836785,0.06012917832578729
E1_high_load,2,25,16.40733825455252,0.0,16.32197846998097,0.004641483742232651,13.503463967099156,0.20539423408632104,16.188789063478843,0.013058352107726138,13.537063657147995,0.20028605452001128,16.325046817882573,0.004681174382545855,14.79521215868005,0.07769142653535853,9.688826697438722,0.4478103829134853,9.974604637774478,0.42135597646106976,16.325046817882573,0.004681174382545855,16.325046817882573,0.004681174382545855,16.332778120310095,0.0039169588362571875,16.332778120310095,0.0039169588362571875
E1_high_load,3,25,13.18899829926925,0.0,13.17958012296061,0.00316055499905479,11.067357111433516,0.20026368489186613,13.03117046965307,0.03064235948191971,11.643956793372753,0.1583569818360603,12.984974089246359,0.008810083369774725,11.6974789256365,0.10586952137840931,7.813789112117909,0.405395826273983,8.01778342039743,0.39231638812294045,12.98357034447125,0.021597807154940963,13.13226832708707,0.019336917598981426,12.90050933448555,0.03415506477318021,12.982919492967456,0.00938297889066847
E1_high_load,4,25,11.699864113441159,0.0,11.684235215864945,0.0037535516214910283,9.826506726313182,0.21196786032243145,11.550826655763421,0.018832023561767258,10.099253532075824,0.19153638820746566,11.640038170558036,0.01102625471425176,10.696870663626813,0.08297244461560932,6.357653399115042,0.4102839474599491,6.400798753512759,0.3946448453621206,11.59156412005052,0.014363090427109518,11.64537143740335,0.006926301118023992,11.434811752421453,0.036007597404004575,11.64568168748766,0.005251191321096128
E1_high_load,5,25,18.886609175203695,0.0,18.846558972941736,0.0007409504511232999,15.249237790983376,0.2541911471939525,17.97347039548289,0.04450584877147752,16.081662960768252,0.22434586482237853,18.005629726923065,0.040729194292760396,16.957836299080128,0.11280683861096037,12.610985702743665,0.359541121439361,12.84238343669927,0.35345203595701274,17.853638203329513,0.0826560128527281,18.094914312230273,0.034459465015630915,17.906477937141926,0.049485958620117655,17.785773387635775,0.06541153594401307
E1_high_load,6,25,12.878659612653104,0.0,12.859000974613746,0.0025411183893044482,10.214265201730216,0.28609473379362466,12.738070783211509,0.02218329008576328,10.555008296113328,0.2806655278337239,12.596254536019222,0.02615153868333739,11.667935536639794,0.07042266120612424,8.188410323927032,0.3860062304735222,8.079656146712354,0.3904787526919339,12.77582415624425,0.018870179398295255,12.738070783211509,0.02218329008576328,12.634007909051961,0.022838427995869364,12.815611875642357,0.0051809492756611526
E1_high_load,7,25,11.346800227664373,0.0,11.346800227664373,0.0,7.888060866960464,0.3147055705000434,11.335886395216585,0.0007026738682741145,8.489618469585995,0.26438263263797057,11.335886395216585,0.0007026738682741145,10.191876040374733,0.09915721666589405,6.694351145440299,0.4112007419074495,6.300539936823319,0.44432830161605935,11.335886395216585,0.0007026738682741145,11.335886395216585,0.0007026738682741145,11.203856148401387,0.009203281212453899,11.203856148401387,0.009203281212453899
E1_high_load,8,25,15.726604785396928,0.0,15.707636160400373,0.005758690654884935,12.718449743511403,0.28042511821554933,15.589943723310071,0.0219663175287688,12.381904974804158,0.29141879569366436,15.594165334267736,0.01963221487507137,14.439492593531032,0.07467787814655677,10.113281212597935,0.4056739969549539,10.075477749180742,0.41487042000877594,15.711667262421258,0.0007812852237257012,15.594165334267736,0.01963221487507137,15.594165334267736,0.01963221487507137,15.589943723310071,0.0219663175287688
E1_high_load,9,25,20.129510265255544,0.0,20.119430846165855,0.00020370375762977149,16.924360006494428,0.2573491840271065,19.65896791317326,0.021181613557281594,17.45379972689379,0.20385699717960318,19.773130113407607,0.018671197802778528,17.622397942908176,0.13049927742007927,13.474388033408472,0.36828432479604034,13.289549616586653,0.38484275841939564,19.647231020038493,0.04119318855635489,19.694602962201756,0.02303750981077993,19.773016325241432,0.01926506559798701,19.778808722321237,0.026743114221519388
E1_high_load,10,25,12.366836814686831,0.0,12.291023810156299,0.009646130555568361,9.40809385315305,0.2975334667979625,12.139169065805948,0.013146825876463177,9.416898621072455,0.2962598007220688,12.057903957727962,0.02319132960312963,11.217301540105778,0.06569810933446292,7.959616635189182,0.3656423633175115,8.034026287026082,0.3730996337828631,12.021891325926738,0.04058263395095572,12.139169065805948,0.013146825876463177,12.139169065805948,0.013146825876463177,12.127510636931142,0.014783554923307378
E1_high_load,11,25,17.058668252510824,0.0,17.052675915569736,0.001564975015758542,15.11390540088436,0.17258273705041255,16.987705457190987,0.017609599647470154,15.296798147984827,0.15111089402886355,16.987705457190987,0.017609599647470154,15.383251708773711,0.08882796673584423,10.420368799935385,0.38806837089623597,10.537000745342041,0.38624202575053884,17.011706489686027,0.015963285210649613,17.008284824356338,0.017296584504600605,16.958420812023647,0.013581418783120296,17.008284824356338,0.017296584504600605
E1_high_load,12,25,13.15765723694547,0.0,13.13438592974806,0.0027525662060210758,10.955026289409183,0.25925201030416894,13.052677235561603,0.00849735813751708,11.13065656776768,0.25301135192845037,13.06514229347669,0.0052205611483707995,12.222643016073897,0.0706616240127874,8.363812491961605,0.35220006078363403,8.359639997543443,0.338968252834924,13.015846363381211,0.012567428216384534,13.054756641877466,0.013957993516188582,13.052677235561603,0.00849735813751708,13.037202318936675,0.008795938063424052
E1_high_load,13,25,12.888439418561065,0.0,12.856424924216158,0.006001414823356692,9.670931060622664,0.3219912670364784,12.88635189716752,0.018518518518518517,10.19538148082928,0.29547211240207855,12.88635189716752,0.018518518518518517,11.457113565095824,0.09699022207137449,8.24618355293154,0.4074910578641342,8.099373900432097,0.41496168194510497,12.88635189716752,0.018518518518518517,12.886873777515907,0.013888888888888886,12.88635189716752,0.018518518518518517,12.888439418561065,0.0
E1_high_load,14,25,17.990819003680926,0.0,17.969403077118884,0.0008661526234604901,14.507140799924889,0.25196686370916765,17.620459517716885,0.013239290391968478,14.916137139853243,0.21797262981471352,17.82686607154337,0.009671406418659908,16.705866272950285,0.054587405532685845,11.970408563298495,0.35345519518088664,12.27306052482953,0.3280991150995385,17.754898100503013,0.018084831003113276,17.62647184200611,0.012996157777785644,17.80481206165768,0.016948011465966365,17.554503870965753,0.021409582362239016
E1_high_load,15,25,14.069089715157181,0.0,14.044213761047777,0.005830224240297009,11.934892291043687,0.18150724364829762,13.986657413683604,0.017113222776817885,12.253473265528928,0.17828018663585984,13.990077934639991,0.014991417899306551,12.889806910727486,0.06895111528652272,8.36237849924475,0.437447303769029,8.496301466628864,0.4262793451746258,14.037899695287463,0.0027675353009206454,14.0303437125645,0.0021775239451273035,14.005081016111797,0.012178234982170633,13.997633917362958,0.015581429255099893
E1_high_load,16,25,12.653637302372568,0.0,12.647175217978537,0.002066115702479341,10.175393421567248,0.23984293507618384,12.416697012596806,0.01727586810112526,10.086867718595677,0.24325080246393063,12.575327617766813,0.02597775817874938,11.785725902000591,0.05372309939526079,8.39273078539954,0.3634904622726493,8.745675026739796,0.33346298490702153,12.274677222792306,0.05841728831493678,12.39126375015905,0.0492728130410482,12.28947391132469,0.058250662840851924,12.488494636476,0.03203197135052444
E1_high_load,17,25,15.26361791268462,0.0,15.228155857289837,0.0025604444331584707,12.713672059760697,0.20357505027917283,14.88449461374062,0.034788549178589166,13.209773041732097,0.17577182282488923,15.019403447544448,0.012993407594771909,13.686080052137752,0.09118164443657835,9.149889143471562,0.3813487704672449,9.130230483703459,0.38699430244647515,15.020627143370511,0.018087099023708805,15.078478356629251,0.013685351425213562,15.048215297416828,0.01724647632748272,15.085369005041528,0.009380711478224195
E1_high_load,18,25,13.745569859142028,0.0,13.735143255547177,0.0058775214030690895,10.855777376971266,0.31435735275312165,13.693276341601054,0.011097950993734987,11.227457735960515,0.28953237274770055,13.661456654908816,0.004682183723015639,12.200683200678675,0.09574647204560734,8.246136094312229,0.3996315428088639,8.09520285611667,0.41742819155586625,13.65549237293773,0.009380551175162443,13.660863098274517,0.016045820086652,13.660714709115942,0.018886729177561092,13.679317818740037,0.010913166735335749
E1_high_load,19,25,15.931157158930878,0.0,15.89204511730435,0.004769934679747565,12.891797518832968,0.21272325075477208,15.707125153846034,0.021272877416163606,13.863368481461602,0.1872076260990799,15.709970811107558,0.019102282324467368,14.657869988064776,0.07489899797538517,9.594108716236269,0.4023282087704375,9.619378409225286,0.39746781772624984,15.594667595766877,0.03747643444475747,15.721060036682655,0.018416908337070267,15.732327613213908,0.016891409360930774,15.696035928270938,0.02195825140356071
E1_high_load,20,25,11.494407473656283,0.0,11.45588309446326,0.005740362147019066,9.183832890109205,0.253778640736452,11.245456035409234,0.0254635832902409,9.692920352707812,0.22891869535009687,11.279817295024735,0.020176986490819056,10.357836691377281,0.09785696231641859,6.967145050434408,0.39313407084115853,7.167408021553689,0.3799014017094482,11.241726631045552,0.030696859217239716,11.278498519494228,0.021995168309000876,11.109387482463951,0.05820605746043647,11.305417725369603,0.01646864131085426
E1_high_load,21,25,17.309040209647176,0.0,17.259796572944378,0.0025905800748871554,13.727192757156885,0.2600382496064262,16.879951816298153,0.036350897350345725,13.49502515007394,0.26077403108838154,16.928904262082405,0.023949613672638037,15.756212012974697,0.10453540231493448,12.01092626816969,0.3509376563517373,11.963276810978721,0.3618337734320401,17.0004135241915,0.01823061609166354,17.0004135241915,0.01823061609166354,16.928904262082405,0.023949613672638037,17.016391504269475,0.01190711203138836
E1_high_load,22,25,10.625465527359161,0.0,10.585177892387089,0.0071739157118799685,8.51219240482533,0.25859197210542706,10.573015790809743,0.003553412059067547,8.358161351392312,0.2663534904435401,10.573015790809743,0.003553412059067547,9.720388357012377,0.05940277945003978,6.148491572394343,0.403146855713574,6.2822172465318,0.38489596214202415,10.457010743198065,0.011128359841302555,10.52637124717353,0.007751147131236523,10.53106976571026,0.00732830804843432,10.573015790809743,0.003553412059067547
E1_high_load,23,25,12.415349556621173,0.0,12.336562406001054,0.005829316802029355,9.46932682548562,0.26823270968494023,12.078538551395923,0.023349411605116756,9.859290378537128,0.2435745926944775,12.078538551395923,0.023349411605116756,11.405912386487003,0.07531996732171814,7.18383641840143,0.4365089728351185,7.391816163567289,0.42904246820629444,12.085519709703973,0.018347475250629193,12.042482263917718,0.017023526722184813,11.70299507913503,0.06848655923326039,12.078538551395923,0.023349411605116756
E1_high_load,24,25,17.663493758573757,0.0,17.62372441998407,0.005842533381976539,15.03370715879751,0.24512886889514932,17.521166078355524,0.02960819178853831,14.973751918568478,0.24232491540527432,17.52107182787657,0.023774858455204974,16.35809448968055,0.06146411026453089,11.037237820861199,0.39426221353967056,11.329013724540056,0.377001106015735,17.45923298743936,0.025575339974626833,17.52113560142767,0.03722723940758593,17.409935435313233,0.027645144483690237,17.52131780304773,0.011274858455204975
E1_high_load,25,25,15.477317100966662,0.0,15.449967948155876,0.003716657364399933,11.05493856768022,0.2949455417023968,15.445570731703516,0.007442534698732555,11.6319615496542,0.28521637392725835,15.45225911399043,0.002002778737047826,13.830932377531502,0.10181201073148147,8.985811794717309,0.43324577334965786,9.138883388585063,0.40694523494502166,15.289140700943413,0.014667970981953533,15.445570731703516,0.007442534698732555,15.275511666594292,0.01660122476426026,15.44468870409104,0.022051606432309363
E1_high_load,26,25,17.921598011856066,0.0,17.87032965181104,0.00529664527657941,14.29877051030154,0.22873777901349165,17.71221118150582,0.006611579068920369,14.503685512756315,0.22113425858954439,17.71221118150582,0.006611579068920369,16.75849596771776,0.05041090333677314,11.97848256912019,0.3542274615315458,12.296112888392914,0.34517486389292285,17.71221118150582,0.006611579068920369,17.71221118150582,0.006611579068920369,17.70902196691197,0.007931215738002489,17.71221118150582,0.006611579068920369
E1_high_load,27,25,16.548526684302434,0.0,16.506249625630403,0.011205613620564754,13.734360862929599,0.2021026994705225,16.380825310380192,0.01026996617110185,14.107025458076967,0.21310169134425908,16.380825310380192,0.01026996617110185,15.12147283839776,0.07236917616616263,10.818423381696675,0.33721884987404344,10.671001098276957,0.3476732839945445,16.377357611337455,0.011568304213448987,16.385813912554028,0.007379016416279198,16.380825310380192,0.01026996617110185,16.380825310380192,0.01026996617110185
E1_high_load,28,25,12.100664936060255,0.0,12.088400329727854,0.003163535873290968,9.994608365078106,0.24205763290567114,11.862345394950362,0.03481914493027718,10.26566440796309,0.22362279218665793,11.868658805155667,0.009399494721889428,11.301911405886171,0.050373928579102174,7.82905924854765,0.38108293920297354,8.038929187720237,0.39738482573706446,11.898778151448338,0.010043992511930245,11.745448022663089,0.03807409123307823,11.83003713601969,0.035844389360164215,11.83320519409991,0.04629419781549549
E1_high_load,29,25,15.222740349108138,0.0,15.190592273713564,0.0034619941532198877,12.704656883397687,0.26704607498510213,15.04620690688683,0.023224245619813656,12.826689928796833,0.2666942492371858,15.035968070806973,0.024130521003939868,13.877759447101143,0.06572425643150664,9.132024530564115,0.44415693077187823,9.110246719208572,0.44253055028728594,15.096468515332601,0.004811032532541427,15.106707351412458,0.0039047571484152133,14.994531252530377,0.017562969897047455,15.063683249633398,0.008245458408389748
E1_high_load,30,25,20.1915891503999,0.0,20.150051836992585,0.0015190905898847,16.197652931046406,0.2546199990445213,19.763971372017867,0.038608525085596715,16.78986287398932,0.23683465845189197,19.902003725721922,0.013005307920889124,18.62994188823195,0.07318612437062544,14.164041522221732,0.3282835184131768,14.018177083389245,0.3401044743591621,19.6708849363916,0.059595123773853044,19.834353857400174,0.04049643015411613,19.82408481835334,0.029778805962847443,19.793912890112576,0.02855513106104814
E1_high_load,31,25,12.526374190607944,0.0,12.456421349985206,0.01538014162400884,10.47210209980047,0.22379720011964588,12.370733178023478,0.004769233821080351,10.807378953953725,0.20335686758968563,12.461769249092844,0.0032791199111308084,11.436603385837405,0.0703525562024409,7.802763209848593,0.4236477355621499,8.155199778539458,0.4021909176648029,12.370733178023478,0.004769233821080351,12.448920890416634,0.02901441402877786,12.461769249092844,0.0032791199111308084,12.45687463626381,0.013083041479758258
E1_high_load,32,25,15.52355695586489,0.0,15.516456052752385,0.002211551994401034,12.221939590419316,0.2514625405087302,15.181885466799377,0.0258661506101388,12.846690464158815,0.21599727677302624,15.287444138728654,0.01865008250270886,14.148934395399476,0.10611177171363219,9.674198967576288,0.39182737020102754,9.518262457905935,0.4016213913717952,15.15392576488172,0.03891404984108429,15.287444138728654,0.01865008250270886,15.262026227894419,0.030511809076295672,15.287444138728654,0.01865008250270886
E1_high_load,33,25,15.635130604718848,0.0,15.547442100241405,0.00616561485592921,13.72670030174504,0.14507310146209831,15.515825556715487,0.027761390300401003,14.096168265334384,0.13708474915811944,15.515825556715487,0.027761390300401003,13.493219492079932,0.14894657378631507,9.245685338566767,0.42785571341852285,9.060000138002641,0.4439469477149088,15.424175505045332,0.02081690791437511,15.399380031614482,0.04305760794756317,15.49767082329884,0.030146185709467747,15.399380031614482,0.04305760794756317
E1_high_load,34,25,13.308090433783523,0.0,13.285640970661163,0.0035761985306328415,10.839545564240977,0.2576807899138039,12.909954575399043,0.015330810030076086,10.806977859474816,0.2556994841653218,12.982064690232669,0.016320499754754258,12.202700264425564,0.06964712446557982,8.666921528777634,0.345178335423882,8.388184561118056,0.3712810974289224,13.045363745472642,0.020935755365870307,13.043619257057607,0.012819283803960992,13.046528932081634,0.012653781857781887,12.959147122831432,0.02845284207411969
E1_high_load,35,25,12.430010687851716,0.0,12.4279988840427,0.0003389793258889506,9.407687972383497,0.25374386841772345,12.22269389793069,0.04326326191758386,10.017049730427013,0.24378299802765088,12.372524920121885,0.018788440219552723,11.048046194388071,0.1234886867112274,7.755538140394658,0.38905865920357285,7.96917307072242,0.3808184115438053,12.307352605311733,0.023141144513446923,12.347945770349764,0.022497507100422014,12.372524920121885,0.018788440219552723,12.347945770349764,0.022497507100422014
E1_high_load,36,25,16.772334943240338,0.0,16.767782334891493,0.0008604987823949029,13.52973165144701,0.2470009662472653,16.498762816120156,0.050678308459496245,14.682133010181975,0.2179234820460899,16.61042160698367,0.005238726411059913,15.550656443175718,0.06622075518220032,11.035080010985048,0.34846396996595613,11.223990803948931,0.3463633278606686,16.59559528096296,0.02023040429215361,16.622032757347622,0.026124885270194298,16.52819819010636,0.049132799819117265,16.53572995678154,0.027393669384334667
E1_high_load,37,25,13.6243906484068,0.0,13.602086189882984,0.0019240132869078332,10.737855196774303,0.27293667073414907,13.191535354231796,0.02815629394620315,11.202442091068606,0.23339438891014044,13.320214603673843,0.01939700631847133,12.56147795521923,0.07903813174694872,8.882276491287397,0.3586133994581529,8.773135167574122,0.36040135648830346,13.2796132536083,0.021469527035817008,13.363836694135609,0.011999582647817088,13.131465495505108,0.03639068237344594,13.2840983787768,0.021237959459251065
E1_high_load,38,25,12.400004808012154,0.0,12.376970878668455,0.005027782791505996,9.0372215644706,0.3349033429270852,12.344951700573652,0.005566257828724776,9.544176171102544,0.31205119413630467,12.360153629689233,0.0022092284085242536,11.893141835815332,0.03439328938145992,7.428444558623229,0.3991731498090809,7.801594239488099,0.37683314841954907,12.344951700573652,0.005566257828724776,12.200804278654296,0.011043072927088674,12.219499103023525,0.016351225685604116,12.185602349538716,0.014400102347289197
E1_high_load,39,25,15.17027183064098,0.0,15.032120472011302,0.011153893500850687,12.689126727092214,0.15921945479050123,15.045914513688516,0.0049989607303236785,12.907629252647418,0.15444769712721573,15.045914513688516,0.0049989607303236785,14.043969349458784,0.05981921829524565,8.970068603997737,0.42381604337877343,8.867411301179816,0.4259247767256639,14.994551080366618,0.01897757593351089,15.04489971462195,0.016440608327577686,15.044087875368698,0.025593926405380888,14.986532335080996,0.03720050410539467
E1_high_load,40,25,15.285748908600738,0.0,15.255560062871364,0.00492806360219105,11.81035162080712,0.27828281501471297,15.07232113044775,0.005326481238756458,11.737240352596013,0.28461034241054783,15.07232113044775,0.005326481238756458,14.147248349624089,0.06666446555595346,10.540553199642636,0.37092430116533953,10.668354077879444,0.3797409768242482,15.07232113044775,0.005326481238756458,15.07232113044775,0.005326481238756458,14.885443378544178,0.036148006554821956,15.07232113044775,0.005326481238756458
E1_high_load,41,25,13.042836824130614,0.0,12.97345480257485,0.008670956592171685,10.408766319341296,0.21822987122765417,12.675341047189395,0.07147003996990751,11.475122579996365,0.18819114430958198,12.640516082888691,0.06980356943557635,11.825261564052012,0.08178595296484972,7.925210911993534,0.3847938532922006,7.929854911524295,0.3903468137551172,12.592696104126219,0.03746232031036198,12.612248132302968,0.07666686822465262,12.609717824808238,0.07720148220124373,12.611585368621741,0.08126499550565025
E1_high_load,42,25,17.76470500700714,0.0,17.75438286690849,0.0036530902405927986,14.385106162716859,0.23069584014843078,17.666027767754603,0.032324334196353235,14.802386140816571,0.20363776512697127,17.6863485898563,0.0023710155755947886,16.376657516544736,0.06985812836595638,11.820264441688634,0.37021459372060106,11.876786852055913,0.37635167233756534,17.669764790545393,0.0108957627677818,17.654248025572727,0.02198929144445118,17.54499667626798,0.02743560512259973,17.666027767754603,0.032324334196353235
E1_high_load,43,25,14.320388813947506,0.0,14.287093893429153,0.00757520735933245,12.896508625790446,0.2294802748516911,14.29880067544355,0.002053443149577698,12.346130573107434,0.25880461974293456,14.205415924184035,0.023467808396764614,12.56984598626919,0.07713233708541843,8.305257623761504,0.39711148844196437,8.145872415573061,0.41412691635669385,14.227004062687993,0.021414365247186918,14.205415924184035,0.023467808396764614,14.179703305971659,0.025203840719294567,14.29880067544355,0.002053443149577698
E1_high_load,44,25,15.209874378128706,0.0,15.138323123766009,0.005000620147680837,12.42545150903372,0.2511710021071197,14.925855779597,0.024428343878345023,12.877048676496893,0.23961491060081552,15.07142243029146,0.008303235530612652,13.910299130577103,0.07563174094500233,9.101086369129403,0.3802793352541948,9.119124360965879,0.36437926213698274,14.769999229510093,0.044159393726000355,14.98719429933498,0.024902171229131985,14.816016618661983,0.03268959660392827,14.805505143962064,0.042060717563443414
E1_high_load,45,25,19.495005812300153,0.0,19.45906963254373,0.006015967285293644,16.132702587909623,0.1849463469751672,19.240131352160134,0.009457237943458626,16.357088537847343,0.16395748527216075,19.19664352237437,0.013808538854438633,18.06376008693947,0.06286266980335371,12.455788611782486,0.39226568693327246,12.762356965407815,0.38534309566875785,19.227575301162368,0.01646650502502533,19.053535887859116,0.023815196217444004,19.181652610609348,0.014533556476450528,19.240131352160134,0.009457237943458626
E1_high_load,46,25,12.684518685833494,0.0,12.650235202248421,0.008212602811098091,10.817865219470713,0.27204374195286174,12.490380018262066,0.04556512382462597,10.906502665252983,0.24926859557480405,12.51843910708332,0.006486448876385809,11.41757428390252,0.09953217891253673,8.125808235304179,0.3754177267913561,8.08242431253463,0.37909907174280016,12.485881089713532,0.026249294726188185,12.51843910708332,0.006486448876385809,12.549940180083855,0.02343956525297878,12.505104757403858,0.009114837608238658
E1_high_load,47,25,17.862038804660404,0.0,17.834194981709064,0.0021752363276827456,14.752809747811341,0.21413098480103446,17.538497136493145,0.03940934629024667,14.592033494507756,0.2251593730568284,17.540933439191328,0.01579823517913556,16.609430640520213,0.05306380843995074,11.625667688840156,0.35904402503742444,11.394875603244884,0.36843519370659467,17.509208877135283,0.036463619352978545,17.502288014702096,0.02999212697585338,17.595125441729603,0.0386484109636587,17.540933439191328,0.01579823517913556
E1_high_load,48,25,18.82845411457628,0.0,18.79384495546531,0.004251367832537032,14.172900558225926,0.2749356255651149,18.73912950791341,0.0029753597731329465,14.991262024383476,0.25234284516936656,18.73835097759604,0.0031601171490652806,17.23121763633143,0.07272290826542788,10.980013238148087,0.38759115651646675,10.626445981292333,0.38863262021860856,18.625389067733497,0.013499357547681728,18.73835097759604,0.0031601171490652806,18.73912950791341,0.0029753597731329465,18.73912950791341,0.0029753597731329465
E1_high_load,49,25,12.807663527798502,0.0,12.787780365689683,0.00584532188431548,11.130528451402348,0.20744080664273853,12.771344989388387,0.006222999884649761,11.667517900411502,0.19365475020833361,12.801475245921743,0.002152146094036969,11.698559504793618,0.05813369162406102,7.643034515792534,0.34769801072790063,7.875682195222464,0.33808683595537375,12.776843490611016,0.0029759714004003843,12.772930185581131,0.004908446570885864,12.775258294418274,0.004290524714164282,12.80538855095163,0.00021967092355148907
E2_poor_channel,0,25,16.20243265216348,0.0,16.177150697983688,0.005119487052763396,14.500427539233499,0.15544295069951478,16.120523228802327,0.0068509724258969925,15.503826834564135,0.0797614713919338,16.168273474430755,0.0021792080237175663,14.652598118137275,0.09244155572787878,8.167907916174876,0.49135260264948905,8.091092340313518,0.5012081706883003,16.077914361971473,0.048364442158976104,16.112531714607154,0.005033360264845773,16.038710452588283,0.041485712412227344,16.127298218756906,0.033429208023717565
E2_poor_channel,1,25,21.458820110362403,0.0,21.436487571589574,0.005430782659363412,19.686959005720855,0.1503165238713117,21.3464268946776,0.004631055347091259,20.098945749500917,0.1155077130961794,21.417219108609153,0.0015581759749573297,19.416848128426487,0.08329275984452303,11.578177711813803,0.4925301470715134,11.869612336845764,0.48326949863288665,21.19907895883258,0.018005524070678073,21.145238691679744,0.03569930047490313,21.17943352844679,0.021072271765484322,21.269871172764134,0.014932644698544143
E2_poor_channel,2,25,14.399319931652235,0.0,14.395750990088404,0.0004674114396388112,13.379153156999411,0.12303466416826082,14.350406769829661,0.07333428768862642,13.36834033811676,0.13500382956391233,14.243535232382845,0.010002673026928116,13.515157893102728,0.058423475961257854,6.6328655372547916,0.5195487865498449,6.863851829959642,0.5168329224422075,14.340246143835504,0.03616846661819722,14.329747895181933,0.028803398986239084,14.289765230168113,0.052618564549479864,14.325256645612942,0.04404394188753588
E2_poor_channel,3,25,19.276122364762045,0.0,19.256595367784,0.005006372918125365,17.259845600196616,0.15183265912421756,19.177533182730556,0.012428900833672655,17.426197805882513,0.14375927978227276,19.151952108064233,0.019197849223141158,17.69720514969647,0.06617595443648967,10.213315553744705,0.4801516780632755,10.821383555040883,0.46039798968390144,19.21590479473004,0.0022754782494698875,19.1902088242416,0.0032464676453287052,19.188191963841525,0.009608505671394107,19.151952108064233,0.019197849223141158
E2_poor_channel,4,25,15.978035173962228,0.0,15.973659161821772,0.0011239294664692233,14.025875459330603,0.13964552414098402,15.73456526459969,0.017120049945302907,14.864565123229688,0.10074749071184044,15.875015360261873,0.003751488829678526,14.429365134800753,0.11242527642317945,8.602343355250062,0.4766091212958926,8.758142039494029,0.46783546753806965,15.749061090155678,0.017811018117994955,15.757899745205155,0.0171071930914704,15.76904176093219,0.014088178687791702,15.735400245730117,0.024823049165746427
E2_poor_channel,5,25,13.294462065101202,0.0,13.25776442704946,0.009924971245435172,11.723525998689402,0.19645198609270279,13.189177178928439,0.0390161464689484,12.479422456817336,0.13511993832957975,13.245955793930062,0.0020155751003948846,12.145497807760078,0.062311526757563074,7.51238062828123,0.4484375207523205,7.4628367666732265,0.4521241781596453,13.236690329847816,0.03763209735189201,13.245955793930062,0.0020155751003948846,13.20050951064899,0.03632587389665572,13.242098591192121,0.01426047305957855
E2_poor_channel,6,25,8.263019132146546,0.0,8.231905983070968,0.014505239524932169,7.392241594768865,0.18595472190142695,8.263019132146546,0.0,7.526698288863361,0.18897142752252727,8.263019132146546,0.0,7.825446135034918,0.033166123794499285,4.257359728212818,0.45326304452939564,4.09598055335548,0.45228614465108685,8.208070936366472,0.07692624279345342,8.263019132146546,0.0,8.263019132146546,0.0,8.263019132146546,0.0
E2_poor_channel,7,25,17.557683159150287,0.0,17.465809610913073,0.007252253457889357,15.660641496794515,0.17687496117463902,17.44643116478232,0.0045476082117988925,16.20718113669422,0.14594781492815817,17.44643116478232,0.0045476082117988925,15.776756245344126,0.0771681452697846,10.261775301145894,0.4679727975988043,10.350852589570456,0.4611821956958867,17.44643116478232,0.0045476082117988925,17.441418490552536,0.00473996154010617,17.44643116478232,0.0045476082117988925,17.44643116478232,0.0045476082117988925
E2_poor_channel,8,25,11.342118990461762,0.0,11.340277540550565,0.0010814357620062877,10.612441992851739,0.12909774428244902,11.326906876697983,0.03882807745001307,10.964756709031233,0.09008736899941563,11.336705525496603,0.0037403581517674537,10.118594354231991,0.08242449925299679,5.53030156702958,0.4899066891507041,5.112108320810941,0.5252589498615098,11.336705525496603,0.0037403581517674537,11.33523572817681,0.009003516046504293,11.33425586329695,0.012512287976328858,11.33376593085702,0.01426667394124114
E2_poor_channel,9,25,21.179275448763146,0.0,21.179275448763146,0.0,20.172371226290753,0.12922885732285969,21.179275448763146,0.0,19.741541332174428,0.12438627272579837,21.179275448763146,0.0,19.045612482055148,0.07757010989554637,10.947152868747075,0.4810170020540363,10.641908043394613,0.4871318447692687,21.179275448763146,0.0,21.179275448763146,0.0,21.179275448763146,0.0,21.179275448763146,0.0
E2_poor_channel,10,25,20.240163573641233,0.0,20.204679284685948,0.011208444254368068,19.199401346547415,0.08998841194495304,20.124914318836908,0.004867109229385325,18.8203331128109,0.10122843562455142,20.113975594113747,0.00781422938844412,17.991596266241665,0.08518880633414733,10.623686806932092,0.49841406488803125,10.636434188070226,0.492806582345305,20.18412138845503,0.0018257215535519068,20.177655448899415,0.0028085564905565717,20.103563860993237,0.014070616784503892,20.177655448899415,0.0028085564905565717
E2_poor_channel,11,25,14.8851913712083,0.0,14.818503219409685,0.01153211024803395,13.952558153830898,0.10159883140821885,14.618153582493264,0.02809878944075143,13.967163906347448,0.06892350633886234,14.791175147405998,0.0043249807752450305,13.146651447250212,0.13498683187196586,7.340864525880233,0.4983301488937385,7.315192279563672,0.4884951623404638,14.782088005796918,0.021881711712463472,14.783628278256938,0.004442829321477843,14.736519121090316,0.009362243586329805,14.754910387026891,0.018615772213562396
E2_poor_channel,12,25,15.94397350375835,0.0,15.937546559180857,0.00523341283172644,13.793283043666813,0.17197836138238673,15.812578725703215,0.08018021405089286,14.046780017921478,0.222690149535291,15.676171842236522,0.0504791445304726,14.363159505977452,0.07880471189847804,8.873491854509863,0.4590096002179164,8.810896217299884,0.4454924143202041,15.616965737220124,0.031052684174630946,15.76029588034653,0.0441850281268842,15.672604867528644,0.054521743110419074,15.671111445827163,0.0547113659979016
E2_poor_channel,13,25,12.671546518266334,0.0,12.656375147436167,0.008357193552573597,11.445808235505591,0.13955902380176216,12.632583502400209,0.042892424990950036,11.761833454509203,0.15208029764451794,12.641970920041869,0.0012217354979233604,11.316447938289237,0.06467527752384108,6.740858750111047,0.510254230058496,6.948759843343574,0.49785278168275116,12.633402953520925,0.03925488647827616,12.637051526283596,0.023058894301344217,12.634567329018498,0.03408623076647734,12.635767911346614,0.02875685315536048
E2_poor_channel,14,25,26.37161161823776,0.0,26.332504481028813,0.004026505374700962,24.433329927643868,0.10715618007881901,26.06770136689736,0.027283512153324797,25.133973427737782,0.07056997857759789,26.103985111631754,0.027045506080234902,23.904949324925777,0.09284395274196217,15.653820203071268,0.42188334377403847,15.560442262731776,0.4384226458647946,26.158871823616344,0.02352625620661757,26.117758266672794,0.02511189073440714,26.158871823616344,0.02352625620661757,26.158871823616344,0.02352625620661757
E2_poor_channel,15,25,11.05883023474418,0.0,11.026903825831601,0.010754976201597828,9.571699466837687,0.18895714811058767,10.987763229165141,0.00396847236534015,9.994798441285678,0.15685443828919066,10.987763229165141,0.00396847236534015,10.1028930779867,0.07477673399428136,5.977562107371878,0.49684497828197327,5.942286975689663,0.5033919660447786,10.901306851016448,0.006720203441609467,10.987763229165141,0.00396847236534015,10.987763229165141,0.00396847236534015,10.987763229165141,0.00396847236534015
E2_poor_channel,16,25,16.027002694083773,0.0,16.01579552156843,0.0035885167464114794,14.868773419757188,0.11494889855275724,15.927916176928656,0.029480067667428566,15.127451642225134,0.09988710190713954,15.932606629176526,0.004686679237676495,14.930653018732025,0.045302215561615504,8.38188185230014,0.5006713191222306,8.406697691487157,0.49113862820221055,15.88855776116017,0.028197651024510342,15.901621013713738,0.02051899791767808,15.796107050559595,0.04219036914442153,15.929870532031934,0.01914948915503187
E2_poor_channel,17,25,21.393889820168013,0.0,21.38283409159328,0.00199793037419988,19.79240451987885,0.10336151035803852,21.213624274447085,0.005138371448139759,20.402064369044155,0.04504364916397467,21.3277212267035,0.0014943502245520083,19.204414740597354,0.082575458693479,10.899076313157762,0.5388519871330428,10.707709336664356,0.5163126141711727,21.23757383298778,0.003530237206403679,21.3277212267035,0.0014943502245520083,21.3277212267035,0.0014943502245520083,21.3277212267035,0.0014943502245520083
E2_poor_channel,18,25,14.709967096944405,0.0,14.691295226732858,0.004450400284615988,13.20503866156498,0.13011373038129284,14.562363495269565,0.010760966871247035,13.650590082591519,0.09665613658511563,14.677541569517654,0.0023639668847014496,13.330069132350898,0.08033712360314288,7.6918787259948385,0.48076734895589257,7.916754261026004,0.4683041425123317,14.677541569517654,0.0023639668847014496,14.677541569517654,0.0023639668847014496,14.654501378653144,0.007571909590668493,14.677541569517654,0.0023639668847014496
E2_poor_channel,19,25,21.79771097718105,0.0,21.783715504996003,0.000739485176203243,19.969996418528584,0.18823472322930318,21.376925017466565,0.0174165600271362,19.68466290959886,0.17310581652275384,21.265061348102062,0.025148117111541503,19.48741194431113,0.10640001260363605,13.522613033592252,0.4519415922533071,14.225209105050121,0.42919047639614244,21.43675366020442,0.012140409523407622,21.359135619175802,0.015227946263872444,21.271264127041505,0.037103923718301665,21.43675366020442,0.012140409523407622
E2_poor_channel,20,25,17.304569962391543,0.0,17.264869747193174,0.008094505337589562,15.485776332999013,0.18026122279247753,17.304569962391543,0.0,16.051656206149563,0.15546423278165852,17.17672150603878,0.020134208132189888,15.131599225113671,0.09076240191856517,9.694872079026661,0.4864397704932386,9.771353367471221,0.4859176823311652,17.278530665129168,0.0041007975039603585,17.304569962391543,0.0,17.304569962391543,0.0,17.304569962391543,0.0
E2_poor_channel,21,25,13.937385123390747,0.0,13.924997300249473,0.003349227392570545,12.408694939490104,0.14344376197746456,13.755392957886034,0.0420361900625092,12.814404911379233,0.12441440543707753,13.827225297669512,0.006286300755446876,12.454559271597773,0.07929045383986004,6.676547032097492,0.5419782164029426,6.660451376357755,0.5452035424344538,13.833606076201445,0.017416078762186402,13.858828896564335,0.021780873626513955,13.836124989329026,0.026624023767291727,13.836336678812998,0.022717773767291727
E2_poor_channel,22,25,12.35108891447618,0.0,12.337712625746375,0.0051819903446675124,11.24858911149257,0.1379873839827036,12.111782468925808,0.04728395629355328,11.69647329945255,0.11187842687502274,12.102249518771622,0.047630984850900074,11.066968564291253,0.1129095639712171,6.691348181774538,0.4728385410953836,6.640711534478297,0.45501556614227734,12.099739079533332,0.032120455586529977,12.190513965239536,0.021886213527888658,12.06876300508054,0.022670991742418576,12.127630870372936,0.028724840913508933
E2_poor_channel,23,25,12.873280720547076,0.0,12.83561142734099,0.003641472564778556,11.251793366951496,0.15335338927893444,12.799148856025562,0.060221665895042076,11.817268291521609,0.13523084066581512,12.858823093723485,0.0004319185775223557,11.667560181810133,0.06573380624648506,7.1602733937288185,0.4825149404069783,7.036709832572249,0.4915153668371625,12.82992460202076,0.018783999285839795,12.788728787223244,0.011000283966760501,12.792456972023988,0.037532441769007975,12.772571490039567,0.04241854378149003
E2_poor_channel,24,25,12.019033185979774,0.0,11.993105283158032,0.0063934824593265644,11.025093330019493,0.13147248690404043,11.911003862260678,0.009220890943127493,11.195424721513728,0.0804607277155081,11.947503385196015,0.002928467260887266,10.777182037554153,0.08673799877166345,6.365438119543041,0.4488637544930573,6.365029087607065,0.4613197746965783,11.947503385196015,0.002928467260887266,11.947503385196015,0.002928467260887266,11.900682632038013,0.011000244432158454,11.947503385196015,0.002928467260887266
E2_poor_channel,25,25,16.308457941593876,0.0,16.292505255829592,0.0054347826086956555,15.27004186563449,0.09471897305105673,16.307908294200455,0.03,15.2009212814401,0.12419805921894111,16.308457941593876,0.0,15.061225469965946,0.07245038853029659,7.342934673602051,0.5540630552868425,7.335059518798271,0.5510021126595227,16.308457941593876,0.0,16.308457941593876,0.0,16.308421298434315,0.0020000000000000026,16.308384655274754,0.0039999999999999975
E2_poor_channel,26,25,17.01609250150966,0.0,16.968625434071274,0.003830127155426926,16.047271633832228,0.12786573598163223,16.83328543455735,0.012176533510381251,15.659167092776686,0.15241598777013213,16.83328543455735,0.012176533510381251,15.224796851386419,0.07921822763123991,8.702231188381427,0.5261531344123462,8.783292342940817,0.5080674656244533,16.972855627670082,0.0010600440529338507,16.972855627670082,0.0010600440529338507,16.972855627670082,0.0010600440529338507,16.83328543455735,0.012176533510381251
E2_poor_channel,27,25,16.550543756820616,0.0,16.486471973140667,0.00868843716983677,15.408770985468353,0.13780006071092205,16.458133114624605,0.0044946077215263485,15.481910056156694,0.1493968881050057,16.44232869711532,0.004822120078918003,15.220404642666363,0.06113484943440465,9.06742237932593,0.4943503871050118,9.20744281516179,0.4827536601751753,16.319676994271525,0.0432044392018138,16.458133114624605,0.0044946077215263485,16.437752726422424,0.007894316699501722,16.43605847087193,0.010774501031298955
E2_poor_channel,28,25,16.111138985448754,0.0,16.076758354470314,0.008466799097811267,14.559320763272751,0.21166783681413479,15.978432495793689,0.004208182182552919,15.121876146832061,0.1588978052967051,15.938569671255175,0.018121566585637867,14.415009024199012,0.10132776945072605,9.015947579605982,0.4676056004320575,9.18979612033371,0.45354329516501013,15.976577014353834,0.006244963750116612,16.003523733361227,0.015573191158681948,15.809064970659984,0.041797190427985714,15.923272398013534,0.034913544938702655
E2_poor_channel,29,25,16.205143359562374,0.0,16.161040407347738,0.006886181773525603,15.411903299949337,0.08853745133530297,16.122879393730802,0.015932147753275495,15.573886851706023,0.052688297775822235,16.16295888151661,0.0022621573429405725,14.983550752193503,0.09325251780960647,8.241886087411475,0.5058365213045276,8.10418950587868,0.5185467473611627,16.16295888151661,0.0022621573429405725,16.16295888151661,0.0022621573429405725,16.16295888151661,0.0022621573429405725,16.16295888151661,0.0022621573429405725
E2_poor_channel,30,25,16.174989090470657,0.0,16.13360550003368,0.01338880015797679,14.302407480215576,0.18285773906539365,15.885008714525409,0.046311689405868606,14.608589508118557,0.17833811969187022,15.872079928691498,0.011741841490825739,14.383490309386387,0.09146249730180422,9.807714191995325,0.46061780861859764,9.537763761468655,0.48400009671247834,15.86051926602883,0.012750290414770667,15.902968533179807,0.015976512787082068,15.860140006233319,0.027243044037959074,15.84728643128736,0.03348097192560835
E2_poor_channel,31,25,18.669126679502334,0.0,18.60953288063476,0.008124978044844931,17.407265059677485,0.1113804489498141,18.5885888896795,0.03479667267084043,17.29283791640101,0.11868071197819885,18.514944043979803,0.023507376665206598,17.292936831114012,0.05668526104961887,9.625844977797522,0.5102216112333082,9.524867502190311,0.5194309266892093,18.51493779753218,0.04414229730012723,18.588596577615032,0.00939984727401504,18.54526658328308,0.034131633937367685,18.588596577615032,0.00939984727401504
E2_poor_channel,32,25,13.926129919627702,0.0,13.919118941641905,0.0019821542039387937,13.07334060452116,0.09659359869996612,13.49681111960262,0.06805498964374104,13.101111845767502,0.09318207909220544,13.82039168710097,0.003908030434765341,12.62745307788717,0.07255481655777327,7.312508492099843,0.500139430932922,7.338852902154802,0.49611916966533015,13.747286650328519,0.01723683802576991,13.794361565376496,0.025517611692651942,13.409293596710931,0.07961792582338766,13.81887562827783,0.02390803043476534
E2_poor_channel,33,25,15.829667391658012,0.0,15.80777320863479,0.009476704479231927,14.527041230836709,0.12170633859463892,15.670377697303456,0.04499157632793425,15.229694379424023,0.09765154958584941,15.796406425836796,0.002115721458495716,14.1701589760685,0.08375554364079935,8.396127127283842,0.4992880671030514,8.8878171940657,0.4741128959984064,15.792811495591774,0.009532547057139485,15.762985561458638,0.02041548254223347,15.75498987908404,0.03766836187987835,15.745625315728036,0.04584459888044072
E2_poor_channel,34,25,12.064772349874074,0.0,12.044887504372337,0.004981956252778674,11.161946378673331,0.160325806924477,11.553720806077209,0.14525170052589575,11.376382084561914,0.0981228171084956,11.813285722296175,0.04698771358227379,10.724857089254314,0.09921500050993715,6.676657600122138,0.5265951123255874,6.4261964401449925,0.5240820150647816,11.570096170126316,0.07245043495704342,11.58650540209464,0.05259476588073715,11.579237754495244,0.05290270677225117,11.596775861069439,0.03260472306277311
E2_poor_channel,35,25,17.293981027410705,0.0,17.289488335051587,0.0003528265873797535,15.842718242818934,0.18156292775958288,17.270097164684817,0.0008861696439167445,15.712722511121255,0.1788878760031003,17.212982674994063,0.004689226876175332,16.31169905024287,0.05555910477993678,8.460958992299325,0.5502090306329335,8.375778074165577,0.5583599415362872,17.076666636452714,0.02787858107620384,17.200832524586495,0.005622963947457416,17.15038846802734,0.01363004765809326,17.076666636452714,0.02787858107620384
E2_poor_channel,36,25,20.854939895009966,0.0,20.840539552360365,0.007615291544973305,18.935875124895873,0.10721610899187309,20.762420739748208,0.03910705816418335,19.52946753983473,0.10944418856614418,20.763195858965176,0.002825879025861358,19.39851491922112,0.05238531081777479,10.894426598368902,0.5253698844871995,10.835317741392947,0.536515135822131,20.76246918469927,0.036839484468038225,20.756146727344067,0.029248042093987157,20.732952337677524,0.052564615100001155,20.742581358563513,0.05714905757264238
E2_poor_channel,37,25,13.094049089122404,0.0,13.079745284365831,0.007805195018299094,11.28032330108771,0.2085824350158408,13.027991557345313,0.07061867139353435,11.951155691533684,0.17510634215500487,13.005484882977864,0.045425672106747736,11.830098779474921,0.08252669598384013,7.578122835531975,0.44445300739689514,7.314551743492163,0.47296893228482545,12.846345484764964,0.04599748531186823,13.003364423352584,0.037703805743604595,12.86822449503525,0.10079076487472052,12.994157314291895,0.03786914436865254
E2_poor_channel,38,25,18.149787040533326,0.0,18.12443496002528,0.006536729793506113,16.714179801178147,0.10242704903792331,18.076776653984332,0.0023097308001457056,17.46076399465536,0.07148270751242501,18.076776653984332,0.0023097308001457056,17.273746170968003,0.03715791994813227,8.354697496345954,0.5484632223893112,7.926652349533092,0.5535596248198472,18.041405867133022,0.030955564133479038,18.076776653984332,0.0023097308001457056,18.029329021632336,0.007193227820079188,18.076776653984332,0.0023097308001457056
E2_poor_channel,39,25,28.49354916381201,0.0,28.47942222391008,0.0006899746326294601,27.620848845818486,0.10344280136314957,28.442728281362438,0.03149928088223506,27.03222287744688,0.12450393001576616,28.443409397978453,0.0020255966717087404,25.53886817846241,0.06222048626920701,15.771432212003235,0.4649278796261045,15.482261210229872,0.474296099556511,28.43986542663699,0.03575993251130774,28.436022089453466,0.032566036541823495,28.436162419438737,0.052451661834616005,28.31816644438589,0.0424467342065131
E2_poor_channel,40,25,17.979788539440932,0.0,17.9590294195304,0.0024558132933540544,16.15955709515945,0.19517069248048508,17.75488082546947,0.008896349384892968,16.74914145530986,0.13935758168851045,17.73524020010249,0.010055185892048932,16.365796573758516,0.09337615331721484,9.903098803047783,0.45455726350192344,9.887443883852873,0.450606658311857,17.655220286372057,0.012824010808947225,17.791690909327958,0.006724480199994526,17.62153940858575,0.023165967726290464,17.655875282948493,0.012785364689964005
E2_poor_channel,41,25,23.283959525507044,0.0,23.235979476880857,0.00485746162950271,21.474345339906726,0.1561661675630262,23.208610796440315,0.007111480100113703,21.943247059480168,0.13175839164664624,23.214799032512733,0.003785624506056347,21.19826094194288,0.07189606506816164,12.016167960371984,0.47879133422524256,11.618521495605115,0.4928252901424463,23.221135148797867,0.0032268109883613933,23.221135148797867,0.0032268109883613933,23.210113718723225,0.006645319806703436,23.221135148797867,0.0032268109883613933
E2_poor_channel,42,25,20.92861722970917,0.0,20.89676957341507,0.003499015244999106,19.1074695763475,0.10678984700914947,20.543103266848192,0.04938444629061407,19.321182821319095,0.09834575113044602,20.598077456213378,0.019526442912883104,19.127050409496608,0.07304150667413292,11.332169526822009,0.4586120458830191,11.295026478672309,0.44940214098339665,20.598077456213378,0.019526442912883104,20.597057390323943,0.024543165320909856,20.609533088078596,0.038792161729912976,20.597397412287087,0.022870924518234272
E2_poor_channel,43,25,15.331004376548936,0.0,15.304278914750146,0.0010129333149483573,14.298588087034984,0.0803291967199841,15.004752487847018,0.01634722000172713,14.267542998332788,0.07108643906701191,15.037312757829111,0.011466116953212062,13.939131424325758,0.07771430283986348,8.459134034467803,0.49793513786643556,8.165845961293629,0.5157427217289904,15.1270278231786,0.014830072882054074,15.283640749715953,0.003322666524914243,15.005577712153011,0.029989393728013274,15.20534155147518,0.00591118939056611
E2_poor_channel,44,25,16.47020986962723,0.0,16.455280426944686,0.0006235447880169787,14.741173373349206,0.14549712954437968,16.395344324807528,0.0027738561992827503,15.510018867094418,0.10862148568534469,16.395344324807528,0.0027738561992827503,14.769337036309821,0.07787406801535315,9.534150058818602,0.4573946528442982,9.749650479327538,0.4324808437787194,16.12975565178944,0.014969565134130567,16.242745299284973,0.0083942885847876,16.13265706535349,0.012448989937779412,16.395344324807528,0.0027738561992827503
E2_poor_channel,45,25,20.871815196799886,0.0,20.871815196799886,0.0,19.855597319770546,0.0619736918222118,20.852074278064766,0.026262222582585027,19.632174441390877,0.09520251668119774,20.804939453438088,0.003950097604146829,18.895816082057312,0.06750782550030263,9.976819515012558,0.5423980807990586,10.285525012816965,0.5410421941505489,20.804939453438088,0.003950097604146829,20.804939453438088,0.003950097604146829,20.707883718909592,0.03572055445831475,20.804939453438088,0.003950097604146829
E2_poor_channel,46,25,21.172733146180132,0.0,21.172733146180132,0.0,19.340736468174466,0.14479097156744974,21.08366281351237,0.0019234837992222248,20.404268705775294,0.09062389444899625,21.052335884565483,0.00545327157971687,18.78625292355546,0.07455383491992826,10.838009181675332,0.5186759360990535,11.49610125166632,0.5018559395081726,21.034667036809743,0.017984599900518868,21.052335884565483,0.00545327157971687,21.01895832319699,0.00921411607427192,21.08366281351237,0.0019234837992222248
E2_poor_channel,47,25,21.107492181686208,0.0,21.096097149743567,0.0016044905986319345,18.855700389740885,0.16616776948590992,20.94007422664223,0.07429853611640572,19.845973737221563,0.16286424943740635,20.95340524703336,0.01705494637281598,18.977892726726832,0.08683450226175299,10.728454867026512,0.5048745194485429,10.715763384979514,0.5124486325563639,21.044326257880517,0.011667751691267414,20.93771126881891,0.0447365703044399,20.831911317076365,0.05728259439532071,20.890778789532046,0.06058678682296648
E2_poor_channel,48,25,16.695400950026368,0.0,16.6820224162923,0.0005480851702060438,15.05134924765158,0.12556417489741012,16.648252007175824,0.07259151475723112,15.601291256838454,0.1294087452045151,16.6616782054338,0.03284993307053199,15.030216803849571,0.08667432543690926,8.503505101376279,0.517759245729174,8.324029207241551,0.5228069227813298,16.553235087425698,0.04620625730800486,16.64111093425307,0.029370455393892325,16.616826285613996,0.056009483659714185,16.661586412712808,0.017250339574597023
E2_poor_channel,49,25,11.803900509228505,0.0,11.80137033776995,0.0012380157632128912,10.805649887505322,0.09699339440743432,11.59297611778964,0.0893604261521525,11.144654723441633,0.10590607303704568,11.711395359180692,0.0024269012203148852,10.799006653291793,0.06816250844127753,5.811697695264911,0.5622940037493075,6.003281729146513,0.5731945458669488,11.702777847055,0.016712615506029177,11.700659749764126,0.049679648473062145,11.688439514005884,0.06011920891262258,11.700306733548983,0.05517415396756764
E3_heterogeneous,0,25,34.93478202646844,0.0,34.88369317944085,0.0009348237890592447,32.59564568601231,0.13466796153628097,34.862177408065115,0.0020970146520147464,32.66886039025971,0.12916422219093188,34.79151482537318,0.003938062985534023,30.867398140914624,0.08496146059928955,20.402367259625958,0.42630409523291446,20.064571460899124,0.4538967078957392,34.79151482537318,0.003938062985534023,34.79151482537318,0.003938062985534023,34.79151482537318,0.003938062985534023,34.79151482537318,0.003938062985534023
E3_heterogeneous,1,25,37.43769474605074,0.0,37.346147393595686,0.0010250304660592959,34.86103205422773,0.1262182871817693,37.08562403758504,0.011372094266881651,34.65113384054331,0.10748487377548947,37.08538947602252,0.035719920353838176,33.23179788608846,0.10246152016634272,24.275252078633983,0.3772347004753542,24.71828417442433,0.3717057428420741,37.08564079198236,0.009632963832099046,37.08564079198236,0.009632963832099046,37.0855235112011,0.02180687687557731,37.08538947602252,0.035719920353838176
E3_heterogeneous,2,25,31.599481397730152,0.0,31.579736925421926,0.007632807013765985,29.020299580790752,0.12371192265020152,31.439383260002938,0.00451772812103326,29.306480138769434,0.11541460336438673,31.416821716550484,0.028659288670488697,28.80177113480422,0.07508103349797329,17.805559825989903,0.42772936750017626,18.166436401688554,0.4150640591167595,31.324304322111587,0.02558973738822406,31.417640777786787,0.004955584966785,31.403402277585243,0.009023569540927704,31.386254647750672,0.01568292880767672
E3_heterogeneous,3,25,36.52843284233322,0.0,36.5210619005413,0.0004459178858996186,32.51942496091646,0.16310166619311295,36.14941337078852,0.014473048352405518,33.08239588119925,0.15331567523773645,36.19663057526756,0.01094279419063257,33.02593646200649,0.09444353208702438,22.28655630784181,0.40669748815603485,23.38605164872354,0.383513732683811,36.09173531433672,0.015495737203428795,35.92320310069161,0.0177813877489548,35.92320310069161,0.0177813877489548,35.92320310069161,0.0177813877489548
E3_heterogeneous,4,25,34.451478452997264,0.0,34.277046571896065,0.009601316669454513,29.766599793132933,0.1990407626237546,33.93372988997077,0.01564190896707484,32.36189474476249,0.1195249595935259,33.966125362372594,0.014645952602547222,31.898539133809603,0.05889395988237329,21.190154237017392,0.404485689308123,21.950269618784414,0.386127180598602,34.006675506854734,0.01232804711321601,33.97895426729372,0.014590262586771341,33.984187199030345,0.013477006675167505,34.05719583124554,0.011058616747149773
E3_heterogeneous,5,25,29.867369188208396,0.0,29.838805638238636,0.0004831675836604519,26.56558277451912,0.18807541482537865,29.59329015561809,0.007954433647489451,25.882340875779477,0.18925571527104307,29.404242324471042,0.009330771977093411,26.912662726923955,0.09009625022924908,18.87961808186589,0.41931853819165227,19.172765033264497,0.4034469413172392,28.609660286339267,0.029667815569257287,28.708664382801743,0.019217469945866376,28.331928702785653,0.04228195012096125,29.404242324471042,0.009330771977093411
E3_heterogeneous,6,25,18.088578920586052,0.0,18.066822506312704,0.002122545591325207,15.67457461220853,0.2147209686915549,17.974407297654963,0.0066765328819558415,15.559487213844541,0.2076176481514805,17.974407297654963,0.0066765328819558415,17.051513012949467,0.06269636991909526,10.3936633388423,0.40262623536526276,10.280411370413477,0.41889554339883156,17.778337977871647,0.014659828511883887,17.74651188142958,0.017611157437925594,17.347625648330414,0.054933326737822766,17.73666178924567,0.04406043280024443
E3_heterogeneous,7,25,37.2512320463097,0.0,37.13322295501527,0.007372025503757874,33.80998627734227,0.15077810240602652,36.57178226578347,0.02933123724661893,33.45375062037362,0.1548552776052917,36.15807193300143,0.03475231885746906,33.83919465277463,0.08833336324872576,25.68537324782621,0.35624247118106295,26.17069429715204,0.35324738126034416,36.1297175668348,0.035345800857440095,35.980702662908904,0.038242709858441144,35.83023959163704,0.02477458206016699,36.133178000356864,0.03524219829620199
E3_heterogeneous,8,25,27.894714449544427,0.0,27.87119359990676,0.0026716914664077027,25.72347092340077,0.13852387404833952,27.73272351436287,0.026738678835953267,26.12455848064576,0.1185755131849854,27.73402689503394,0.0029291550264294586,24.909702175755832,0.10286893376278415,15.907666077691307,0.44335992715630534,15.076015955822545,0.4682407628590199,27.61110733035818,0.011666042305133217,27.73402689503394,0.0029291550264294586,27.610944407774294,0.01464223278132369,27.73402689503394,0.0029291550264294586
E3_heterogeneous,9,25,37.952356149463995,0.0,37.92813537921673,0.0004752151085101319,35.089587879155,0.14635526378038813,37.72530301537566,0.006668109480852524,34.09997169288174,0.15058763131790526,37.71847524948568,0.010501590915461252,33.933908673847114,0.08313964333544607,23.075908554920158,0.4169440689312602,23.375709119403854,0.4075517932034891,37.71847524948568,0.010501590915461252,37.716910367716345,0.010536175352037646,37.716910367716345,0.010536175352037646,37.716910367716345,0.010536175352037646
E3_heterogeneous,10,25,40.245037388276124,0.0,40.24353176212472,0.00028221269324598585,38.39508460060552,0.07538607360494003,39.57191884399462,0.012378830942259897,36.74991661789143,0.09043855318294503,39.57191884399462,0.012378830942259897,35.51814545488225,0.09709051987185784,24.765062404123103,0.39753175250332656,25.086124423096486,0.3960562994801762,39.57191884399462,0.012378830942259897,39.366738090452564,0.017195181326216714,39.57191884399462,0.012378830942259897,39.57191884399462,0.012378830942259897
E3_heterogeneous,11,25,31.22550903606505,0.0,31.22550903606505,0.0,28.31239966394972,0.14382348241547077,31.19733017974845,0.0008818031348644498,28.805855027078824,0.1249728372295725,31.177314966884722,0.01009205524672363,27.893590186720317,0.08046113482043364,18.371338791038067,0.40918191250723934,18.29853752866968,0.41394341262585416,31.19733017974845,0.0008818031348644498,31.19733017974845,0.0008818031348644498,31.177314966884722,0.01009205524672363,31.177314966884722,0.01009205524672363
E3_heterogeneous,12,25,30.597501166767223,0.0,30.511087654875038,0.00324333517697711,25.967013243003915,0.23186544157070169,28.88996209118823,0.08074559303443703,25.86880220842957,0.19825339292626856,29.016348563705222,0.05659908876937006,27.561921582770744,0.11271133255267701,20.018998541399537,0.37568075159585307,19.793082232843354,0.3730462794086136,28.921672842598106,0.05856831204811511,28.900409591378903,0.057080405203697206,28.891336120298234,0.07248057659255529,28.933845791031548,0.06713021893799893
E3_heterogeneous,13,25,29.830386239002895,0.0,29.82441337212148,0.00015969878986095147,27.07912916522587,0.13192223087305088,29.13397999867019,0.039746340797630196,27.286942456284304,0.12550247420458088,29.26237535823946,0.022490716686524147,26.575470792501346,0.08856592959339639,18.170328148488398,0.43185449698853134,18.094998849149597,0.44510505965828856,29.228922085851554,0.025905486395248686,29.1663719789078,0.036394030427645746,29.1663719789078,0.036394030427645746,29.132918706519895,0.03980880013637029
E3_heterogeneous,14,25,49.175358236245174,0.0,49.069050339469015,0.008021271305874697,46.812141067797135,0.12345221539322578,47.598047047535346,0.024509043630311488,45.806302500117226,0.13272912820173294,47.543601969146046,0.0250868624990135,43.77962648785089,0.12932996152457066,31.800579962272373,0.41079492254903904,31.72060328269447,0.41554852005050313,46.92422236591613,0.03492907023363487,47.10582940168094,0.029677541788029577,46.32700232906557,0.04422189598971155,47.466445615831034,0.02482180660421715
E3_heterogeneous,15,25,26.16747860386413,0.0,26.162541704611698,0.00011816953562120922,22.340931755363403,0.17206661411853438,25.84916326783374,0.034527183762248635,23.053550847169596,0.12983936300030272,25.86189102780713,0.0065768732032424225,23.51796884795258,0.10719087582176541,16.872608132695596,0.3954548467469947,16.65006909086104,0.4080070497909842,25.88236619009316,0.006053755007973218,25.84916326783374,0.034527183762248635,25.86118393003083,0.008129668234298325,25.86189102780713,0.0065768732032424225
E3_heterogeneous,16,25,34.47280014782115,0.0,34.44955140654,0.00037411322545151436,32.82712766315044,0.09940069886352808,33.748730208513905,0.03167401288248068,31.3169148618675,0.13433708797014815,33.889653313441606,0.014738270428734372,31.48283480773809,0.08944472493550841,21.14201500852381,0.4234994765780926,21.57184563346124,0.40371248813367994,33.8513912126539,0.016035302630873893,33.889653313441606,0.014738270428734372,33.8513912126539,0.016035302630873893,33.889653313441606,0.014738270428734372
E3_heterogeneous,17,25,41.58047577752502,0.0,41.53374854872738,0.0007600864701187224,37.38895057669406,0.11572997187224006,41.23010841094323,0.009598157055111868,39.09567185529013,0.06366128204260185,41.23010841094323,0.009598157055111868,36.44616837000318,0.11315270166888197,25.807377717509585,0.39399058749199384,25.776034272746465,0.3797905353882636,41.16235853013065,0.022818909303377762,40.783464965131444,0.018258449930436245,41.190268246925854,0.011388983845174975,41.23010841094323,0.009598157055111868
E3_heterogeneous,18,25,33.57497748362161,0.0,33.477737354278794,0.009983998770425764,30.148411257507675,0.1440930792168457,32.867904960255075,0.011150588565286142,30.713214089702415,0.10116294498750296,33.17212544877188,0.007547208626797398,30.719135808600072,0.07727913535964302,20.558211324617456,0.4504062309403222,20.227607293635074,0.45477471135025666,33.06673321206031,0.02073633560235137,33.07760268855199,0.016462831328847093,32.773382200035186,0.020066211267335838,33.17212544877188,0.007547208626797398
E3_heterogeneous,19,25,40.74490742315359,0.0,40.717552060374835,0.005174044743728346,37.44566904597503,0.12755764697007024,39.14760122332611,0.025791679325427377,34.888902189991015,0.15927574147353635,39.32576091828458,0.022768915947933246,36.46777220473401,0.08858440656646636,26.827736722554892,0.3769536842257901,27.86375663965936,0.35465283167082967,39.14760122332611,0.025791679325427377,39.14760122332611,0.025791679325427377,38.01504879979219,0.04427098686223473,39.1954286693938,0.02540710097699286
E3_heterogeneous,20,25,35.418360992452264,0.0,35.385927954733944,0.001143516866255509,32.42780228871754,0.1617136914254594,35.29034462525232,0.00669381971481856,32.58643237383724,0.13964588276638426,35.14541481557701,0.010585813385932563,31.27891225212545,0.11087018971652336,23.44093730210404,0.3826393125147614,23.66324913265069,0.3799650010904227,35.14541481557701,0.010585813385932563,35.29034462525232,0.00669381971481856,35.14541481557701,0.010585813385932563,35.17287835881227,0.007217388952629408
E3_heterogeneous,21,25,28.95507741872877,0.0,28.803807000763317,0.006069516490645108,24.915933351428947,0.17220816009933493,27.873465696609617,0.034271664078778345,25.045583276399032,0.17067809353567254,27.585987231164662,0.030493763609190098,25.78687390696312,0.09572975096539871,18.351049440619978,0.4315565091334397,18.074278185577153,0.44230477367744103,27.783440405011632,0.03576543956954661,28.40995162400439,0.024917962294027537,27.558162328836296,0.0349913219989607,28.348087264868198,0.026916210369312243
E3_heterogeneous,22,25,30.2820217457472,0.0,30.245184791093298,0.0018604280877516012,26.76449657924878,0.19165522822010497,29.89709527246844,0.016307128346083794,27.814924319125943,0.15332902304129362,29.868344162486125,0.016001413746495975,27.548063886361952,0.07543529083241993,20.48354788888486,0.36281583149696406,20.123662828220304,0.37142965889904245,29.77754617255281,0.011733808765109427,29.885989927876025,0.010393315952681103,29.22301339489556,0.029792944304932015,29.964259169831738,0.008653947207943076
E3_heterogeneous,23,25,33.25089102209532,0.0,33.14587718217532,0.0022039645419290863,29.496229556823117,0.17843306692990332,32.037661550587366,0.0220669073994466,30.595207168690568,0.12938740663908543,33.00678207153241,0.006003597597192486,30.004468354791843,0.07802296409605486,21.623733930123873,0.4007439754679219,21.685006180012284,0.3976806089280827,33.00678207153241,0.006003597597192486,32.42043427600493,0.013882588799696793,32.61964639838981,0.010580156037434833,32.61964639838981,0.010580156037434833
E3_heterogeneous,24,25,26.77448237259032,0.0,26.70960361625717,0.0020397998820679045,24.581104821349523,0.12472642145188954,26.55027865830523,0.008374627898572785,24.40226582679673,0.12358539268497865,26.58618505588213,0.006935802475818246,24.253167071899178,0.07650682381395288,16.235861769286394,0.3966722978315038,16.435585322279156,0.3991446548466156,26.55027865830523,0.008374627898572785,26.58618505588213,0.006935802475818246,26.453861225524133,0.0235478371718832,26.58618505588213,0.006935802475818246
E3_heterogeneous,25,25,29.340139858150742,0.0,29.27920273292122,0.0012421069756236615,26.17031171475872,0.19462059015063063,28.947003210603853,0.015338801132116707,26.630868511338416,0.16458487640550348,28.947003210603853,0.015338801132116707,26.444059238426185,0.07969750112817604,17.219748904678823,0.41109279244364055,17.284278419956692,0.4124133607519802,28.89283567607499,0.04033880113211671,28.947003210603853,0.015338801132116707,29.04379617535684,0.011168074997017054,29.04379617535684,0.011168074997017054
E3_heterogeneous,26,25,34.00951880641798,0.0,33.84695378156696,0.0029259879526341934,31.14494295978909,0.14065332658918087,33.566589767026514,0.009857405178014313,31.461741848912695,0.09095207119484199,33.55702973692226,0.010992991665467291,30.49939843907039,0.07730970764595536,20.87040356202887,0.4238539754668541,21.211549275992887,0.41610910969283565,33.566589767026514,0.009857405178014313,33.566589767026514,0.009857405178014313,33.566589767026514,0.009857405178014313,33.566589767026514,0.009857405178014313
E3_heterogeneous,27,25,33.101293434037004,0.0,33.056461166255964,0.0009409853708365417,29.545793017038367,0.15601322077450278,31.772688522614217,0.021813704359188436,29.152469233423517,0.15543052276268668,31.90527414214135,0.020133335572712,29.750787364575828,0.08746613869072686,20.799265641947077,0.392560045179209,20.669044397272682,0.39282605061715586,32.36088701133021,0.016338596795736522,32.36088701133021,0.016338596795736522,31.63786908900871,0.02988201368579835,31.841504174865822,0.022041253199580474
E3_heterogeneous,28,25,35.36160349493471,0.0,35.17761511556224,0.003518508939828223,30.84761202214812,0.1883754091793434,34.632734439512134,0.022627215480828123,32.12382197125584,0.14825372510434717,34.653785723487864,0.023281112635061444,31.650973405780416,0.0947119432677364,22.487291556495837,0.39480427347733765,23.212125362477526,0.3802629715785749,34.61958810490571,0.024105286574153544,34.63963640584633,0.021317148598190158,34.66621962545239,0.02554450825820699,34.5680798788977,0.02562504471341526
E3_heterogeneous,29,25,33.53375740332981,0.0,33.51011455085449,0.0006647170322024898,31.846270775125117,0.1205761208504372,33.09315663125467,0.01873871206969611,31.86554117903399,0.1141631576075941,33.09315663125467,0.01873871206969611,30.372135951957873,0.07520756450391688,20.216844174255485,0.42116529981889966,20.21150828226241,0.43488642093202395,33.057125291683754,0.0199274963498993,33.08248077357611,0.043923897254881286,32.81863333562886,0.030894674984780934,33.074690042192294,0.06762760095858499
E3_heterogeneous,30,25,35.035323543820766,0.0,34.884316772873234,0.0029318651743763225,30.199463800358156,0.22043279118485004,33.86919341756183,0.03361230283342714,30.145909793186046,0.21308924355132178,33.96367947718887,0.03074945096246142,31.983142098846816,0.08620037998733072,24.387430483279466,0.3444536601432597,24.431654041157387,0.3457280272775054,33.96367947718887,0.03074945096246142,33.96367947718887,0.03074945096246142,33.85195775780492,0.03256566013921129,33.75747169817789,0.03542851201017702
E3_heterogeneous,31,25,36.45628584181753,0.0,36.44811163753776,0.0002733537666877122,33.025972930018,0.1422660854746303,35.86579522777003,0.04054903547554032,33.93229790285099,0.11758436743981047,35.867738945100584,0.012313741357893267,32.63343787235245,0.08360537957348409,22.371468994629584,0.4206841349368416,22.565747172474513,0.42389083461395016,35.86684807465741,0.025254917828481504,36.20744068858824,0.030677311188429212,36.20711673569982,0.035383193541370386,36.20711673569982,0.035383193541370386
E3_heterogeneous,32,25,31.589736338473486,0.0,31.553463074172974,0.0012786926221134793,28.41292725211148,0.13693672242448066,31.255865751271195,0.007666651427523242,28.60434383513677,0.1238161666689807,31.243240876055857,0.008194975305245225,28.069308585257453,0.10128582764607615,20.660476297646756,0.37488512187968615,20.702351652927643,0.37487970485098054,31.196850539575593,0.0121091953094905,31.19825495425969,0.012446254685661818,31.151864617779427,0.016360474689907093,31.207512378515972,0.012236163140527724
E3_heterogeneous,33,25,33.24130547451802,0.0,33.155512077181946,0.002198501744564024,30.06053182678643,0.13353332446234803,32.27546392873474,0.0259583990042767,30.980287455081402,0.10083180355638766,32.65688788681496,0.016928994359512818,29.6979894347966,0.082269610676663,21.32430185580513,0.39025098130105823,22.23418005920441,0.36644498872434167,32.004073756595886,0.05561276408929173,32.5983127826091,0.019113668439008646,32.51118039773805,0.021491677227996487,32.3340390329406,0.02377372492478087
E3_heterogeneous,34,25,28.53757755210693,0.0,28.504288903042944,0.00213807834579203,26.625489033998882,0.11045928766592183,28.274125965308993,0.0380212623169967,26.51560270574713,0.12123450877843356,28.1894162047576,0.006023156989695411,25.66351040200997,0.08660640794569253,17.841616775245065,0.4256125992200798,17.451989100237014,0.43125393569968806,28.097516761535562,0.027354313948172785,28.413313016959382,0.027144532414390802,28.16051723521386,0.059474430769509555,28.411326277692183,0.03309691336677175
E3_heterogeneous,35,25,32.26723916019051,0.0,32.22499359544181,0.0030863169751455866,29.20505829077314,0.12301653373067488,31.537313120119634,0.04357026547156031,29.05227117013085,0.1519351152051195,31.186486448310898,0.04386738267510688,29.75121474103506,0.07467734309283894,18.222528538984783,0.4525182607244802,18.366909157151913,0.45747346639219816,31.292050193386327,0.0445803795256181,31.362258316286642,0.05190346841187374,31.20085977057166,0.05069192154577032,31.1809175726077,0.07862928743701163
E3_heterogeneous,36,25,39.66199636901652,0.0,39.65217860100817,0.00023902391010212134,36.30432839495906,0.1358771301960523,39.34610867091795,0.009531602414596567,36.32415580224333,0.09694989254891541,39.068231516771235,0.011203546126890432,36.44772135766655,0.10670772860807691,23.806058832522,0.4393424903582926,24.103390712523947,0.41786220794035916,39.36422293038914,0.009003903884971617,39.389727579727406,0.006674366461922787,39.389727579727406,0.006674366461922787,39.04917702939091,0.012587339734685789
E3_heterogeneous,37,25,30.513132428730632,0.0,30.49189584888646,0.0004136784936374715,27.07356962825897,0.16071386893927891,29.81520106900656,0.021051405480626225,27.03627768707452,0.175594070139949,29.965328676755135,0.010068510322421733,27.525636248342316,0.08260332711505938,19.15847614539054,0.4206843895871131,18.663962880260982,0.4390746626386568,29.926984797930103,0.013325544681200771,29.963640503193787,0.010114581459121674,29.823384759194795,0.013942233841960925,29.823384759194795,0.013942233841960925
E3_heterogeneous,38,25,37.79684894772801,0.0,37.74422988790149,0.001856155221902127,35.307006567181894,0.10514621422632892,37.51665820980063,0.005996702699534353,35.30058494798526,0.0922633804245005,37.51665820980063,0.005996702699534353,34.03767200154564,0.11388038586597535,20.743504841746088,0.4561055016888439,20.2290467742684,0.4573606582713913,37.51665820980063,0.005996702699534353,37.51665820980063,0.005996702699534353,37.312822499648206,0.02258487513303313,37.51665820980063,0.005996702699534353
E3_heterogeneous,39,25,46.9023240672762,0.0,46.76356905142424,0.0031129227601717864,45.42574740376657,0.08943533550743515,46.29039131280463,0.018163003846495683,43.252161406607165,0.13295218244555929,46.29039131280463,0.018163003846495683,41.09830168272401,0.12803711604484452,28.984969865337224,0.4004131896358976,28.648202447517313,0.4006066737631353,46.41509299749757,0.008219050417448097,46.29039131280463,0.018163003846495683,46.28990880996393,0.02102855026784649,45.822098863227886,0.02688858190475994
E3_heterogeneous,40,25,35.277461791650104,0.0,35.25377564032113,0.004867461615352017,30.98847186905032,0.18904687047249427,34.53703616380275,0.02341679973040102,32.12209727707348,0.1703715156400436,34.82000276559032,0.013094084623268727,32.30528849861983,0.0806366666930631,23.368302430862073,0.345149632380903,23.183132464396078,0.3488208888024451,34.82000276559032,0.013094084623268727,34.64298605493609,0.03711410048946972,34.82000276559032,0.013094084623268727,34.64558559886414,0.019722796141643625
E3_heterogeneous,41,25,43.54843459124502,0.0,43.51684782248472,0.0007071442737785691,40.201875549898475,0.13429120459055743,42.82024341710131,0.016891926196611447,39.94143891703086,0.13244102900600926,42.82024341710131,0.016891926196611447,39.59722777330822,0.08286987028743412,26.7720528479858,0.3904378674815714,26.45213020390869,0.38828928340073,42.808790888063115,0.01742627823524778,42.93740832254445,0.014954838181776316,42.82024341710131,0.016891926196611447,42.82024341710131,0.016891926196611447
E3_heterogeneous,42,25,40.71593977425208,0.0,40.707927137787195,0.0003148407335456421,37.369381954537,0.1263847456365309,39.49612023628012,0.030149752976714694,36.98882978749258,0.13053863935704316,39.970545220997444,0.02897382690226405,35.92740771795594,0.0947019025428501,24.940261802722283,0.3892262406260607,25.078310203162914,0.386361546741915,40.04699603434869,0.011319369650481243,40.179093313789096,0.018189861398428212,40.179093313789096,0.018189861398428212,40.179093313789096,0.018189861398428212
E3_heterogeneous,43,25,36.93542847310575,0.0,36.93542847310575,0.0,33.918232443371366,0.10168343998007952,36.63961796482997,0.009023365464638599,34.50993014994649,0.08853170401990469,36.71005635372047,0.0045863189108850235,33.020094922257,0.09743892846628156,22.306139409283254,0.442841372064772,21.960918870395858,0.45818057261648165,36.71005635372047,0.0045863189108850235,36.71005635372047,0.0045863189108850235,36.53150593145695,0.007151229994380737,36.53042730046608,0.007266217305998474
E3_heterogeneous,44,25,35.81930621931811,0.0,35.757943849487724,0.010761466542638098,34.262921448068525,0.13760384102208148,35.59092878679713,0.06929080229787003,32.69579413408819,0.1547884643322646,35.31898609392357,0.018004592000511143,31.577422160303243,0.08879010975901776,23.32743422337074,0.37681791935325754,23.53284445499596,0.37078119589963454,35.613296850894436,0.06616489319563565,35.59694655562286,0.01832955581090726,35.41193910239178,0.05597555937916499,35.6121373352898,0.03373615004260879
E3_heterogeneous,45,25,40.122462869502606,0.0,40.10295051398599,0.0004936639817257484,38.194493126131896,0.08594927082989982,39.966136491702784,0.004127547704851696,36.580456014985515,0.10360891357176245,39.87746242549954,0.01117340967118201,35.1520507584433,0.137564363822096,21.940523096797442,0.49773227121854413,21.856754513002723,0.504846034975851,39.87746242549954,0.01117340967118201,39.87746242549954,0.01117340967118201,39.87746242549954,0.01117340967118201,39.87746242549954,0.01117340967118201
E3_heterogeneous,46,25,38.403455881706485,0.0,38.27254181871604,0.006772023937153184,36.74543781602816,0.10306307061732642,37.24737310189377,0.0721759196776637,36.58430305102082,0.09747251640319682,37.28351613979064,0.024028417156894268,33.914963426158316,0.09003109473636842,23.282399012719303,0.4061266039948287,24.141737985967133,0.4045906390926075,37.25823210280968,0.045278417156894256,37.313752655538735,0.03549052797627302,37.2482287317565,0.06701404404747133,37.30062303599031,0.04111025567250409
E3_heterogeneous,47,25,41.74301464046707,0.0,41.64713477092888,0.004910953806030454,37.45802543657801,0.15071361045117881,40.87988837567109,0.025920802680838895,37.937376497381386,0.138915256922018,40.89356553126424,0.02516197559721976,37.88660642318155,0.1079574787331991,25.922858033040434,0.39724647837573374,25.61901376914505,0.40675784766202094,41.11332144256277,0.01296962053164802,40.89356553126424,0.02516197559721976,41.11332144256277,0.01296962053164802,41.012648580330705,0.015061428678457434
E3_heterogeneous,48,25,31.752483854803312,0.0,31.72600836036772,0.0008024064066878938,28.757238659365942,0.1781806899122184,31.06952152104043,0.010333457515701906,29.700456499423282,0.10328933860849503,31.229703101473024,0.007713129202930181,28.018990686767747,0.11274990854594706,19.056932076904232,0.44864777740146794,19.11022661528809,0.4472088667508805,31.05415069816011,0.025958457515701906,31.229463656534325,0.007773621708688447,31.063677668563297,0.018272542452911072,31.06952152104043,0.010333457515701906
E3_heterogeneous,49,25,28.892214330464824,0.0,28.827296624270726,0.002106003188472992,26.347933317104278,0.15038528907237456,28.551159710672973,0.01342890360816517,26.31080522620917,0.1562582772472173,28.551159710672973,0.01342890360816517,26.328931849288974,0.086587312676974,16.71384983896893,0.4678448556577549,17.050013278951777,0.47024697524908626,28.551159710672973,0.01342890360816517,28.551159710672973,0.01342890360816517,28.551159710672973,0.01342890360816517,28.725958168278943,0.004159304049537332
